2026-09-25 22:35:46,869 INFO    log file: logs/snipe-1001-20260925-223546.log
2026-09-25 22:35:46,870 INFO    target: product=1001  vehicle_id=1  armed_bid_id=1  max=5,000,000
2026-09-25 22:35:46,946 INFO    HTTP Request: HEAD http://localhost:9000/ "HTTP/1.1 404 Not Found"
2026-09-25 22:35:46,949 INFO    clock offset: -0.943s  (rtt=8ms, samples=1)
2026-09-25 22:35:46,951 INFO    HTTP Request: HEAD http://localhost:9000/ "HTTP/1.1 404 Not Found"
2026-09-25 22:35:46,952 INFO    clock offset: -0.943s  (rtt=2ms, samples=2)
2026-09-25 22:35:46,952 INFO    [1001] starting  max=5,000,000
2026-09-25 22:35:46,956 INFO    HTTP Request: GET http://localhost:9000/product/toyota-hilux-2019/ "HTTP/1.1 200 OK"
2026-09-25 22:35:46,960 INFO    [1001] finish_time=1790365056  remaining=110s
2026-09-25 22:35:46,962 INFO    HTTP Request: GET http://localhost:9000/wp-json/wc/store/v1/products/1001 "HTTP/1.1 200 OK"
2026-09-25 22:35:46,963 INFO    [1001] initial state=Bid now
2026-09-25 22:35:46,965 INFO    HTTP Request: GET http://localhost:9000/wp-json/wc/store/v1/products/1001 "HTTP/1.1 200 OK"
2026-09-25 22:35:46,966 INFO    [1001] initial price=1,250,000
2026-09-25 22:35:46,991 INFO    HTTP Request: HEAD http://localhost:9000/ "HTTP/1.1 404 Not Found"
2026-09-25 22:35:46,992 INFO    clock offset: -0.951s  (rtt=7ms, samples=3)
2026-09-25 22:35:46,992 INFO    [1001] === endgame begins ===
2026-09-25 22:35:46,998 INFO    HTTP Request: GET http://localhost:9000/wp-json/wc/store/v1/products/1001 "HTTP/1.1 200 OK"
2026-09-25 22:35:47,008 INFO    HTTP Request: GET http://localhost:9000/wp-json/wc/store/v1/products/1001 "HTTP/1.1 200 OK"
2026-09-25 22:35:47,008 INFO    [1001] price 1,250,000 (my_last=—, bids=0, rem=110.0s)
2026-09-25 22:35:47,012 INFO    HTTP Request: POST http://localhost:9000/wp-admin/admin-ajax "HTTP/1.1 200 OK"
2026-09-25 22:35:47,021 INFO    [1001] fire 1,255,000 (contest) → success=True (0.006s)
2026-09-25 22:35:47,022 INFO    [1001] summary: mode=contest tail=300ms rem=110.0s reads=2 p50=8ms p95=8ms writes=1 p50=6ms p95=6ms prop=0 p50=0ms p95=0ms bids=1 last=1,255,000 current=1,250,000
2026-09-25 22:35:47,076 INFO    HTTP Request: GET http://localhost:9000/wp-json/wc/store/v1/products/1001 "HTTP/1.1 200 OK"
2026-09-25 22:35:47,084 INFO    HTTP Request: GET http://localhost:9000/wp-json/wc/store/v1/products/1001 "HTTP/1.1 200 OK"
2026-09-25 22:35:47,087 INFO    [1001] propagation 0.051s (bid=1,255,000 now_visible)
2026-09-25 22:35:47,088 INFO    [1001] price 1,255,000 (my_last=1,255,000, bids=1, rem=109.9s)
2026-09-25 22:35:47,149 INFO    HTTP Request: GET http://localhost:9000/wp-json/wc/store/v1/products/1001 "HTTP/1.1 200 OK"
2026-09-25 22:35:47,156 INFO    HTTP Request: GET http://localhost:9000/wp-json/wc/store/v1/products/1001 "HTTP/1.1 200 OK"
2026-09-25 22:35:47,214 INFO    HTTP Request: GET http://localhost:9000/wp-json/wc/store/v1/products/1001 "HTTP/1.1 200 OK"
2026-09-25 22:35:47,221 INFO    HTTP Request: GET http://localhost:9000/wp-json/wc/store/v1/products/1001 "HTTP/1.1 200 OK"
2026-09-25 22:35:47,280 INFO    HTTP Request: GET http://localhost:9000/wp-json/wc/store/v1/products/1001 "HTTP/1.1 200 OK"
2026-09-25 22:35:47,292 INFO    HTTP Request: GET http://localhost:9000/wp-json/wc/store/v1/products/1001 "HTTP/1.1 200 OK"
2026-09-25 22:35:47,351 INFO    HTTP Request: GET http://localhost:9000/wp-json/wc/store/v1/products/1001 "HTTP/1.1 200 OK"
2026-09-25 22:35:47,354 INFO    HTTP Request: GET http://localhost:9000/wp-json/wc/store/v1/products/1001 "HTTP/1.1 200 OK"
2026-09-25 22:35:47,408 INFO    HTTP Request: GET http://localhost:9000/wp-json/wc/store/v1/products/1001 "HTTP/1.1 200 OK"
2026-09-25 22:35:47,411 INFO    HTTP Request: GET http://localhost:9000/wp-json/wc/store/v1/products/1001 "HTTP/1.1 200 OK"
2026-09-25 22:35:47,465 INFO    HTTP Request: GET http://localhost:9000/wp-json/wc/store/v1/products/1001 "HTTP/1.1 200 OK"
2026-09-25 22:35:47,470 INFO    HTTP Request: GET http://localhost:9000/wp-json/wc/store/v1/products/1001 "HTTP/1.1 200 OK"
2026-09-25 22:35:47,528 INFO    HTTP Request: GET http://localhost:9000/wp-json/wc/store/v1/products/1001 "HTTP/1.1 200 OK"
2026-09-25 22:35:47,531 INFO    HTTP Request: GET http://localhost:9000/wp-json/wc/store/v1/products/1001 "HTTP/1.1 200 OK"
2026-09-25 22:35:47,593 INFO    HTTP Request: GET http://localhost:9000/wp-json/wc/store/v1/products/1001 "HTTP/1.1 200 OK"
2026-09-25 22:35:47,599 INFO    HTTP Request: GET http://localhost:9000/wp-json/wc/store/v1/products/1001 "HTTP/1.1 200 OK"
2026-09-25 22:35:47,662 INFO    HTTP Request: GET http://localhost:9000/wp-json/wc/store/v1/products/1001 "HTTP/1.1 200 OK"
2026-09-25 22:35:47,665 INFO    HTTP Request: GET http://localhost:9000/wp-json/wc/store/v1/products/1001 "HTTP/1.1 200 OK"
2026-09-25 22:35:47,718 INFO    HTTP Request: GET http://localhost:9000/wp-json/wc/store/v1/products/1001 "HTTP/1.1 200 OK"
2026-09-25 22:35:47,721 INFO    HTTP Request: GET http://localhost:9000/wp-json/wc/store/v1/products/1001 "HTTP/1.1 200 OK"
2026-09-25 22:35:47,775 INFO    HTTP Request: GET http://localhost:9000/wp-json/wc/store/v1/products/1001 "HTTP/1.1 200 OK"
2026-09-25 22:35:47,778 INFO    HTTP Request: GET http://localhost:9000/wp-json/wc/store/v1/products/1001 "HTTP/1.1 200 OK"
2026-09-25 22:35:47,830 INFO    HTTP Request: GET http://localhost:9000/wp-json/wc/store/v1/products/1001 "HTTP/1.1 200 OK"
2026-09-25 22:35:47,833 INFO    HTTP Request: GET http://localhost:9000/wp-json/wc/store/v1/products/1001 "HTTP/1.1 200 OK"
2026-09-25 22:35:47,885 INFO    HTTP Request: GET http://localhost:9000/wp-json/wc/store/v1/products/1001 "HTTP/1.1 200 OK"
2026-09-25 22:35:47,887 INFO    HTTP Request: GET http://localhost:9000/wp-json/wc/store/v1/products/1001 "HTTP/1.1 200 OK"
2026-09-25 22:35:47,944 INFO    HTTP Request: GET http://localhost:9000/wp-json/wc/store/v1/products/1001 "HTTP/1.1 200 OK"
2026-09-25 22:35:47,952 INFO    HTTP Request: GET http://localhost:9000/wp-json/wc/store/v1/products/1001 "HTTP/1.1 200 OK"
2026-09-25 22:35:48,011 INFO    HTTP Request: GET http://localhost:9000/wp-json/wc/store/v1/products/1001 "HTTP/1.1 200 OK"
2026-09-25 22:35:48,031 INFO    HTTP Request: GET http://localhost:9000/wp-json/wc/store/v1/products/1001 "HTTP/1.1 200 OK"
2026-09-25 22:35:48,088 INFO    HTTP Request: GET http://localhost:9000/wp-json/wc/store/v1/products/1001 "HTTP/1.1 200 OK"
2026-09-25 22:35:48,102 INFO    HTTP Request: GET http://localhost:9000/wp-json/wc/store/v1/products/1001 "HTTP/1.1 200 OK"
2026-09-25 22:35:48,161 INFO    HTTP Request: GET http://localhost:9000/wp-json/wc/store/v1/products/1001 "HTTP/1.1 200 OK"
2026-09-25 22:35:48,171 INFO    HTTP Request: GET http://localhost:9000/wp-json/wc/store/v1/products/1001 "HTTP/1.1 200 OK"
2026-09-25 22:35:48,227 INFO    HTTP Request: GET http://localhost:9000/wp-json/wc/store/v1/products/1001 "HTTP/1.1 200 OK"
2026-09-25 22:35:48,229 INFO    HTTP Request: GET http://localhost:9000/wp-json/wc/store/v1/products/1001 "HTTP/1.1 200 OK"
2026-09-25 22:35:48,282 INFO    HTTP Request: GET http://localhost:9000/wp-json/wc/store/v1/products/1001 "HTTP/1.1 200 OK"
2026-09-25 22:35:48,284 INFO    HTTP Request: GET http://localhost:9000/wp-json/wc/store/v1/products/1001 "HTTP/1.1 200 OK"
2026-09-25 22:35:48,337 INFO    HTTP Request: GET http://localhost:9000/wp-json/wc/store/v1/products/1001 "HTTP/1.1 200 OK"
2026-09-25 22:35:48,340 INFO    HTTP Request: GET http://localhost:9000/wp-json/wc/store/v1/products/1001 "HTTP/1.1 200 OK"
2026-09-25 22:35:48,393 INFO    HTTP Request: GET http://localhost:9000/wp-json/wc/store/v1/products/1001 "HTTP/1.1 200 OK"
2026-09-25 22:35:48,396 INFO    HTTP Request: GET http://localhost:9000/wp-json/wc/store/v1/products/1001 "HTTP/1.1 200 OK"
2026-09-25 22:35:48,449 INFO    HTTP Request: GET http://localhost:9000/wp-json/wc/store/v1/products/1001 "HTTP/1.1 200 OK"
2026-09-25 22:35:48,451 INFO    HTTP Request: GET http://localhost:9000/wp-json/wc/store/v1/products/1001 "HTTP/1.1 200 OK"
2026-09-25 22:35:48,503 INFO    HTTP Request: GET http://localhost:9000/wp-json/wc/store/v1/products/1001 "HTTP/1.1 200 OK"
2026-09-25 22:35:48,505 INFO    HTTP Request: GET http://localhost:9000/wp-json/wc/store/v1/products/1001 "HTTP/1.1 200 OK"
2026-09-25 22:35:48,558 INFO    HTTP Request: GET http://localhost:9000/wp-json/wc/store/v1/products/1001 "HTTP/1.1 200 OK"
2026-09-25 22:35:48,560 INFO    HTTP Request: GET http://localhost:9000/wp-json/wc/store/v1/products/1001 "HTTP/1.1 200 OK"
2026-09-25 22:35:48,612 INFO    HTTP Request: GET http://localhost:9000/wp-json/wc/store/v1/products/1001 "HTTP/1.1 200 OK"
2026-09-25 22:35:48,615 INFO    HTTP Request: GET http://localhost:9000/wp-json/wc/store/v1/products/1001 "HTTP/1.1 200 OK"
2026-09-25 22:35:48,667 INFO    HTTP Request: GET http://localhost:9000/wp-json/wc/store/v1/products/1001 "HTTP/1.1 200 OK"
2026-09-25 22:35:48,669 INFO    HTTP Request: GET http://localhost:9000/wp-json/wc/store/v1/products/1001 "HTTP/1.1 200 OK"
2026-09-25 22:35:48,723 INFO    HTTP Request: GET http://localhost:9000/wp-json/wc/store/v1/products/1001 "HTTP/1.1 200 OK"
2026-09-25 22:35:48,727 INFO    HTTP Request: GET http://localhost:9000/wp-json/wc/store/v1/products/1001 "HTTP/1.1 200 OK"
2026-09-25 22:35:48,784 INFO    HTTP Request: GET http://localhost:9000/wp-json/wc/store/v1/products/1001 "HTTP/1.1 200 OK"
2026-09-25 22:35:48,793 INFO    HTTP Request: GET http://localhost:9000/wp-json/wc/store/v1/products/1001 "HTTP/1.1 200 OK"
2026-09-25 22:35:48,849 INFO    HTTP Request: GET http://localhost:9000/wp-json/wc/store/v1/products/1001 "HTTP/1.1 200 OK"
2026-09-25 22:35:48,852 INFO    HTTP Request: GET http://localhost:9000/wp-json/wc/store/v1/products/1001 "HTTP/1.1 200 OK"
2026-09-25 22:35:48,904 INFO    HTTP Request: GET http://localhost:9000/wp-json/wc/store/v1/products/1001 "HTTP/1.1 200 OK"
2026-09-25 22:35:48,909 INFO    HTTP Request: GET http://localhost:9000/wp-json/wc/store/v1/products/1001 "HTTP/1.1 200 OK"
2026-09-25 22:35:48,966 INFO    HTTP Request: GET http://localhost:9000/wp-json/wc/store/v1/products/1001 "HTTP/1.1 200 OK"
2026-09-25 22:35:48,968 INFO    HTTP Request: GET http://localhost:9000/wp-json/wc/store/v1/products/1001 "HTTP/1.1 200 OK"
2026-09-25 22:35:49,021 INFO    HTTP Request: GET http://localhost:9000/wp-json/wc/store/v1/products/1001 "HTTP/1.1 200 OK"
2026-09-25 22:35:49,025 INFO    HTTP Request: GET http://localhost:9000/wp-json/wc/store/v1/products/1001 "HTTP/1.1 200 OK"
2026-09-25 22:35:49,025 INFO    [1001] price 1,260,000 (my_last=1,255,000, bids=1, rem=107.9s)
2026-09-25 22:35:49,030 INFO    HTTP Request: POST http://localhost:9000/wp-admin/admin-ajax "HTTP/1.1 200 OK"
2026-09-25 22:35:49,033 INFO    [1001] fire 1,265,000 (contest) → success=True (0.005s)
2026-09-25 22:35:49,085 INFO    HTTP Request: GET http://localhost:9000/wp-json/wc/store/v1/products/1001 "HTTP/1.1 200 OK"
2026-09-25 22:35:49,088 INFO    HTTP Request: GET http://localhost:9000/wp-json/wc/store/v1/products/1001 "HTTP/1.1 200 OK"
2026-09-25 22:35:49,088 INFO    [1001] propagation 0.050s (bid=1,265,000 now_visible)
2026-09-25 22:35:49,088 INFO    [1001] price 1,265,000 (my_last=1,265,000, bids=2, rem=107.9s)
2026-09-25 22:35:49,143 INFO    HTTP Request: GET http://localhost:9000/wp-json/wc/store/v1/products/1001 "HTTP/1.1 200 OK"
2026-09-25 22:35:49,145 INFO    HTTP Request: GET http://localhost:9000/wp-json/wc/store/v1/products/1001 "HTTP/1.1 200 OK"
2026-09-25 22:35:49,200 INFO    HTTP Request: GET http://localhost:9000/wp-json/wc/store/v1/products/1001 "HTTP/1.1 200 OK"
2026-09-25 22:35:49,211 INFO    HTTP Request: GET http://localhost:9000/wp-json/wc/store/v1/products/1001 "HTTP/1.1 200 OK"
2026-09-25 22:35:49,279 INFO    HTTP Request: GET http://localhost:9000/wp-json/wc/store/v1/products/1001 "HTTP/1.1 200 OK"
2026-09-25 22:35:49,295 INFO    HTTP Request: GET http://localhost:9000/wp-json/wc/store/v1/products/1001 "HTTP/1.1 200 OK"
2026-09-25 22:35:49,349 INFO    HTTP Request: GET http://localhost:9000/wp-json/wc/store/v1/products/1001 "HTTP/1.1 200 OK"
2026-09-25 22:35:49,351 INFO    HTTP Request: GET http://localhost:9000/wp-json/wc/store/v1/products/1001 "HTTP/1.1 200 OK"
2026-09-25 22:35:49,403 INFO    HTTP Request: GET http://localhost:9000/wp-json/wc/store/v1/products/1001 "HTTP/1.1 200 OK"
2026-09-25 22:35:49,409 INFO    HTTP Request: GET http://localhost:9000/wp-json/wc/store/v1/products/1001 "HTTP/1.1 200 OK"
2026-09-25 22:35:49,462 INFO    HTTP Request: GET http://localhost:9000/wp-json/wc/store/v1/products/1001 "HTTP/1.1 200 OK"
2026-09-25 22:35:49,464 INFO    HTTP Request: GET http://localhost:9000/wp-json/wc/store/v1/products/1001 "HTTP/1.1 200 OK"
2026-09-25 22:35:49,516 INFO    HTTP Request: GET http://localhost:9000/wp-json/wc/store/v1/products/1001 "HTTP/1.1 200 OK"
2026-09-25 22:35:49,517 INFO    HTTP Request: GET http://localhost:9000/wp-json/wc/store/v1/products/1001 "HTTP/1.1 200 OK"
2026-09-25 22:35:49,570 INFO    HTTP Request: GET http://localhost:9000/wp-json/wc/store/v1/products/1001 "HTTP/1.1 200 OK"
2026-09-25 22:35:49,574 INFO    HTTP Request: GET http://localhost:9000/wp-json/wc/store/v1/products/1001 "HTTP/1.1 200 OK"
2026-09-25 22:35:49,628 INFO    HTTP Request: GET http://localhost:9000/wp-json/wc/store/v1/products/1001 "HTTP/1.1 200 OK"
2026-09-25 22:35:49,630 INFO    HTTP Request: GET http://localhost:9000/wp-json/wc/store/v1/products/1001 "HTTP/1.1 200 OK"
2026-09-25 22:35:49,682 INFO    HTTP Request: GET http://localhost:9000/wp-json/wc/store/v1/products/1001 "HTTP/1.1 200 OK"
2026-09-25 22:35:49,684 INFO    HTTP Request: GET http://localhost:9000/wp-json/wc/store/v1/products/1001 "HTTP/1.1 200 OK"
2026-09-25 22:35:49,737 INFO    HTTP Request: GET http://localhost:9000/wp-json/wc/store/v1/products/1001 "HTTP/1.1 200 OK"
2026-09-25 22:35:49,745 INFO    HTTP Request: GET http://localhost:9000/wp-json/wc/store/v1/products/1001 "HTTP/1.1 200 OK"
2026-09-25 22:35:49,799 INFO    HTTP Request: GET http://localhost:9000/wp-json/wc/store/v1/products/1001 "HTTP/1.1 200 OK"
2026-09-25 22:35:49,801 INFO    HTTP Request: GET http://localhost:9000/wp-json/wc/store/v1/products/1001 "HTTP/1.1 200 OK"
2026-09-25 22:35:49,855 INFO    HTTP Request: GET http://localhost:9000/wp-json/wc/store/v1/products/1001 "HTTP/1.1 200 OK"
2026-09-25 22:35:49,863 INFO    HTTP Request: GET http://localhost:9000/wp-json/wc/store/v1/products/1001 "HTTP/1.1 200 OK"
2026-09-25 22:35:49,916 INFO    HTTP Request: GET http://localhost:9000/wp-json/wc/store/v1/products/1001 "HTTP/1.1 200 OK"
2026-09-25 22:35:49,919 INFO    HTTP Request: GET http://localhost:9000/wp-json/wc/store/v1/products/1001 "HTTP/1.1 200 OK"
2026-09-25 22:35:49,977 INFO    HTTP Request: GET http://localhost:9000/wp-json/wc/store/v1/products/1001 "HTTP/1.1 200 OK"
2026-09-25 22:35:49,980 INFO    HTTP Request: GET http://localhost:9000/wp-json/wc/store/v1/products/1001 "HTTP/1.1 200 OK"
2026-09-25 22:35:50,034 INFO    HTTP Request: GET http://localhost:9000/wp-json/wc/store/v1/products/1001 "HTTP/1.1 200 OK"
2026-09-25 22:35:50,037 INFO    HTTP Request: GET http://localhost:9000/wp-json/wc/store/v1/products/1001 "HTTP/1.1 200 OK"
2026-09-25 22:35:50,094 INFO    HTTP Request: GET http://localhost:9000/wp-json/wc/store/v1/products/1001 "HTTP/1.1 200 OK"
2026-09-25 22:35:50,097 INFO    HTTP Request: GET http://localhost:9000/wp-json/wc/store/v1/products/1001 "HTTP/1.1 200 OK"
2026-09-25 22:35:50,150 INFO    HTTP Request: GET http://localhost:9000/wp-json/wc/store/v1/products/1001 "HTTP/1.1 200 OK"
2026-09-25 22:35:50,153 INFO    HTTP Request: GET http://localhost:9000/wp-json/wc/store/v1/products/1001 "HTTP/1.1 200 OK"
2026-09-25 22:35:50,210 INFO    HTTP Request: GET http://localhost:9000/wp-json/wc/store/v1/products/1001 "HTTP/1.1 200 OK"
2026-09-25 22:35:50,213 INFO    HTTP Request: GET http://localhost:9000/wp-json/wc/store/v1/products/1001 "HTTP/1.1 200 OK"
2026-09-25 22:35:50,267 INFO    HTTP Request: GET http://localhost:9000/wp-json/wc/store/v1/products/1001 "HTTP/1.1 200 OK"
2026-09-25 22:35:50,271 INFO    HTTP Request: GET http://localhost:9000/wp-json/wc/store/v1/products/1001 "HTTP/1.1 200 OK"
2026-09-25 22:35:50,328 INFO    HTTP Request: GET http://localhost:9000/wp-json/wc/store/v1/products/1001 "HTTP/1.1 200 OK"
2026-09-25 22:35:50,334 INFO    HTTP Request: GET http://localhost:9000/wp-json/wc/store/v1/products/1001 "HTTP/1.1 200 OK"
2026-09-25 22:35:50,387 INFO    HTTP Request: GET http://localhost:9000/wp-json/wc/store/v1/products/1001 "HTTP/1.1 200 OK"
2026-09-25 22:35:50,395 INFO    HTTP Request: GET http://localhost:9000/wp-json/wc/store/v1/products/1001 "HTTP/1.1 200 OK"
2026-09-25 22:35:50,448 INFO    HTTP Request: GET http://localhost:9000/wp-json/wc/store/v1/products/1001 "HTTP/1.1 200 OK"
2026-09-25 22:35:50,451 INFO    HTTP Request: GET http://localhost:9000/wp-json/wc/store/v1/products/1001 "HTTP/1.1 200 OK"
2026-09-25 22:35:50,504 INFO    HTTP Request: GET http://localhost:9000/wp-json/wc/store/v1/products/1001 "HTTP/1.1 200 OK"
2026-09-25 22:35:50,509 INFO    HTTP Request: GET http://localhost:9000/wp-json/wc/store/v1/products/1001 "HTTP/1.1 200 OK"
2026-09-25 22:35:50,562 INFO    HTTP Request: GET http://localhost:9000/wp-json/wc/store/v1/products/1001 "HTTP/1.1 200 OK"
2026-09-25 22:35:50,565 INFO    HTTP Request: GET http://localhost:9000/wp-json/wc/store/v1/products/1001 "HTTP/1.1 200 OK"
2026-09-25 22:35:50,619 INFO    HTTP Request: GET http://localhost:9000/wp-json/wc/store/v1/products/1001 "HTTP/1.1 200 OK"
2026-09-25 22:35:50,624 INFO    HTTP Request: GET http://localhost:9000/wp-json/wc/store/v1/products/1001 "HTTP/1.1 200 OK"
2026-09-25 22:35:50,678 INFO    HTTP Request: GET http://localhost:9000/wp-json/wc/store/v1/products/1001 "HTTP/1.1 200 OK"
2026-09-25 22:35:50,681 INFO    HTTP Request: GET http://localhost:9000/wp-json/wc/store/v1/products/1001 "HTTP/1.1 200 OK"
2026-09-25 22:35:50,734 INFO    HTTP Request: GET http://localhost:9000/wp-json/wc/store/v1/products/1001 "HTTP/1.1 200 OK"
2026-09-25 22:35:50,738 INFO    HTTP Request: GET http://localhost:9000/wp-json/wc/store/v1/products/1001 "HTTP/1.1 200 OK"
2026-09-25 22:35:50,794 INFO    HTTP Request: GET http://localhost:9000/wp-json/wc/store/v1/products/1001 "HTTP/1.1 200 OK"
2026-09-25 22:35:50,797 INFO    HTTP Request: GET http://localhost:9000/wp-json/wc/store/v1/products/1001 "HTTP/1.1 200 OK"
2026-09-25 22:35:50,850 INFO    HTTP Request: GET http://localhost:9000/wp-json/wc/store/v1/products/1001 "HTTP/1.1 200 OK"
2026-09-25 22:35:50,853 INFO    HTTP Request: GET http://localhost:9000/wp-json/wc/store/v1/products/1001 "HTTP/1.1 200 OK"
2026-09-25 22:35:50,910 INFO    HTTP Request: GET http://localhost:9000/wp-json/wc/store/v1/products/1001 "HTTP/1.1 200 OK"
2026-09-25 22:35:50,913 INFO    HTTP Request: GET http://localhost:9000/wp-json/wc/store/v1/products/1001 "HTTP/1.1 200 OK"
2026-09-25 22:35:50,966 INFO    HTTP Request: GET http://localhost:9000/wp-json/wc/store/v1/products/1001 "HTTP/1.1 200 OK"
2026-09-25 22:35:50,970 INFO    HTTP Request: GET http://localhost:9000/wp-json/wc/store/v1/products/1001 "HTTP/1.1 200 OK"
2026-09-25 22:35:51,027 INFO    HTTP Request: GET http://localhost:9000/wp-json/wc/store/v1/products/1001 "HTTP/1.1 200 OK"
2026-09-25 22:35:51,030 INFO    HTTP Request: GET http://localhost:9000/wp-json/wc/store/v1/products/1001 "HTTP/1.1 200 OK"
2026-09-25 22:35:51,083 INFO    HTTP Request: GET http://localhost:9000/wp-json/wc/store/v1/products/1001 "HTTP/1.1 200 OK"
2026-09-25 22:35:51,086 INFO    HTTP Request: GET http://localhost:9000/wp-json/wc/store/v1/products/1001 "HTTP/1.1 200 OK"
2026-09-25 22:35:51,143 INFO    HTTP Request: GET http://localhost:9000/wp-json/wc/store/v1/products/1001 "HTTP/1.1 200 OK"
2026-09-25 22:35:51,146 INFO    HTTP Request: GET http://localhost:9000/wp-json/wc/store/v1/products/1001 "HTTP/1.1 200 OK"
2026-09-25 22:35:51,199 INFO    HTTP Request: GET http://localhost:9000/wp-json/wc/store/v1/products/1001 "HTTP/1.1 200 OK"
2026-09-25 22:35:51,203 INFO    HTTP Request: GET http://localhost:9000/wp-json/wc/store/v1/products/1001 "HTTP/1.1 200 OK"
2026-09-25 22:35:51,258 INFO    HTTP Request: GET http://localhost:9000/wp-json/wc/store/v1/products/1001 "HTTP/1.1 200 OK"
2026-09-25 22:35:51,261 INFO    HTTP Request: GET http://localhost:9000/wp-json/wc/store/v1/products/1001 "HTTP/1.1 200 OK"
2026-09-25 22:35:51,314 INFO    HTTP Request: GET http://localhost:9000/wp-json/wc/store/v1/products/1001 "HTTP/1.1 200 OK"
2026-09-25 22:35:51,317 INFO    HTTP Request: GET http://localhost:9000/wp-json/wc/store/v1/products/1001 "HTTP/1.1 200 OK"
2026-09-25 22:35:51,374 INFO    HTTP Request: GET http://localhost:9000/wp-json/wc/store/v1/products/1001 "HTTP/1.1 200 OK"
2026-09-25 22:35:51,377 INFO    HTTP Request: GET http://localhost:9000/wp-json/wc/store/v1/products/1001 "HTTP/1.1 200 OK"
2026-09-25 22:35:51,430 INFO    HTTP Request: GET http://localhost:9000/wp-json/wc/store/v1/products/1001 "HTTP/1.1 200 OK"
2026-09-25 22:35:51,433 INFO    HTTP Request: GET http://localhost:9000/wp-json/wc/store/v1/products/1001 "HTTP/1.1 200 OK"
2026-09-25 22:35:51,493 INFO    HTTP Request: GET http://localhost:9000/wp-json/wc/store/v1/products/1001 "HTTP/1.1 200 OK"
2026-09-25 22:35:51,498 INFO    HTTP Request: GET http://localhost:9000/wp-json/wc/store/v1/products/1001 "HTTP/1.1 200 OK"
2026-09-25 22:35:51,553 INFO    HTTP Request: GET http://localhost:9000/wp-json/wc/store/v1/products/1001 "HTTP/1.1 200 OK"
2026-09-25 22:35:51,561 INFO    HTTP Request: GET http://localhost:9000/wp-json/wc/store/v1/products/1001 "HTTP/1.1 200 OK"
2026-09-25 22:35:51,613 INFO    HTTP Request: GET http://localhost:9000/wp-json/wc/store/v1/products/1001 "HTTP/1.1 200 OK"
2026-09-25 22:35:51,615 INFO    HTTP Request: GET http://localhost:9000/wp-json/wc/store/v1/products/1001 "HTTP/1.1 200 OK"
2026-09-25 22:35:51,667 INFO    HTTP Request: GET http://localhost:9000/wp-json/wc/store/v1/products/1001 "HTTP/1.1 200 OK"
2026-09-25 22:35:51,669 INFO    HTTP Request: GET http://localhost:9000/wp-json/wc/store/v1/products/1001 "HTTP/1.1 200 OK"
2026-09-25 22:35:51,723 INFO    HTTP Request: GET http://localhost:9000/wp-json/wc/store/v1/products/1001 "HTTP/1.1 200 OK"
2026-09-25 22:35:51,727 INFO    HTTP Request: GET http://localhost:9000/wp-json/wc/store/v1/products/1001 "HTTP/1.1 200 OK"
2026-09-25 22:35:51,780 INFO    HTTP Request: GET http://localhost:9000/wp-json/wc/store/v1/products/1001 "HTTP/1.1 200 OK"
2026-09-25 22:35:51,782 INFO    HTTP Request: GET http://localhost:9000/wp-json/wc/store/v1/products/1001 "HTTP/1.1 200 OK"
2026-09-25 22:35:51,834 INFO    HTTP Request: GET http://localhost:9000/wp-json/wc/store/v1/products/1001 "HTTP/1.1 200 OK"
2026-09-25 22:35:51,836 INFO    HTTP Request: GET http://localhost:9000/wp-json/wc/store/v1/products/1001 "HTTP/1.1 200 OK"
2026-09-25 22:35:51,892 INFO    HTTP Request: GET http://localhost:9000/wp-json/wc/store/v1/products/1001 "HTTP/1.1 200 OK"
2026-09-25 22:35:51,895 INFO    HTTP Request: GET http://localhost:9000/wp-json/wc/store/v1/products/1001 "HTTP/1.1 200 OK"
2026-09-25 22:35:51,948 INFO    HTTP Request: GET http://localhost:9000/wp-json/wc/store/v1/products/1001 "HTTP/1.1 200 OK"
2026-09-25 22:35:51,950 INFO    HTTP Request: GET http://localhost:9000/wp-json/wc/store/v1/products/1001 "HTTP/1.1 200 OK"
2026-09-25 22:35:52,003 INFO    HTTP Request: GET http://localhost:9000/wp-json/wc/store/v1/products/1001 "HTTP/1.1 200 OK"
2026-09-25 22:35:52,007 INFO    HTTP Request: GET http://localhost:9000/wp-json/wc/store/v1/products/1001 "HTTP/1.1 200 OK"
2026-09-25 22:35:52,008 INFO    [1001] summary: mode=contest tail=300ms rem=104.9s reads=50 p50=3ms p95=7ms writes=2 p50=6ms p95=6ms prop=2 p50=51ms p95=51ms bids=2 last=1,265,000 current=1,265,000
2026-09-25 22:35:52,065 INFO    HTTP Request: GET http://localhost:9000/wp-json/wc/store/v1/products/1001 "HTTP/1.1 200 OK"
2026-09-25 22:35:52,071 INFO    HTTP Request: GET http://localhost:9000/wp-json/wc/store/v1/products/1001 "HTTP/1.1 200 OK"
2026-09-25 22:35:52,134 INFO    HTTP Request: GET http://localhost:9000/wp-json/wc/store/v1/products/1001 "HTTP/1.1 200 OK"
2026-09-25 22:35:52,148 INFO    HTTP Request: GET http://localhost:9000/wp-json/wc/store/v1/products/1001 "HTTP/1.1 200 OK"
2026-09-25 22:35:52,203 INFO    HTTP Request: GET http://localhost:9000/wp-json/wc/store/v1/products/1001 "HTTP/1.1 200 OK"
2026-09-25 22:35:52,213 INFO    HTTP Request: GET http://localhost:9000/wp-json/wc/store/v1/products/1001 "HTTP/1.1 200 OK"
2026-09-25 22:35:52,266 INFO    HTTP Request: GET http://localhost:9000/wp-json/wc/store/v1/products/1001 "HTTP/1.1 200 OK"
2026-09-25 22:35:52,268 INFO    HTTP Request: GET http://localhost:9000/wp-json/wc/store/v1/products/1001 "HTTP/1.1 200 OK"
2026-09-25 22:35:52,321 INFO    HTTP Request: GET http://localhost:9000/wp-json/wc/store/v1/products/1001 "HTTP/1.1 200 OK"
2026-09-25 22:35:52,327 INFO    HTTP Request: GET http://localhost:9000/wp-json/wc/store/v1/products/1001 "HTTP/1.1 200 OK"
2026-09-25 22:35:52,382 INFO    HTTP Request: GET http://localhost:9000/wp-json/wc/store/v1/products/1001 "HTTP/1.1 200 OK"
2026-09-25 22:35:52,386 INFO    HTTP Request: GET http://localhost:9000/wp-json/wc/store/v1/products/1001 "HTTP/1.1 200 OK"
2026-09-25 22:35:52,441 INFO    HTTP Request: GET http://localhost:9000/wp-json/wc/store/v1/products/1001 "HTTP/1.1 200 OK"
2026-09-25 22:35:52,446 INFO    HTTP Request: GET http://localhost:9000/wp-json/wc/store/v1/products/1001 "HTTP/1.1 200 OK"
2026-09-25 22:35:52,499 INFO    HTTP Request: GET http://localhost:9000/wp-json/wc/store/v1/products/1001 "HTTP/1.1 200 OK"
2026-09-25 22:35:52,503 INFO    HTTP Request: GET http://localhost:9000/wp-json/wc/store/v1/products/1001 "HTTP/1.1 200 OK"
2026-09-25 22:35:52,562 INFO    HTTP Request: GET http://localhost:9000/wp-json/wc/store/v1/products/1001 "HTTP/1.1 200 OK"
2026-09-25 22:35:52,570 INFO    HTTP Request: GET http://localhost:9000/wp-json/wc/store/v1/products/1001 "HTTP/1.1 200 OK"
2026-09-25 22:35:52,627 INFO    HTTP Request: GET http://localhost:9000/wp-json/wc/store/v1/products/1001 "HTTP/1.1 200 OK"
2026-09-25 22:35:52,632 INFO    HTTP Request: GET http://localhost:9000/wp-json/wc/store/v1/products/1001 "HTTP/1.1 200 OK"
2026-09-25 22:35:52,684 INFO    HTTP Request: GET http://localhost:9000/wp-json/wc/store/v1/products/1001 "HTTP/1.1 200 OK"
2026-09-25 22:35:52,688 INFO    HTTP Request: GET http://localhost:9000/wp-json/wc/store/v1/products/1001 "HTTP/1.1 200 OK"
2026-09-25 22:35:52,744 INFO    HTTP Request: GET http://localhost:9000/wp-json/wc/store/v1/products/1001 "HTTP/1.1 200 OK"
2026-09-25 22:35:52,747 INFO    HTTP Request: GET http://localhost:9000/wp-json/wc/store/v1/products/1001 "HTTP/1.1 200 OK"
2026-09-25 22:35:52,799 INFO    HTTP Request: GET http://localhost:9000/wp-json/wc/store/v1/products/1001 "HTTP/1.1 200 OK"
2026-09-25 22:35:52,801 INFO    HTTP Request: GET http://localhost:9000/wp-json/wc/store/v1/products/1001 "HTTP/1.1 200 OK"
2026-09-25 22:35:52,860 INFO    HTTP Request: GET http://localhost:9000/wp-json/wc/store/v1/products/1001 "HTTP/1.1 200 OK"
2026-09-25 22:35:52,869 INFO    HTTP Request: GET http://localhost:9000/wp-json/wc/store/v1/products/1001 "HTTP/1.1 200 OK"
2026-09-25 22:35:52,932 INFO    HTTP Request: GET http://localhost:9000/wp-json/wc/store/v1/products/1001 "HTTP/1.1 200 OK"
2026-09-25 22:35:52,935 INFO    HTTP Request: GET http://localhost:9000/wp-json/wc/store/v1/products/1001 "HTTP/1.1 200 OK"
2026-09-25 22:35:52,988 INFO    HTTP Request: GET http://localhost:9000/wp-json/wc/store/v1/products/1001 "HTTP/1.1 200 OK"
2026-09-25 22:35:52,994 INFO    HTTP Request: GET http://localhost:9000/wp-json/wc/store/v1/products/1001 "HTTP/1.1 200 OK"
2026-09-25 22:35:53,046 INFO    HTTP Request: GET http://localhost:9000/wp-json/wc/store/v1/products/1001 "HTTP/1.1 200 OK"
2026-09-25 22:35:53,049 INFO    HTTP Request: GET http://localhost:9000/wp-json/wc/store/v1/products/1001 "HTTP/1.1 200 OK"
2026-09-25 22:35:53,101 INFO    HTTP Request: GET http://localhost:9000/wp-json/wc/store/v1/products/1001 "HTTP/1.1 200 OK"
2026-09-25 22:35:53,105 INFO    HTTP Request: GET http://localhost:9000/wp-json/wc/store/v1/products/1001 "HTTP/1.1 200 OK"
2026-09-25 22:35:53,160 INFO    HTTP Request: GET http://localhost:9000/wp-json/wc/store/v1/products/1001 "HTTP/1.1 200 OK"
2026-09-25 22:35:53,163 INFO    HTTP Request: GET http://localhost:9000/wp-json/wc/store/v1/products/1001 "HTTP/1.1 200 OK"
2026-09-25 22:35:53,216 INFO    HTTP Request: GET http://localhost:9000/wp-json/wc/store/v1/products/1001 "HTTP/1.1 200 OK"
2026-09-25 22:35:53,219 INFO    HTTP Request: GET http://localhost:9000/wp-json/wc/store/v1/products/1001 "HTTP/1.1 200 OK"
2026-09-25 22:35:53,272 INFO    HTTP Request: GET http://localhost:9000/wp-json/wc/store/v1/products/1001 "HTTP/1.1 200 OK"
2026-09-25 22:35:53,279 INFO    HTTP Request: GET http://localhost:9000/wp-json/wc/store/v1/products/1001 "HTTP/1.1 200 OK"
2026-09-25 22:35:53,333 INFO    HTTP Request: GET http://localhost:9000/wp-json/wc/store/v1/products/1001 "HTTP/1.1 200 OK"
2026-09-25 22:35:53,335 INFO    HTTP Request: GET http://localhost:9000/wp-json/wc/store/v1/products/1001 "HTTP/1.1 200 OK"
2026-09-25 22:35:53,389 INFO    HTTP Request: GET http://localhost:9000/wp-json/wc/store/v1/products/1001 "HTTP/1.1 200 OK"
2026-09-25 22:35:53,395 INFO    HTTP Request: GET http://localhost:9000/wp-json/wc/store/v1/products/1001 "HTTP/1.1 200 OK"
2026-09-25 22:35:53,448 INFO    HTTP Request: GET http://localhost:9000/wp-json/wc/store/v1/products/1001 "HTTP/1.1 200 OK"
2026-09-25 22:35:53,451 INFO    HTTP Request: GET http://localhost:9000/wp-json/wc/store/v1/products/1001 "HTTP/1.1 200 OK"
2026-09-25 22:35:53,509 INFO    HTTP Request: GET http://localhost:9000/wp-json/wc/store/v1/products/1001 "HTTP/1.1 200 OK"
2026-09-25 22:35:53,516 INFO    HTTP Request: GET http://localhost:9000/wp-json/wc/store/v1/products/1001 "HTTP/1.1 200 OK"
2026-09-25 22:35:53,580 INFO    HTTP Request: GET http://localhost:9000/wp-json/wc/store/v1/products/1001 "HTTP/1.1 200 OK"
2026-09-25 22:35:53,587 INFO    HTTP Request: GET http://localhost:9000/wp-json/wc/store/v1/products/1001 "HTTP/1.1 200 OK"
2026-09-25 22:35:53,643 INFO    HTTP Request: GET http://localhost:9000/wp-json/wc/store/v1/products/1001 "HTTP/1.1 200 OK"
2026-09-25 22:35:53,645 INFO    HTTP Request: GET http://localhost:9000/wp-json/wc/store/v1/products/1001 "HTTP/1.1 200 OK"
2026-09-25 22:35:53,698 INFO    HTTP Request: GET http://localhost:9000/wp-json/wc/store/v1/products/1001 "HTTP/1.1 200 OK"
2026-09-25 22:35:53,700 INFO    HTTP Request: GET http://localhost:9000/wp-json/wc/store/v1/products/1001 "HTTP/1.1 200 OK"
2026-09-25 22:35:53,753 INFO    HTTP Request: GET http://localhost:9000/wp-json/wc/store/v1/products/1001 "HTTP/1.1 200 OK"
2026-09-25 22:35:53,760 INFO    HTTP Request: GET http://localhost:9000/wp-json/wc/store/v1/products/1001 "HTTP/1.1 200 OK"
2026-09-25 22:35:53,813 INFO    HTTP Request: GET http://localhost:9000/wp-json/wc/store/v1/products/1001 "HTTP/1.1 200 OK"
2026-09-25 22:35:53,816 INFO    HTTP Request: GET http://localhost:9000/wp-json/wc/store/v1/products/1001 "HTTP/1.1 200 OK"
2026-09-25 22:35:53,869 INFO    HTTP Request: GET http://localhost:9000/wp-json/wc/store/v1/products/1001 "HTTP/1.1 200 OK"
2026-09-25 22:35:53,876 INFO    HTTP Request: GET http://localhost:9000/wp-json/wc/store/v1/products/1001 "HTTP/1.1 200 OK"
2026-09-25 22:35:53,928 INFO    HTTP Request: GET http://localhost:9000/wp-json/wc/store/v1/products/1001 "HTTP/1.1 200 OK"
2026-09-25 22:35:53,930 INFO    HTTP Request: GET http://localhost:9000/wp-json/wc/store/v1/products/1001 "HTTP/1.1 200 OK"
2026-09-25 22:35:53,982 INFO    HTTP Request: GET http://localhost:9000/wp-json/wc/store/v1/products/1001 "HTTP/1.1 200 OK"
2026-09-25 22:35:53,984 INFO    HTTP Request: GET http://localhost:9000/wp-json/wc/store/v1/products/1001 "HTTP/1.1 200 OK"
2026-09-25 22:35:54,036 INFO    HTTP Request: GET http://localhost:9000/wp-json/wc/store/v1/products/1001 "HTTP/1.1 200 OK"
2026-09-25 22:35:54,041 INFO    HTTP Request: GET http://localhost:9000/wp-json/wc/store/v1/products/1001 "HTTP/1.1 200 OK"
2026-09-25 22:35:54,095 INFO    HTTP Request: GET http://localhost:9000/wp-json/wc/store/v1/products/1001 "HTTP/1.1 200 OK"
2026-09-25 22:35:54,097 INFO    HTTP Request: GET http://localhost:9000/wp-json/wc/store/v1/products/1001 "HTTP/1.1 200 OK"
2026-09-25 22:35:54,149 INFO    HTTP Request: GET http://localhost:9000/wp-json/wc/store/v1/products/1001 "HTTP/1.1 200 OK"
2026-09-25 22:35:54,151 INFO    HTTP Request: GET http://localhost:9000/wp-json/wc/store/v1/products/1001 "HTTP/1.1 200 OK"
2026-09-25 22:35:54,204 INFO    HTTP Request: GET http://localhost:9000/wp-json/wc/store/v1/products/1001 "HTTP/1.1 200 OK"
2026-09-25 22:35:54,211 INFO    HTTP Request: GET http://localhost:9000/wp-json/wc/store/v1/products/1001 "HTTP/1.1 200 OK"
2026-09-25 22:35:54,265 INFO    HTTP Request: GET http://localhost:9000/wp-json/wc/store/v1/products/1001 "HTTP/1.1 200 OK"
2026-09-25 22:35:54,268 INFO    HTTP Request: GET http://localhost:9000/wp-json/wc/store/v1/products/1001 "HTTP/1.1 200 OK"
2026-09-25 22:35:54,322 INFO    HTTP Request: GET http://localhost:9000/wp-json/wc/store/v1/products/1001 "HTTP/1.1 200 OK"
2026-09-25 22:35:54,328 INFO    HTTP Request: GET http://localhost:9000/wp-json/wc/store/v1/products/1001 "HTTP/1.1 200 OK"
2026-09-25 22:35:54,381 INFO    HTTP Request: GET http://localhost:9000/wp-json/wc/store/v1/products/1001 "HTTP/1.1 200 OK"
2026-09-25 22:35:54,385 INFO    HTTP Request: GET http://localhost:9000/wp-json/wc/store/v1/products/1001 "HTTP/1.1 200 OK"
2026-09-25 22:35:54,442 INFO    HTTP Request: GET http://localhost:9000/wp-json/wc/store/v1/products/1001 "HTTP/1.1 200 OK"
2026-09-25 22:35:54,449 INFO    HTTP Request: GET http://localhost:9000/wp-json/wc/store/v1/products/1001 "HTTP/1.1 200 OK"
2026-09-25 22:35:54,512 INFO    HTTP Request: GET http://localhost:9000/wp-json/wc/store/v1/products/1001 "HTTP/1.1 200 OK"
2026-09-25 22:35:54,519 INFO    HTTP Request: GET http://localhost:9000/wp-json/wc/store/v1/products/1001 "HTTP/1.1 200 OK"
2026-09-25 22:35:54,576 INFO    HTTP Request: GET http://localhost:9000/wp-json/wc/store/v1/products/1001 "HTTP/1.1 200 OK"
2026-09-25 22:35:54,579 INFO    HTTP Request: GET http://localhost:9000/wp-json/wc/store/v1/products/1001 "HTTP/1.1 200 OK"
2026-09-25 22:35:54,631 INFO    HTTP Request: GET http://localhost:9000/wp-json/wc/store/v1/products/1001 "HTTP/1.1 200 OK"
2026-09-25 22:35:54,633 INFO    HTTP Request: GET http://localhost:9000/wp-json/wc/store/v1/products/1001 "HTTP/1.1 200 OK"
2026-09-25 22:35:54,685 INFO    HTTP Request: GET http://localhost:9000/wp-json/wc/store/v1/products/1001 "HTTP/1.1 200 OK"
2026-09-25 22:35:54,689 INFO    HTTP Request: GET http://localhost:9000/wp-json/wc/store/v1/products/1001 "HTTP/1.1 200 OK"
2026-09-25 22:35:54,744 INFO    HTTP Request: GET http://localhost:9000/wp-json/wc/store/v1/products/1001 "HTTP/1.1 200 OK"
2026-09-25 22:35:54,746 INFO    HTTP Request: GET http://localhost:9000/wp-json/wc/store/v1/products/1001 "HTTP/1.1 200 OK"
2026-09-25 22:35:54,798 INFO    HTTP Request: GET http://localhost:9000/wp-json/wc/store/v1/products/1001 "HTTP/1.1 200 OK"
2026-09-25 22:35:54,801 INFO    HTTP Request: GET http://localhost:9000/wp-json/wc/store/v1/products/1001 "HTTP/1.1 200 OK"
2026-09-25 22:35:54,854 INFO    HTTP Request: GET http://localhost:9000/wp-json/wc/store/v1/products/1001 "HTTP/1.1 200 OK"
2026-09-25 22:35:54,858 INFO    HTTP Request: GET http://localhost:9000/wp-json/wc/store/v1/products/1001 "HTTP/1.1 200 OK"
2026-09-25 22:35:54,911 INFO    HTTP Request: GET http://localhost:9000/wp-json/wc/store/v1/products/1001 "HTTP/1.1 200 OK"
2026-09-25 22:35:54,914 INFO    HTTP Request: GET http://localhost:9000/wp-json/wc/store/v1/products/1001 "HTTP/1.1 200 OK"
2026-09-25 22:35:54,966 INFO    HTTP Request: GET http://localhost:9000/wp-json/wc/store/v1/products/1001 "HTTP/1.1 200 OK"
2026-09-25 22:35:54,969 INFO    HTTP Request: GET http://localhost:9000/wp-json/wc/store/v1/products/1001 "HTTP/1.1 200 OK"
2026-09-25 22:35:55,026 INFO    HTTP Request: GET http://localhost:9000/wp-json/wc/store/v1/products/1001 "HTTP/1.1 200 OK"
2026-09-25 22:35:55,029 INFO    HTTP Request: GET http://localhost:9000/wp-json/wc/store/v1/products/1001 "HTTP/1.1 200 OK"
2026-09-25 22:35:55,030 INFO    [1001] price 1,280,000 (my_last=1,265,000, bids=2, rem=101.9s)
2026-09-25 22:35:55,036 INFO    HTTP Request: POST http://localhost:9000/wp-admin/admin-ajax "HTTP/1.1 200 OK"
2026-09-25 22:35:55,043 INFO    [1001] fire 1,285,000 (contest) → success=True (0.006s)
2026-09-25 22:35:55,097 INFO    HTTP Request: GET http://localhost:9000/wp-json/wc/store/v1/products/1001 "HTTP/1.1 200 OK"
2026-09-25 22:35:55,099 INFO    HTTP Request: GET http://localhost:9000/wp-json/wc/store/v1/products/1001 "HTTP/1.1 200 OK"
2026-09-25 22:35:55,100 INFO    [1001] propagation 0.050s (bid=1,285,000 now_visible)
2026-09-25 22:35:55,100 INFO    [1001] price 1,285,000 (my_last=1,285,000, bids=3, rem=101.9s)
2026-09-25 22:35:55,155 INFO    HTTP Request: GET http://localhost:9000/wp-json/wc/store/v1/products/1001 "HTTP/1.1 200 OK"
2026-09-25 22:35:55,164 INFO    HTTP Request: GET http://localhost:9000/wp-json/wc/store/v1/products/1001 "HTTP/1.1 200 OK"
2026-09-25 22:35:55,225 INFO    HTTP Request: GET http://localhost:9000/wp-json/wc/store/v1/products/1001 "HTTP/1.1 200 OK"
2026-09-25 22:35:55,231 INFO    HTTP Request: GET http://localhost:9000/wp-json/wc/store/v1/products/1001 "HTTP/1.1 200 OK"
2026-09-25 22:35:55,284 INFO    HTTP Request: GET http://localhost:9000/wp-json/wc/store/v1/products/1001 "HTTP/1.1 200 OK"
2026-09-25 22:35:55,286 INFO    HTTP Request: GET http://localhost:9000/wp-json/wc/store/v1/products/1001 "HTTP/1.1 200 OK"
2026-09-25 22:35:55,345 INFO    HTTP Request: GET http://localhost:9000/wp-json/wc/store/v1/products/1001 "HTTP/1.1 200 OK"
2026-09-25 22:35:55,356 INFO    HTTP Request: GET http://localhost:9000/wp-json/wc/store/v1/products/1001 "HTTP/1.1 200 OK"
2026-09-25 22:35:55,416 INFO    HTTP Request: GET http://localhost:9000/wp-json/wc/store/v1/products/1001 "HTTP/1.1 200 OK"
2026-09-25 22:35:55,427 INFO    HTTP Request: GET http://localhost:9000/wp-json/wc/store/v1/products/1001 "HTTP/1.1 200 OK"
2026-09-25 22:35:55,485 INFO    HTTP Request: GET http://localhost:9000/wp-json/wc/store/v1/products/1001 "HTTP/1.1 200 OK"
2026-09-25 22:35:55,496 INFO    HTTP Request: GET http://localhost:9000/wp-json/wc/store/v1/products/1001 "HTTP/1.1 200 OK"
2026-09-25 22:35:55,550 INFO    HTTP Request: GET http://localhost:9000/wp-json/wc/store/v1/products/1001 "HTTP/1.1 200 OK"
2026-09-25 22:35:55,554 INFO    HTTP Request: GET http://localhost:9000/wp-json/wc/store/v1/products/1001 "HTTP/1.1 200 OK"
2026-09-25 22:35:55,611 INFO    HTTP Request: GET http://localhost:9000/wp-json/wc/store/v1/products/1001 "HTTP/1.1 200 OK"
2026-09-25 22:35:55,614 INFO    HTTP Request: GET http://localhost:9000/wp-json/wc/store/v1/products/1001 "HTTP/1.1 200 OK"
2026-09-25 22:35:55,668 INFO    HTTP Request: GET http://localhost:9000/wp-json/wc/store/v1/products/1001 "HTTP/1.1 200 OK"
2026-09-25 22:35:55,672 INFO    HTTP Request: GET http://localhost:9000/wp-json/wc/store/v1/products/1001 "HTTP/1.1 200 OK"
2026-09-25 22:35:55,729 INFO    HTTP Request: GET http://localhost:9000/wp-json/wc/store/v1/products/1001 "HTTP/1.1 200 OK"
2026-09-25 22:35:55,732 INFO    HTTP Request: GET http://localhost:9000/wp-json/wc/store/v1/products/1001 "HTTP/1.1 200 OK"
2026-09-25 22:35:55,786 INFO    HTTP Request: GET http://localhost:9000/wp-json/wc/store/v1/products/1001 "HTTP/1.1 200 OK"
2026-09-25 22:35:55,792 INFO    HTTP Request: GET http://localhost:9000/wp-json/wc/store/v1/products/1001 "HTTP/1.1 200 OK"
2026-09-25 22:35:55,845 INFO    HTTP Request: GET http://localhost:9000/wp-json/wc/store/v1/products/1001 "HTTP/1.1 200 OK"
2026-09-25 22:35:55,848 INFO    HTTP Request: GET http://localhost:9000/wp-json/wc/store/v1/products/1001 "HTTP/1.1 200 OK"
2026-09-25 22:35:55,902 INFO    HTTP Request: GET http://localhost:9000/wp-json/wc/store/v1/products/1001 "HTTP/1.1 200 OK"
2026-09-25 22:35:55,907 INFO    HTTP Request: GET http://localhost:9000/wp-json/wc/store/v1/products/1001 "HTTP/1.1 200 OK"
2026-09-25 22:35:55,961 INFO    HTTP Request: GET http://localhost:9000/wp-json/wc/store/v1/products/1001 "HTTP/1.1 200 OK"
2026-09-25 22:35:55,964 INFO    HTTP Request: GET http://localhost:9000/wp-json/wc/store/v1/products/1001 "HTTP/1.1 200 OK"
2026-09-25 22:35:56,017 INFO    HTTP Request: GET http://localhost:9000/wp-json/wc/store/v1/products/1001 "HTTP/1.1 200 OK"
2026-09-25 22:35:56,021 INFO    HTTP Request: GET http://localhost:9000/wp-json/wc/store/v1/products/1001 "HTTP/1.1 200 OK"
2026-09-25 22:35:56,077 INFO    HTTP Request: GET http://localhost:9000/wp-json/wc/store/v1/products/1001 "HTTP/1.1 200 OK"
2026-09-25 22:35:56,081 INFO    HTTP Request: GET http://localhost:9000/wp-json/wc/store/v1/products/1001 "HTTP/1.1 200 OK"
2026-09-25 22:35:56,134 INFO    HTTP Request: GET http://localhost:9000/wp-json/wc/store/v1/products/1001 "HTTP/1.1 200 OK"
2026-09-25 22:35:56,137 INFO    HTTP Request: GET http://localhost:9000/wp-json/wc/store/v1/products/1001 "HTTP/1.1 200 OK"
2026-09-25 22:35:56,198 INFO    HTTP Request: GET http://localhost:9000/wp-json/wc/store/v1/products/1001 "HTTP/1.1 200 OK"
2026-09-25 22:35:56,201 INFO    HTTP Request: GET http://localhost:9000/wp-json/wc/store/v1/products/1001 "HTTP/1.1 200 OK"
2026-09-25 22:35:56,259 INFO    HTTP Request: GET http://localhost:9000/wp-json/wc/store/v1/products/1001 "HTTP/1.1 200 OK"
2026-09-25 22:35:56,261 INFO    HTTP Request: GET http://localhost:9000/wp-json/wc/store/v1/products/1001 "HTTP/1.1 200 OK"
2026-09-25 22:35:56,314 INFO    HTTP Request: GET http://localhost:9000/wp-json/wc/store/v1/products/1001 "HTTP/1.1 200 OK"
2026-09-25 22:35:56,316 INFO    HTTP Request: GET http://localhost:9000/wp-json/wc/store/v1/products/1001 "HTTP/1.1 200 OK"
2026-09-25 22:35:56,371 INFO    HTTP Request: GET http://localhost:9000/wp-json/wc/store/v1/products/1001 "HTTP/1.1 200 OK"
2026-09-25 22:35:56,377 INFO    HTTP Request: GET http://localhost:9000/wp-json/wc/store/v1/products/1001 "HTTP/1.1 200 OK"
2026-09-25 22:35:56,432 INFO    HTTP Request: GET http://localhost:9000/wp-json/wc/store/v1/products/1001 "HTTP/1.1 200 OK"
2026-09-25 22:35:56,437 INFO    HTTP Request: GET http://localhost:9000/wp-json/wc/store/v1/products/1001 "HTTP/1.1 200 OK"
2026-09-25 22:35:56,491 INFO    HTTP Request: GET http://localhost:9000/wp-json/wc/store/v1/products/1001 "HTTP/1.1 200 OK"
2026-09-25 22:35:56,493 INFO    HTTP Request: GET http://localhost:9000/wp-json/wc/store/v1/products/1001 "HTTP/1.1 200 OK"
2026-09-25 22:35:56,546 INFO    HTTP Request: GET http://localhost:9000/wp-json/wc/store/v1/products/1001 "HTTP/1.1 200 OK"
2026-09-25 22:35:56,548 INFO    HTTP Request: GET http://localhost:9000/wp-json/wc/store/v1/products/1001 "HTTP/1.1 200 OK"
2026-09-25 22:35:56,600 INFO    HTTP Request: GET http://localhost:9000/wp-json/wc/store/v1/products/1001 "HTTP/1.1 200 OK"
2026-09-25 22:35:56,602 INFO    HTTP Request: GET http://localhost:9000/wp-json/wc/store/v1/products/1001 "HTTP/1.1 200 OK"
2026-09-25 22:35:56,657 INFO    HTTP Request: GET http://localhost:9000/wp-json/wc/store/v1/products/1001 "HTTP/1.1 200 OK"
2026-09-25 22:35:56,661 INFO    HTTP Request: GET http://localhost:9000/wp-json/wc/store/v1/products/1001 "HTTP/1.1 200 OK"
2026-09-25 22:35:56,714 INFO    HTTP Request: GET http://localhost:9000/wp-json/wc/store/v1/products/1001 "HTTP/1.1 200 OK"
2026-09-25 22:35:56,716 INFO    HTTP Request: GET http://localhost:9000/wp-json/wc/store/v1/products/1001 "HTTP/1.1 200 OK"
2026-09-25 22:35:56,769 INFO    HTTP Request: GET http://localhost:9000/wp-json/wc/store/v1/products/1001 "HTTP/1.1 200 OK"
2026-09-25 22:35:56,773 INFO    HTTP Request: GET http://localhost:9000/wp-json/wc/store/v1/products/1001 "HTTP/1.1 200 OK"
2026-09-25 22:35:56,827 INFO    HTTP Request: GET http://localhost:9000/wp-json/wc/store/v1/products/1001 "HTTP/1.1 200 OK"
2026-09-25 22:35:56,831 INFO    HTTP Request: GET http://localhost:9000/wp-json/wc/store/v1/products/1001 "HTTP/1.1 200 OK"
2026-09-25 22:35:56,885 INFO    HTTP Request: GET http://localhost:9000/wp-json/wc/store/v1/products/1001 "HTTP/1.1 200 OK"
2026-09-25 22:35:56,890 INFO    HTTP Request: GET http://localhost:9000/wp-json/wc/store/v1/products/1001 "HTTP/1.1 200 OK"
2026-09-25 22:35:56,946 INFO    HTTP Request: GET http://localhost:9000/wp-json/wc/store/v1/products/1001 "HTTP/1.1 200 OK"
2026-09-25 22:35:56,950 INFO    HTTP Request: GET http://localhost:9000/wp-json/wc/store/v1/products/1001 "HTTP/1.1 200 OK"
2026-09-25 22:35:57,004 INFO    HTTP Request: GET http://localhost:9000/wp-json/wc/store/v1/products/1001 "HTTP/1.1 200 OK"
2026-09-25 22:35:57,010 INFO    HTTP Request: GET http://localhost:9000/wp-json/wc/store/v1/products/1001 "HTTP/1.1 200 OK"
2026-09-25 22:35:57,011 INFO    [1001] summary: mode=contest tail=300ms rem=99.9s reads=50 p50=4ms p95=7ms writes=3 p50=6ms p95=6ms prop=3 p50=50ms p95=51ms bids=3 last=1,285,000 current=1,285,000
2026-09-25 22:35:57,064 INFO    HTTP Request: GET http://localhost:9000/wp-json/wc/store/v1/products/1001 "HTTP/1.1 200 OK"
2026-09-25 22:35:57,068 INFO    HTTP Request: GET http://localhost:9000/wp-json/wc/store/v1/products/1001 "HTTP/1.1 200 OK"
2026-09-25 22:35:57,124 INFO    HTTP Request: GET http://localhost:9000/wp-json/wc/store/v1/products/1001 "HTTP/1.1 200 OK"
2026-09-25 22:35:57,129 INFO    HTTP Request: GET http://localhost:9000/wp-json/wc/store/v1/products/1001 "HTTP/1.1 200 OK"
2026-09-25 22:35:57,183 INFO    HTTP Request: GET http://localhost:9000/wp-json/wc/store/v1/products/1001 "HTTP/1.1 200 OK"
2026-09-25 22:35:57,187 INFO    HTTP Request: GET http://localhost:9000/wp-json/wc/store/v1/products/1001 "HTTP/1.1 200 OK"
2026-09-25 22:35:57,244 INFO    HTTP Request: GET http://localhost:9000/wp-json/wc/store/v1/products/1001 "HTTP/1.1 200 OK"
2026-09-25 22:35:57,248 INFO    HTTP Request: GET http://localhost:9000/wp-json/wc/store/v1/products/1001 "HTTP/1.1 200 OK"
2026-09-25 22:35:57,302 INFO    HTTP Request: GET http://localhost:9000/wp-json/wc/store/v1/products/1001 "HTTP/1.1 200 OK"
2026-09-25 22:35:57,309 INFO    HTTP Request: GET http://localhost:9000/wp-json/wc/store/v1/products/1001 "HTTP/1.1 200 OK"
2026-09-25 22:35:57,363 INFO    HTTP Request: GET http://localhost:9000/wp-json/wc/store/v1/products/1001 "HTTP/1.1 200 OK"
2026-09-25 22:35:57,367 INFO    HTTP Request: GET http://localhost:9000/wp-json/wc/store/v1/products/1001 "HTTP/1.1 200 OK"
2026-09-25 22:35:57,423 INFO    HTTP Request: GET http://localhost:9000/wp-json/wc/store/v1/products/1001 "HTTP/1.1 200 OK"
2026-09-25 22:35:57,428 INFO    HTTP Request: GET http://localhost:9000/wp-json/wc/store/v1/products/1001 "HTTP/1.1 200 OK"
2026-09-25 22:35:57,482 INFO    HTTP Request: GET http://localhost:9000/wp-json/wc/store/v1/products/1001 "HTTP/1.1 200 OK"
2026-09-25 22:35:57,486 INFO    HTTP Request: GET http://localhost:9000/wp-json/wc/store/v1/products/1001 "HTTP/1.1 200 OK"
2026-09-25 22:35:57,544 INFO    HTTP Request: GET http://localhost:9000/wp-json/wc/store/v1/products/1001 "HTTP/1.1 200 OK"
2026-09-25 22:35:57,548 INFO    HTTP Request: GET http://localhost:9000/wp-json/wc/store/v1/products/1001 "HTTP/1.1 200 OK"
2026-09-25 22:35:57,602 INFO    HTTP Request: GET http://localhost:9000/wp-json/wc/store/v1/products/1001 "HTTP/1.1 200 OK"
2026-09-25 22:35:57,608 INFO    HTTP Request: GET http://localhost:9000/wp-json/wc/store/v1/products/1001 "HTTP/1.1 200 OK"
2026-09-25 22:35:57,662 INFO    HTTP Request: GET http://localhost:9000/wp-json/wc/store/v1/products/1001 "HTTP/1.1 200 OK"
2026-09-25 22:35:57,665 INFO    HTTP Request: GET http://localhost:9000/wp-json/wc/store/v1/products/1001 "HTTP/1.1 200 OK"
2026-09-25 22:35:57,720 INFO    HTTP Request: GET http://localhost:9000/wp-json/wc/store/v1/products/1001 "HTTP/1.1 200 OK"
2026-09-25 22:35:57,727 INFO    HTTP Request: GET http://localhost:9000/wp-json/wc/store/v1/products/1001 "HTTP/1.1 200 OK"
2026-09-25 22:35:57,780 INFO    HTTP Request: GET http://localhost:9000/wp-json/wc/store/v1/products/1001 "HTTP/1.1 200 OK"
2026-09-25 22:35:57,783 INFO    HTTP Request: GET http://localhost:9000/wp-json/wc/store/v1/products/1001 "HTTP/1.1 200 OK"
2026-09-25 22:35:57,835 INFO    HTTP Request: GET http://localhost:9000/wp-json/wc/store/v1/products/1001 "HTTP/1.1 200 OK"
2026-09-25 22:35:57,837 INFO    HTTP Request: GET http://localhost:9000/wp-json/wc/store/v1/products/1001 "HTTP/1.1 200 OK"
2026-09-25 22:35:57,893 INFO    HTTP Request: GET http://localhost:9000/wp-json/wc/store/v1/products/1001 "HTTP/1.1 200 OK"
2026-09-25 22:35:57,895 INFO    HTTP Request: GET http://localhost:9000/wp-json/wc/store/v1/products/1001 "HTTP/1.1 200 OK"
2026-09-25 22:35:57,952 INFO    HTTP Request: GET http://localhost:9000/wp-json/wc/store/v1/products/1001 "HTTP/1.1 200 OK"
2026-09-25 22:35:57,962 INFO    HTTP Request: GET http://localhost:9000/wp-json/wc/store/v1/products/1001 "HTTP/1.1 200 OK"
2026-09-25 22:35:58,028 INFO    HTTP Request: GET http://localhost:9000/wp-json/wc/store/v1/products/1001 "HTTP/1.1 200 OK"
2026-09-25 22:35:58,036 INFO    HTTP Request: GET http://localhost:9000/wp-json/wc/store/v1/products/1001 "HTTP/1.1 200 OK"
2026-09-25 22:35:58,092 INFO    HTTP Request: GET http://localhost:9000/wp-json/wc/store/v1/products/1001 "HTTP/1.1 200 OK"
2026-09-25 22:35:58,098 INFO    HTTP Request: GET http://localhost:9000/wp-json/wc/store/v1/products/1001 "HTTP/1.1 200 OK"
2026-09-25 22:35:58,151 INFO    HTTP Request: GET http://localhost:9000/wp-json/wc/store/v1/products/1001 "HTTP/1.1 200 OK"
2026-09-25 22:35:58,153 INFO    HTTP Request: GET http://localhost:9000/wp-json/wc/store/v1/products/1001 "HTTP/1.1 200 OK"
2026-09-25 22:35:58,207 INFO    HTTP Request: GET http://localhost:9000/wp-json/wc/store/v1/products/1001 "HTTP/1.1 200 OK"
2026-09-25 22:35:58,209 INFO    HTTP Request: GET http://localhost:9000/wp-json/wc/store/v1/products/1001 "HTTP/1.1 200 OK"
2026-09-25 22:35:58,261 INFO    HTTP Request: GET http://localhost:9000/wp-json/wc/store/v1/products/1001 "HTTP/1.1 200 OK"
2026-09-25 22:35:58,263 INFO    HTTP Request: GET http://localhost:9000/wp-json/wc/store/v1/products/1001 "HTTP/1.1 200 OK"
2026-09-25 22:35:58,315 INFO    HTTP Request: GET http://localhost:9000/wp-json/wc/store/v1/products/1001 "HTTP/1.1 200 OK"
2026-09-25 22:35:58,317 INFO    HTTP Request: GET http://localhost:9000/wp-json/wc/store/v1/products/1001 "HTTP/1.1 200 OK"
2026-09-25 22:35:58,370 INFO    HTTP Request: GET http://localhost:9000/wp-json/wc/store/v1/products/1001 "HTTP/1.1 200 OK"
2026-09-25 22:35:58,377 INFO    HTTP Request: GET http://localhost:9000/wp-json/wc/store/v1/products/1001 "HTTP/1.1 200 OK"
2026-09-25 22:35:58,433 INFO    HTTP Request: GET http://localhost:9000/wp-json/wc/store/v1/products/1001 "HTTP/1.1 200 OK"
2026-09-25 22:35:58,437 INFO    HTTP Request: GET http://localhost:9000/wp-json/wc/store/v1/products/1001 "HTTP/1.1 200 OK"
2026-09-25 22:35:58,498 INFO    HTTP Request: GET http://localhost:9000/wp-json/wc/store/v1/products/1001 "HTTP/1.1 200 OK"
2026-09-25 22:35:58,502 INFO    HTTP Request: GET http://localhost:9000/wp-json/wc/store/v1/products/1001 "HTTP/1.1 200 OK"
2026-09-25 22:35:58,560 INFO    HTTP Request: GET http://localhost:9000/wp-json/wc/store/v1/products/1001 "HTTP/1.1 200 OK"
2026-09-25 22:35:58,566 INFO    HTTP Request: GET http://localhost:9000/wp-json/wc/store/v1/products/1001 "HTTP/1.1 200 OK"
2026-09-25 22:35:58,619 INFO    HTTP Request: GET http://localhost:9000/wp-json/wc/store/v1/products/1001 "HTTP/1.1 200 OK"
2026-09-25 22:35:58,622 INFO    HTTP Request: GET http://localhost:9000/wp-json/wc/store/v1/products/1001 "HTTP/1.1 200 OK"
2026-09-25 22:35:58,680 INFO    HTTP Request: GET http://localhost:9000/wp-json/wc/store/v1/products/1001 "HTTP/1.1 200 OK"
2026-09-25 22:35:58,684 INFO    HTTP Request: GET http://localhost:9000/wp-json/wc/store/v1/products/1001 "HTTP/1.1 200 OK"
2026-09-25 22:35:58,736 INFO    HTTP Request: GET http://localhost:9000/wp-json/wc/store/v1/products/1001 "HTTP/1.1 200 OK"
2026-09-25 22:35:58,744 INFO    HTTP Request: GET http://localhost:9000/wp-json/wc/store/v1/products/1001 "HTTP/1.1 200 OK"
2026-09-25 22:35:58,798 INFO    HTTP Request: GET http://localhost:9000/wp-json/wc/store/v1/products/1001 "HTTP/1.1 200 OK"
2026-09-25 22:35:58,802 INFO    HTTP Request: GET http://localhost:9000/wp-json/wc/store/v1/products/1001 "HTTP/1.1 200 OK"
2026-09-25 22:35:58,857 INFO    HTTP Request: GET http://localhost:9000/wp-json/wc/store/v1/products/1001 "HTTP/1.1 200 OK"
2026-09-25 22:35:58,860 INFO    HTTP Request: GET http://localhost:9000/wp-json/wc/store/v1/products/1001 "HTTP/1.1 200 OK"
2026-09-25 22:35:58,913 INFO    HTTP Request: GET http://localhost:9000/wp-json/wc/store/v1/products/1001 "HTTP/1.1 200 OK"
2026-09-25 22:35:58,915 INFO    HTTP Request: GET http://localhost:9000/wp-json/wc/store/v1/products/1001 "HTTP/1.1 200 OK"
2026-09-25 22:35:58,968 INFO    HTTP Request: GET http://localhost:9000/wp-json/wc/store/v1/products/1001 "HTTP/1.1 200 OK"
2026-09-25 22:35:58,970 INFO    HTTP Request: GET http://localhost:9000/wp-json/wc/store/v1/products/1001 "HTTP/1.1 200 OK"
2026-09-25 22:35:59,028 INFO    HTTP Request: GET http://localhost:9000/wp-json/wc/store/v1/products/1001 "HTTP/1.1 200 OK"
2026-09-25 22:35:59,033 INFO    HTTP Request: GET http://localhost:9000/wp-json/wc/store/v1/products/1001 "HTTP/1.1 200 OK"
2026-09-25 22:35:59,093 INFO    HTTP Request: GET http://localhost:9000/wp-json/wc/store/v1/products/1001 "HTTP/1.1 200 OK"
2026-09-25 22:35:59,102 INFO    HTTP Request: GET http://localhost:9000/wp-json/wc/store/v1/products/1001 "HTTP/1.1 200 OK"
2026-09-25 22:35:59,160 INFO    HTTP Request: GET http://localhost:9000/wp-json/wc/store/v1/products/1001 "HTTP/1.1 200 OK"
2026-09-25 22:35:59,166 INFO    HTTP Request: GET http://localhost:9000/wp-json/wc/store/v1/products/1001 "HTTP/1.1 200 OK"
2026-09-25 22:35:59,227 INFO    HTTP Request: GET http://localhost:9000/wp-json/wc/store/v1/products/1001 "HTTP/1.1 200 OK"
2026-09-25 22:35:59,247 INFO    HTTP Request: GET http://localhost:9000/wp-json/wc/store/v1/products/1001 "HTTP/1.1 200 OK"
2026-09-25 22:35:59,306 INFO    HTTP Request: GET http://localhost:9000/wp-json/wc/store/v1/products/1001 "HTTP/1.1 200 OK"
2026-09-25 22:35:59,312 INFO    HTTP Request: GET http://localhost:9000/wp-json/wc/store/v1/products/1001 "HTTP/1.1 200 OK"
2026-09-25 22:35:59,365 INFO    HTTP Request: GET http://localhost:9000/wp-json/wc/store/v1/products/1001 "HTTP/1.1 200 OK"
2026-09-25 22:35:59,368 INFO    HTTP Request: GET http://localhost:9000/wp-json/wc/store/v1/products/1001 "HTTP/1.1 200 OK"
2026-09-25 22:35:59,427 INFO    HTTP Request: GET http://localhost:9000/wp-json/wc/store/v1/products/1001 "HTTP/1.1 200 OK"
2026-09-25 22:35:59,430 INFO    HTTP Request: GET http://localhost:9000/wp-json/wc/store/v1/products/1001 "HTTP/1.1 200 OK"
2026-09-25 22:35:59,482 INFO    HTTP Request: GET http://localhost:9000/wp-json/wc/store/v1/products/1001 "HTTP/1.1 200 OK"
2026-09-25 22:35:59,484 INFO    HTTP Request: GET http://localhost:9000/wp-json/wc/store/v1/products/1001 "HTTP/1.1 200 OK"
2026-09-25 22:35:59,536 INFO    HTTP Request: GET http://localhost:9000/wp-json/wc/store/v1/products/1001 "HTTP/1.1 200 OK"
2026-09-25 22:35:59,543 INFO    HTTP Request: GET http://localhost:9000/wp-json/wc/store/v1/products/1001 "HTTP/1.1 200 OK"
2026-09-25 22:35:59,595 INFO    HTTP Request: GET http://localhost:9000/wp-json/wc/store/v1/products/1001 "HTTP/1.1 200 OK"
2026-09-25 22:35:59,597 INFO    HTTP Request: GET http://localhost:9000/wp-json/wc/store/v1/products/1001 "HTTP/1.1 200 OK"
2026-09-25 22:35:59,650 INFO    HTTP Request: GET http://localhost:9000/wp-json/wc/store/v1/products/1001 "HTTP/1.1 200 OK"
2026-09-25 22:35:59,652 INFO    HTTP Request: GET http://localhost:9000/wp-json/wc/store/v1/products/1001 "HTTP/1.1 200 OK"
2026-09-25 22:35:59,705 INFO    HTTP Request: GET http://localhost:9000/wp-json/wc/store/v1/products/1001 "HTTP/1.1 200 OK"
2026-09-25 22:35:59,709 INFO    HTTP Request: GET http://localhost:9000/wp-json/wc/store/v1/products/1001 "HTTP/1.1 200 OK"
2026-09-25 22:35:59,762 INFO    HTTP Request: GET http://localhost:9000/wp-json/wc/store/v1/products/1001 "HTTP/1.1 200 OK"
2026-09-25 22:35:59,765 INFO    HTTP Request: GET http://localhost:9000/wp-json/wc/store/v1/products/1001 "HTTP/1.1 200 OK"
2026-09-25 22:35:59,818 INFO    HTTP Request: GET http://localhost:9000/wp-json/wc/store/v1/products/1001 "HTTP/1.1 200 OK"
2026-09-25 22:35:59,823 INFO    HTTP Request: GET http://localhost:9000/wp-json/wc/store/v1/products/1001 "HTTP/1.1 200 OK"
2026-09-25 22:35:59,877 INFO    HTTP Request: GET http://localhost:9000/wp-json/wc/store/v1/products/1001 "HTTP/1.1 200 OK"
2026-09-25 22:35:59,880 INFO    HTTP Request: GET http://localhost:9000/wp-json/wc/store/v1/products/1001 "HTTP/1.1 200 OK"
2026-09-25 22:35:59,933 INFO    HTTP Request: GET http://localhost:9000/wp-json/wc/store/v1/products/1001 "HTTP/1.1 200 OK"
2026-09-25 22:35:59,936 INFO    HTTP Request: GET http://localhost:9000/wp-json/wc/store/v1/products/1001 "HTTP/1.1 200 OK"
2026-09-25 22:35:59,993 INFO    HTTP Request: GET http://localhost:9000/wp-json/wc/store/v1/products/1001 "HTTP/1.1 200 OK"
2026-09-25 22:35:59,996 INFO    HTTP Request: GET http://localhost:9000/wp-json/wc/store/v1/products/1001 "HTTP/1.1 200 OK"
2026-09-25 22:36:00,049 INFO    HTTP Request: GET http://localhost:9000/wp-json/wc/store/v1/products/1001 "HTTP/1.1 200 OK"
2026-09-25 22:36:00,052 INFO    HTTP Request: GET http://localhost:9000/wp-json/wc/store/v1/products/1001 "HTTP/1.1 200 OK"
2026-09-25 22:36:00,115 INFO    HTTP Request: GET http://localhost:9000/wp-json/wc/store/v1/products/1001 "HTTP/1.1 200 OK"
2026-09-25 22:36:00,127 INFO    HTTP Request: GET http://localhost:9000/wp-json/wc/store/v1/products/1001 "HTTP/1.1 200 OK"
2026-09-25 22:36:00,184 INFO    HTTP Request: GET http://localhost:9000/wp-json/wc/store/v1/products/1001 "HTTP/1.1 200 OK"
2026-09-25 22:36:00,197 INFO    HTTP Request: GET http://localhost:9000/wp-json/wc/store/v1/products/1001 "HTTP/1.1 200 OK"
2026-09-25 22:36:00,254 INFO    HTTP Request: GET http://localhost:9000/wp-json/wc/store/v1/products/1001 "HTTP/1.1 200 OK"
2026-09-25 22:36:00,260 INFO    HTTP Request: GET http://localhost:9000/wp-json/wc/store/v1/products/1001 "HTTP/1.1 200 OK"
2026-09-25 22:36:00,312 INFO    HTTP Request: GET http://localhost:9000/wp-json/wc/store/v1/products/1001 "HTTP/1.1 200 OK"
2026-09-25 22:36:00,314 INFO    HTTP Request: GET http://localhost:9000/wp-json/wc/store/v1/products/1001 "HTTP/1.1 200 OK"
2026-09-25 22:36:00,366 INFO    HTTP Request: GET http://localhost:9000/wp-json/wc/store/v1/products/1001 "HTTP/1.1 200 OK"
2026-09-25 22:36:00,368 INFO    HTTP Request: GET http://localhost:9000/wp-json/wc/store/v1/products/1001 "HTTP/1.1 200 OK"
2026-09-25 22:36:00,421 INFO    HTTP Request: GET http://localhost:9000/wp-json/wc/store/v1/products/1001 "HTTP/1.1 200 OK"
2026-09-25 22:36:00,427 INFO    HTTP Request: GET http://localhost:9000/wp-json/wc/store/v1/products/1001 "HTTP/1.1 200 OK"
2026-09-25 22:36:00,481 INFO    HTTP Request: GET http://localhost:9000/wp-json/wc/store/v1/products/1001 "HTTP/1.1 200 OK"
2026-09-25 22:36:00,484 INFO    HTTP Request: GET http://localhost:9000/wp-json/wc/store/v1/products/1001 "HTTP/1.1 200 OK"
2026-09-25 22:36:00,537 INFO    HTTP Request: GET http://localhost:9000/wp-json/wc/store/v1/products/1001 "HTTP/1.1 200 OK"
2026-09-25 22:36:00,542 INFO    HTTP Request: GET http://localhost:9000/wp-json/wc/store/v1/products/1001 "HTTP/1.1 200 OK"
2026-09-25 22:36:00,595 INFO    HTTP Request: GET http://localhost:9000/wp-json/wc/store/v1/products/1001 "HTTP/1.1 200 OK"
2026-09-25 22:36:00,599 INFO    HTTP Request: GET http://localhost:9000/wp-json/wc/store/v1/products/1001 "HTTP/1.1 200 OK"
2026-09-25 22:36:00,652 INFO    HTTP Request: GET http://localhost:9000/wp-json/wc/store/v1/products/1001 "HTTP/1.1 200 OK"
2026-09-25 22:36:00,657 INFO    HTTP Request: GET http://localhost:9000/wp-json/wc/store/v1/products/1001 "HTTP/1.1 200 OK"
2026-09-25 22:36:00,712 INFO    HTTP Request: GET http://localhost:9000/wp-json/wc/store/v1/products/1001 "HTTP/1.1 200 OK"
2026-09-25 22:36:00,718 INFO    HTTP Request: GET http://localhost:9000/wp-json/wc/store/v1/products/1001 "HTTP/1.1 200 OK"
2026-09-25 22:36:00,777 INFO    HTTP Request: GET http://localhost:9000/wp-json/wc/store/v1/products/1001 "HTTP/1.1 200 OK"
2026-09-25 22:36:00,781 INFO    HTTP Request: GET http://localhost:9000/wp-json/wc/store/v1/products/1001 "HTTP/1.1 200 OK"
2026-09-25 22:36:00,836 INFO    HTTP Request: GET http://localhost:9000/wp-json/wc/store/v1/products/1001 "HTTP/1.1 200 OK"
2026-09-25 22:36:00,842 INFO    HTTP Request: GET http://localhost:9000/wp-json/wc/store/v1/products/1001 "HTTP/1.1 200 OK"
2026-09-25 22:36:00,897 INFO    HTTP Request: GET http://localhost:9000/wp-json/wc/store/v1/products/1001 "HTTP/1.1 200 OK"
2026-09-25 22:36:00,901 INFO    HTTP Request: GET http://localhost:9000/wp-json/wc/store/v1/products/1001 "HTTP/1.1 200 OK"
2026-09-25 22:36:00,958 INFO    HTTP Request: GET http://localhost:9000/wp-json/wc/store/v1/products/1001 "HTTP/1.1 200 OK"
2026-09-25 22:36:00,962 INFO    HTTP Request: GET http://localhost:9000/wp-json/wc/store/v1/products/1001 "HTTP/1.1 200 OK"
2026-09-25 22:36:01,017 INFO    HTTP Request: GET http://localhost:9000/wp-json/wc/store/v1/products/1001 "HTTP/1.1 200 OK"
2026-09-25 22:36:01,023 INFO    HTTP Request: GET http://localhost:9000/wp-json/wc/store/v1/products/1001 "HTTP/1.1 200 OK"
2026-09-25 22:36:01,026 INFO    [1001] price 1,325,000 (my_last=1,285,000, bids=3, rem=95.9s)
2026-09-25 22:36:01,032 INFO    HTTP Request: POST http://localhost:9000/wp-admin/admin-ajax "HTTP/1.1 200 OK"
2026-09-25 22:36:01,041 INFO    [1001] fire 1,330,000 (contest) → success=True (0.007s)
2026-09-25 22:36:01,096 INFO    HTTP Request: GET http://localhost:9000/wp-json/wc/store/v1/products/1001 "HTTP/1.1 200 OK"
2026-09-25 22:36:01,099 INFO    HTTP Request: GET http://localhost:9000/wp-json/wc/store/v1/products/1001 "HTTP/1.1 200 OK"
2026-09-25 22:36:01,100 INFO    [1001] propagation 0.050s (bid=1,330,000 now_visible)
2026-09-25 22:36:01,100 INFO    [1001] price 1,330,000 (my_last=1,330,000, bids=4, rem=95.9s)
2026-09-25 22:36:01,152 INFO    HTTP Request: GET http://localhost:9000/wp-json/wc/store/v1/products/1001 "HTTP/1.1 200 OK"
2026-09-25 22:36:01,157 INFO    HTTP Request: GET http://localhost:9000/wp-json/wc/store/v1/products/1001 "HTTP/1.1 200 OK"
2026-09-25 22:36:01,210 INFO    HTTP Request: GET http://localhost:9000/wp-json/wc/store/v1/products/1001 "HTTP/1.1 200 OK"
2026-09-25 22:36:01,213 INFO    HTTP Request: GET http://localhost:9000/wp-json/wc/store/v1/products/1001 "HTTP/1.1 200 OK"
2026-09-25 22:36:01,266 INFO    HTTP Request: GET http://localhost:9000/wp-json/wc/store/v1/products/1001 "HTTP/1.1 200 OK"
2026-09-25 22:36:01,269 INFO    HTTP Request: GET http://localhost:9000/wp-json/wc/store/v1/products/1001 "HTTP/1.1 200 OK"
2026-09-25 22:36:01,326 INFO    HTTP Request: GET http://localhost:9000/wp-json/wc/store/v1/products/1001 "HTTP/1.1 200 OK"
2026-09-25 22:36:01,329 INFO    HTTP Request: GET http://localhost:9000/wp-json/wc/store/v1/products/1001 "HTTP/1.1 200 OK"
2026-09-25 22:36:01,384 INFO    HTTP Request: GET http://localhost:9000/wp-json/wc/store/v1/products/1001 "HTTP/1.1 200 OK"
2026-09-25 22:36:01,388 INFO    HTTP Request: GET http://localhost:9000/wp-json/wc/store/v1/products/1001 "HTTP/1.1 200 OK"
2026-09-25 22:36:01,444 INFO    HTTP Request: GET http://localhost:9000/wp-json/wc/store/v1/products/1001 "HTTP/1.1 200 OK"
2026-09-25 22:36:01,448 INFO    HTTP Request: GET http://localhost:9000/wp-json/wc/store/v1/products/1001 "HTTP/1.1 200 OK"
2026-09-25 22:36:01,502 INFO    HTTP Request: GET http://localhost:9000/wp-json/wc/store/v1/products/1001 "HTTP/1.1 200 OK"
2026-09-25 22:36:01,508 INFO    HTTP Request: GET http://localhost:9000/wp-json/wc/store/v1/products/1001 "HTTP/1.1 200 OK"
2026-09-25 22:36:01,563 INFO    HTTP Request: GET http://localhost:9000/wp-json/wc/store/v1/products/1001 "HTTP/1.1 200 OK"
2026-09-25 22:36:01,567 INFO    HTTP Request: GET http://localhost:9000/wp-json/wc/store/v1/products/1001 "HTTP/1.1 200 OK"
2026-09-25 22:36:01,622 INFO    HTTP Request: GET http://localhost:9000/wp-json/wc/store/v1/products/1001 "HTTP/1.1 200 OK"
2026-09-25 22:36:01,627 INFO    HTTP Request: GET http://localhost:9000/wp-json/wc/store/v1/products/1001 "HTTP/1.1 200 OK"
2026-09-25 22:36:01,681 INFO    HTTP Request: GET http://localhost:9000/wp-json/wc/store/v1/products/1001 "HTTP/1.1 200 OK"
2026-09-25 22:36:01,685 INFO    HTTP Request: GET http://localhost:9000/wp-json/wc/store/v1/products/1001 "HTTP/1.1 200 OK"
2026-09-25 22:36:01,741 INFO    HTTP Request: GET http://localhost:9000/wp-json/wc/store/v1/products/1001 "HTTP/1.1 200 OK"
2026-09-25 22:36:01,745 INFO    HTTP Request: GET http://localhost:9000/wp-json/wc/store/v1/products/1001 "HTTP/1.1 200 OK"
2026-09-25 22:36:01,799 INFO    HTTP Request: GET http://localhost:9000/wp-json/wc/store/v1/products/1001 "HTTP/1.1 200 OK"
2026-09-25 22:36:01,803 INFO    HTTP Request: GET http://localhost:9000/wp-json/wc/store/v1/products/1001 "HTTP/1.1 200 OK"
2026-09-25 22:36:01,860 INFO    HTTP Request: GET http://localhost:9000/wp-json/wc/store/v1/products/1001 "HTTP/1.1 200 OK"
2026-09-25 22:36:01,864 INFO    HTTP Request: GET http://localhost:9000/wp-json/wc/store/v1/products/1001 "HTTP/1.1 200 OK"
2026-09-25 22:36:01,918 INFO    HTTP Request: GET http://localhost:9000/wp-json/wc/store/v1/products/1001 "HTTP/1.1 200 OK"
2026-09-25 22:36:01,922 INFO    HTTP Request: GET http://localhost:9000/wp-json/wc/store/v1/products/1001 "HTTP/1.1 200 OK"
2026-09-25 22:36:01,977 INFO    HTTP Request: GET http://localhost:9000/wp-json/wc/store/v1/products/1001 "HTTP/1.1 200 OK"
2026-09-25 22:36:01,981 INFO    HTTP Request: GET http://localhost:9000/wp-json/wc/store/v1/products/1001 "HTTP/1.1 200 OK"
2026-09-25 22:36:02,037 INFO    HTTP Request: GET http://localhost:9000/wp-json/wc/store/v1/products/1001 "HTTP/1.1 200 OK"
2026-09-25 22:36:02,041 INFO    HTTP Request: GET http://localhost:9000/wp-json/wc/store/v1/products/1001 "HTTP/1.1 200 OK"
2026-09-25 22:36:02,042 INFO    [1001] summary: mode=contest tail=300ms rem=94.9s reads=50 p50=4ms p95=7ms writes=4 p50=6ms p95=7ms prop=4 p50=50ms p95=51ms bids=4 last=1,330,000 current=1,330,000
2026-09-25 22:36:02,095 INFO    HTTP Request: GET http://localhost:9000/wp-json/wc/store/v1/products/1001 "HTTP/1.1 200 OK"
2026-09-25 22:36:02,099 INFO    HTTP Request: GET http://localhost:9000/wp-json/wc/store/v1/products/1001 "HTTP/1.1 200 OK"
2026-09-25 22:36:02,154 INFO    HTTP Request: GET http://localhost:9000/wp-json/wc/store/v1/products/1001 "HTTP/1.1 200 OK"
2026-09-25 22:36:02,159 INFO    HTTP Request: GET http://localhost:9000/wp-json/wc/store/v1/products/1001 "HTTP/1.1 200 OK"
2026-09-25 22:36:02,213 INFO    HTTP Request: GET http://localhost:9000/wp-json/wc/store/v1/products/1001 "HTTP/1.1 200 OK"
2026-09-25 22:36:02,217 INFO    HTTP Request: GET http://localhost:9000/wp-json/wc/store/v1/products/1001 "HTTP/1.1 200 OK"
2026-09-25 22:36:02,271 INFO    HTTP Request: GET http://localhost:9000/wp-json/wc/store/v1/products/1001 "HTTP/1.1 200 OK"
2026-09-25 22:36:02,276 INFO    HTTP Request: GET http://localhost:9000/wp-json/wc/store/v1/products/1001 "HTTP/1.1 200 OK"
2026-09-25 22:36:02,330 INFO    HTTP Request: GET http://localhost:9000/wp-json/wc/store/v1/products/1001 "HTTP/1.1 200 OK"
2026-09-25 22:36:02,334 INFO    HTTP Request: GET http://localhost:9000/wp-json/wc/store/v1/products/1001 "HTTP/1.1 200 OK"
2026-09-25 22:36:02,389 INFO    HTTP Request: GET http://localhost:9000/wp-json/wc/store/v1/products/1001 "HTTP/1.1 200 OK"
2026-09-25 22:36:02,394 INFO    HTTP Request: GET http://localhost:9000/wp-json/wc/store/v1/products/1001 "HTTP/1.1 200 OK"
2026-09-25 22:36:02,448 INFO    HTTP Request: GET http://localhost:9000/wp-json/wc/store/v1/products/1001 "HTTP/1.1 200 OK"
2026-09-25 22:36:02,452 INFO    HTTP Request: GET http://localhost:9000/wp-json/wc/store/v1/products/1001 "HTTP/1.1 200 OK"
2026-09-25 22:36:02,508 INFO    HTTP Request: GET http://localhost:9000/wp-json/wc/store/v1/products/1001 "HTTP/1.1 200 OK"
2026-09-25 22:36:02,512 INFO    HTTP Request: GET http://localhost:9000/wp-json/wc/store/v1/products/1001 "HTTP/1.1 200 OK"
2026-09-25 22:36:02,565 INFO    HTTP Request: GET http://localhost:9000/wp-json/wc/store/v1/products/1001 "HTTP/1.1 200 OK"
2026-09-25 22:36:02,569 INFO    HTTP Request: GET http://localhost:9000/wp-json/wc/store/v1/products/1001 "HTTP/1.1 200 OK"
2026-09-25 22:36:02,627 INFO    HTTP Request: GET http://localhost:9000/wp-json/wc/store/v1/products/1001 "HTTP/1.1 200 OK"
2026-09-25 22:36:02,630 INFO    HTTP Request: GET http://localhost:9000/wp-json/wc/store/v1/products/1001 "HTTP/1.1 200 OK"
2026-09-25 22:36:02,684 INFO    HTTP Request: GET http://localhost:9000/wp-json/wc/store/v1/products/1001 "HTTP/1.1 200 OK"
2026-09-25 22:36:02,689 INFO    HTTP Request: GET http://localhost:9000/wp-json/wc/store/v1/products/1001 "HTTP/1.1 200 OK"
2026-09-25 22:36:02,745 INFO    HTTP Request: GET http://localhost:9000/wp-json/wc/store/v1/products/1001 "HTTP/1.1 200 OK"
2026-09-25 22:36:02,748 INFO    HTTP Request: GET http://localhost:9000/wp-json/wc/store/v1/products/1001 "HTTP/1.1 200 OK"
2026-09-25 22:36:02,801 INFO    HTTP Request: GET http://localhost:9000/wp-json/wc/store/v1/products/1001 "HTTP/1.1 200 OK"
2026-09-25 22:36:02,805 INFO    HTTP Request: GET http://localhost:9000/wp-json/wc/store/v1/products/1001 "HTTP/1.1 200 OK"
2026-09-25 22:36:02,859 INFO    HTTP Request: GET http://localhost:9000/wp-json/wc/store/v1/products/1001 "HTTP/1.1 200 OK"
2026-09-25 22:36:02,861 INFO    HTTP Request: GET http://localhost:9000/wp-json/wc/store/v1/products/1001 "HTTP/1.1 200 OK"
2026-09-25 22:36:02,913 INFO    HTTP Request: GET http://localhost:9000/wp-json/wc/store/v1/products/1001 "HTTP/1.1 200 OK"
2026-09-25 22:36:02,915 INFO    HTTP Request: GET http://localhost:9000/wp-json/wc/store/v1/products/1001 "HTTP/1.1 200 OK"
2026-09-25 22:36:02,968 INFO    HTTP Request: GET http://localhost:9000/wp-json/wc/store/v1/products/1001 "HTTP/1.1 200 OK"
2026-09-25 22:36:02,970 INFO    HTTP Request: GET http://localhost:9000/wp-json/wc/store/v1/products/1001 "HTTP/1.1 200 OK"
2026-09-25 22:36:03,025 INFO    HTTP Request: GET http://localhost:9000/wp-json/wc/store/v1/products/1001 "HTTP/1.1 200 OK"
2026-09-25 22:36:03,027 INFO    HTTP Request: GET http://localhost:9000/wp-json/wc/store/v1/products/1001 "HTTP/1.1 200 OK"
2026-09-25 22:36:03,079 INFO    HTTP Request: GET http://localhost:9000/wp-json/wc/store/v1/products/1001 "HTTP/1.1 200 OK"
2026-09-25 22:36:03,082 INFO    HTTP Request: GET http://localhost:9000/wp-json/wc/store/v1/products/1001 "HTTP/1.1 200 OK"
2026-09-25 22:36:03,135 INFO    HTTP Request: GET http://localhost:9000/wp-json/wc/store/v1/products/1001 "HTTP/1.1 200 OK"
2026-09-25 22:36:03,139 INFO    HTTP Request: GET http://localhost:9000/wp-json/wc/store/v1/products/1001 "HTTP/1.1 200 OK"
2026-09-25 22:36:03,195 INFO    HTTP Request: GET http://localhost:9000/wp-json/wc/store/v1/products/1001 "HTTP/1.1 200 OK"
2026-09-25 22:36:03,199 INFO    HTTP Request: GET http://localhost:9000/wp-json/wc/store/v1/products/1001 "HTTP/1.1 200 OK"
2026-09-25 22:36:03,255 INFO    HTTP Request: GET http://localhost:9000/wp-json/wc/store/v1/products/1001 "HTTP/1.1 200 OK"
2026-09-25 22:36:03,260 INFO    HTTP Request: GET http://localhost:9000/wp-json/wc/store/v1/products/1001 "HTTP/1.1 200 OK"
2026-09-25 22:36:03,315 INFO    HTTP Request: GET http://localhost:9000/wp-json/wc/store/v1/products/1001 "HTTP/1.1 200 OK"
2026-09-25 22:36:03,320 INFO    HTTP Request: GET http://localhost:9000/wp-json/wc/store/v1/products/1001 "HTTP/1.1 200 OK"
2026-09-25 22:36:03,379 INFO    HTTP Request: GET http://localhost:9000/wp-json/wc/store/v1/products/1001 "HTTP/1.1 200 OK"
2026-09-25 22:36:03,385 INFO    HTTP Request: GET http://localhost:9000/wp-json/wc/store/v1/products/1001 "HTTP/1.1 200 OK"
2026-09-25 22:36:03,444 INFO    HTTP Request: GET http://localhost:9000/wp-json/wc/store/v1/products/1001 "HTTP/1.1 200 OK"
2026-09-25 22:36:03,448 INFO    HTTP Request: GET http://localhost:9000/wp-json/wc/store/v1/products/1001 "HTTP/1.1 200 OK"
2026-09-25 22:36:03,501 INFO    HTTP Request: GET http://localhost:9000/wp-json/wc/store/v1/products/1001 "HTTP/1.1 200 OK"
2026-09-25 22:36:03,504 INFO    HTTP Request: GET http://localhost:9000/wp-json/wc/store/v1/products/1001 "HTTP/1.1 200 OK"
2026-09-25 22:36:03,559 INFO    HTTP Request: GET http://localhost:9000/wp-json/wc/store/v1/products/1001 "HTTP/1.1 200 OK"
2026-09-25 22:36:03,561 INFO    HTTP Request: GET http://localhost:9000/wp-json/wc/store/v1/products/1001 "HTTP/1.1 200 OK"
2026-09-25 22:36:03,613 INFO    HTTP Request: GET http://localhost:9000/wp-json/wc/store/v1/products/1001 "HTTP/1.1 200 OK"
2026-09-25 22:36:03,615 INFO    HTTP Request: GET http://localhost:9000/wp-json/wc/store/v1/products/1001 "HTTP/1.1 200 OK"
2026-09-25 22:36:03,669 INFO    HTTP Request: GET http://localhost:9000/wp-json/wc/store/v1/products/1001 "HTTP/1.1 200 OK"
2026-09-25 22:36:03,674 INFO    HTTP Request: GET http://localhost:9000/wp-json/wc/store/v1/products/1001 "HTTP/1.1 200 OK"
2026-09-25 22:36:03,728 INFO    HTTP Request: GET http://localhost:9000/wp-json/wc/store/v1/products/1001 "HTTP/1.1 200 OK"
2026-09-25 22:36:03,731 INFO    HTTP Request: GET http://localhost:9000/wp-json/wc/store/v1/products/1001 "HTTP/1.1 200 OK"
2026-09-25 22:36:03,785 INFO    HTTP Request: GET http://localhost:9000/wp-json/wc/store/v1/products/1001 "HTTP/1.1 200 OK"
2026-09-25 22:36:03,790 INFO    HTTP Request: GET http://localhost:9000/wp-json/wc/store/v1/products/1001 "HTTP/1.1 200 OK"
2026-09-25 22:36:03,844 INFO    HTTP Request: GET http://localhost:9000/wp-json/wc/store/v1/products/1001 "HTTP/1.1 200 OK"
2026-09-25 22:36:03,849 INFO    HTTP Request: GET http://localhost:9000/wp-json/wc/store/v1/products/1001 "HTTP/1.1 200 OK"
2026-09-25 22:36:03,903 INFO    HTTP Request: GET http://localhost:9000/wp-json/wc/store/v1/products/1001 "HTTP/1.1 200 OK"
2026-09-25 22:36:03,908 INFO    HTTP Request: GET http://localhost:9000/wp-json/wc/store/v1/products/1001 "HTTP/1.1 200 OK"
2026-09-25 22:36:03,962 INFO    HTTP Request: GET http://localhost:9000/wp-json/wc/store/v1/products/1001 "HTTP/1.1 200 OK"
2026-09-25 22:36:03,966 INFO    HTTP Request: GET http://localhost:9000/wp-json/wc/store/v1/products/1001 "HTTP/1.1 200 OK"
2026-09-25 22:36:04,019 INFO    HTTP Request: GET http://localhost:9000/wp-json/wc/store/v1/products/1001 "HTTP/1.1 200 OK"
2026-09-25 22:36:04,025 INFO    HTTP Request: GET http://localhost:9000/wp-json/wc/store/v1/products/1001 "HTTP/1.1 200 OK"
2026-09-25 22:36:04,079 INFO    HTTP Request: GET http://localhost:9000/wp-json/wc/store/v1/products/1001 "HTTP/1.1 200 OK"
2026-09-25 22:36:04,083 INFO    HTTP Request: GET http://localhost:9000/wp-json/wc/store/v1/products/1001 "HTTP/1.1 200 OK"
2026-09-25 22:36:04,137 INFO    HTTP Request: GET http://localhost:9000/wp-json/wc/store/v1/products/1001 "HTTP/1.1 200 OK"
2026-09-25 22:36:04,141 INFO    HTTP Request: GET http://localhost:9000/wp-json/wc/store/v1/products/1001 "HTTP/1.1 200 OK"
2026-09-25 22:36:04,195 INFO    HTTP Request: GET http://localhost:9000/wp-json/wc/store/v1/products/1001 "HTTP/1.1 200 OK"
2026-09-25 22:36:04,199 INFO    HTTP Request: GET http://localhost:9000/wp-json/wc/store/v1/products/1001 "HTTP/1.1 200 OK"
2026-09-25 22:36:04,253 INFO    HTTP Request: GET http://localhost:9000/wp-json/wc/store/v1/products/1001 "HTTP/1.1 200 OK"
2026-09-25 22:36:04,259 INFO    HTTP Request: GET http://localhost:9000/wp-json/wc/store/v1/products/1001 "HTTP/1.1 200 OK"
2026-09-25 22:36:04,314 INFO    HTTP Request: GET http://localhost:9000/wp-json/wc/store/v1/products/1001 "HTTP/1.1 200 OK"
2026-09-25 22:36:04,318 INFO    HTTP Request: GET http://localhost:9000/wp-json/wc/store/v1/products/1001 "HTTP/1.1 200 OK"
2026-09-25 22:36:04,376 INFO    HTTP Request: GET http://localhost:9000/wp-json/wc/store/v1/products/1001 "HTTP/1.1 200 OK"
2026-09-25 22:36:04,382 INFO    HTTP Request: GET http://localhost:9000/wp-json/wc/store/v1/products/1001 "HTTP/1.1 200 OK"
2026-09-25 22:36:04,438 INFO    HTTP Request: GET http://localhost:9000/wp-json/wc/store/v1/products/1001 "HTTP/1.1 200 OK"
2026-09-25 22:36:04,444 INFO    HTTP Request: GET http://localhost:9000/wp-json/wc/store/v1/products/1001 "HTTP/1.1 200 OK"
2026-09-25 22:36:04,499 INFO    HTTP Request: GET http://localhost:9000/wp-json/wc/store/v1/products/1001 "HTTP/1.1 200 OK"
2026-09-25 22:36:04,503 INFO    HTTP Request: GET http://localhost:9000/wp-json/wc/store/v1/products/1001 "HTTP/1.1 200 OK"
2026-09-25 22:36:04,561 INFO    HTTP Request: GET http://localhost:9000/wp-json/wc/store/v1/products/1001 "HTTP/1.1 200 OK"
2026-09-25 22:36:04,565 INFO    HTTP Request: GET http://localhost:9000/wp-json/wc/store/v1/products/1001 "HTTP/1.1 200 OK"
2026-09-25 22:36:04,620 INFO    HTTP Request: GET http://localhost:9000/wp-json/wc/store/v1/products/1001 "HTTP/1.1 200 OK"
2026-09-25 22:36:04,626 INFO    HTTP Request: GET http://localhost:9000/wp-json/wc/store/v1/products/1001 "HTTP/1.1 200 OK"
2026-09-25 22:36:04,681 INFO    HTTP Request: GET http://localhost:9000/wp-json/wc/store/v1/products/1001 "HTTP/1.1 200 OK"
2026-09-25 22:36:04,685 INFO    HTTP Request: GET http://localhost:9000/wp-json/wc/store/v1/products/1001 "HTTP/1.1 200 OK"
2026-09-25 22:36:04,742 INFO    HTTP Request: GET http://localhost:9000/wp-json/wc/store/v1/products/1001 "HTTP/1.1 200 OK"
2026-09-25 22:36:04,746 INFO    HTTP Request: GET http://localhost:9000/wp-json/wc/store/v1/products/1001 "HTTP/1.1 200 OK"
2026-09-25 22:36:04,801 INFO    HTTP Request: GET http://localhost:9000/wp-json/wc/store/v1/products/1001 "HTTP/1.1 200 OK"
2026-09-25 22:36:04,808 INFO    HTTP Request: GET http://localhost:9000/wp-json/wc/store/v1/products/1001 "HTTP/1.1 200 OK"
2026-09-25 22:36:04,863 INFO    HTTP Request: GET http://localhost:9000/wp-json/wc/store/v1/products/1001 "HTTP/1.1 200 OK"
2026-09-25 22:36:04,867 INFO    HTTP Request: GET http://localhost:9000/wp-json/wc/store/v1/products/1001 "HTTP/1.1 200 OK"
2026-09-25 22:36:04,922 INFO    HTTP Request: GET http://localhost:9000/wp-json/wc/store/v1/products/1001 "HTTP/1.1 200 OK"
2026-09-25 22:36:04,927 INFO    HTTP Request: GET http://localhost:9000/wp-json/wc/store/v1/products/1001 "HTTP/1.1 200 OK"
2026-09-25 22:36:04,980 INFO    HTTP Request: GET http://localhost:9000/wp-json/wc/store/v1/products/1001 "HTTP/1.1 200 OK"
2026-09-25 22:36:04,982 INFO    HTTP Request: GET http://localhost:9000/wp-json/wc/store/v1/products/1001 "HTTP/1.1 200 OK"
2026-09-25 22:36:05,034 INFO    HTTP Request: GET http://localhost:9000/wp-json/wc/store/v1/products/1001 "HTTP/1.1 200 OK"
2026-09-25 22:36:05,036 INFO    HTTP Request: GET http://localhost:9000/wp-json/wc/store/v1/products/1001 "HTTP/1.1 200 OK"
2026-09-25 22:36:05,092 INFO    HTTP Request: GET http://localhost:9000/wp-json/wc/store/v1/products/1001 "HTTP/1.1 200 OK"
2026-09-25 22:36:05,095 INFO    HTTP Request: GET http://localhost:9000/wp-json/wc/store/v1/products/1001 "HTTP/1.1 200 OK"
2026-09-25 22:36:05,147 INFO    HTTP Request: GET http://localhost:9000/wp-json/wc/store/v1/products/1001 "HTTP/1.1 200 OK"
2026-09-25 22:36:05,150 INFO    HTTP Request: GET http://localhost:9000/wp-json/wc/store/v1/products/1001 "HTTP/1.1 200 OK"
2026-09-25 22:36:05,206 INFO    HTTP Request: GET http://localhost:9000/wp-json/wc/store/v1/products/1001 "HTTP/1.1 200 OK"
2026-09-25 22:36:05,210 INFO    HTTP Request: GET http://localhost:9000/wp-json/wc/store/v1/products/1001 "HTTP/1.1 200 OK"
2026-09-25 22:36:05,265 INFO    HTTP Request: GET http://localhost:9000/wp-json/wc/store/v1/products/1001 "HTTP/1.1 200 OK"
2026-09-25 22:36:05,269 INFO    HTTP Request: GET http://localhost:9000/wp-json/wc/store/v1/products/1001 "HTTP/1.1 200 OK"
2026-09-25 22:36:05,327 INFO    HTTP Request: GET http://localhost:9000/wp-json/wc/store/v1/products/1001 "HTTP/1.1 200 OK"
2026-09-25 22:36:05,331 INFO    HTTP Request: GET http://localhost:9000/wp-json/wc/store/v1/products/1001 "HTTP/1.1 200 OK"
2026-09-25 22:36:05,383 INFO    HTTP Request: GET http://localhost:9000/wp-json/wc/store/v1/products/1001 "HTTP/1.1 200 OK"
2026-09-25 22:36:05,386 INFO    HTTP Request: GET http://localhost:9000/wp-json/wc/store/v1/products/1001 "HTTP/1.1 200 OK"
2026-09-25 22:36:05,438 INFO    HTTP Request: GET http://localhost:9000/wp-json/wc/store/v1/products/1001 "HTTP/1.1 200 OK"
2026-09-25 22:36:05,442 INFO    HTTP Request: GET http://localhost:9000/wp-json/wc/store/v1/products/1001 "HTTP/1.1 200 OK"
2026-09-25 22:36:05,494 INFO    HTTP Request: GET http://localhost:9000/wp-json/wc/store/v1/products/1001 "HTTP/1.1 200 OK"
2026-09-25 22:36:05,497 INFO    HTTP Request: GET http://localhost:9000/wp-json/wc/store/v1/products/1001 "HTTP/1.1 200 OK"
2026-09-25 22:36:05,551 INFO    HTTP Request: GET http://localhost:9000/wp-json/wc/store/v1/products/1001 "HTTP/1.1 200 OK"
2026-09-25 22:36:05,557 INFO    HTTP Request: GET http://localhost:9000/wp-json/wc/store/v1/products/1001 "HTTP/1.1 200 OK"
2026-09-25 22:36:05,613 INFO    HTTP Request: GET http://localhost:9000/wp-json/wc/store/v1/products/1001 "HTTP/1.1 200 OK"
2026-09-25 22:36:05,618 INFO    HTTP Request: GET http://localhost:9000/wp-json/wc/store/v1/products/1001 "HTTP/1.1 200 OK"
2026-09-25 22:36:05,677 INFO    HTTP Request: GET http://localhost:9000/wp-json/wc/store/v1/products/1001 "HTTP/1.1 200 OK"
2026-09-25 22:36:05,682 INFO    HTTP Request: GET http://localhost:9000/wp-json/wc/store/v1/products/1001 "HTTP/1.1 200 OK"
2026-09-25 22:36:05,744 INFO    HTTP Request: GET http://localhost:9000/wp-json/wc/store/v1/products/1001 "HTTP/1.1 200 OK"
2026-09-25 22:36:05,750 INFO    HTTP Request: GET http://localhost:9000/wp-json/wc/store/v1/products/1001 "HTTP/1.1 200 OK"
2026-09-25 22:36:05,808 INFO    HTTP Request: GET http://localhost:9000/wp-json/wc/store/v1/products/1001 "HTTP/1.1 200 OK"
2026-09-25 22:36:05,814 INFO    HTTP Request: GET http://localhost:9000/wp-json/wc/store/v1/products/1001 "HTTP/1.1 200 OK"
2026-09-25 22:36:05,871 INFO    HTTP Request: GET http://localhost:9000/wp-json/wc/store/v1/products/1001 "HTTP/1.1 200 OK"
2026-09-25 22:36:05,878 INFO    HTTP Request: GET http://localhost:9000/wp-json/wc/store/v1/products/1001 "HTTP/1.1 200 OK"
2026-09-25 22:36:05,933 INFO    HTTP Request: GET http://localhost:9000/wp-json/wc/store/v1/products/1001 "HTTP/1.1 200 OK"
2026-09-25 22:36:05,941 INFO    HTTP Request: GET http://localhost:9000/wp-json/wc/store/v1/products/1001 "HTTP/1.1 200 OK"
2026-09-25 22:36:05,998 INFO    HTTP Request: GET http://localhost:9000/wp-json/wc/store/v1/products/1001 "HTTP/1.1 200 OK"
2026-09-25 22:36:06,004 INFO    HTTP Request: GET http://localhost:9000/wp-json/wc/store/v1/products/1001 "HTTP/1.1 200 OK"
2026-09-25 22:36:06,062 INFO    HTTP Request: GET http://localhost:9000/wp-json/wc/store/v1/products/1001 "HTTP/1.1 200 OK"
2026-09-25 22:36:06,069 INFO    HTTP Request: GET http://localhost:9000/wp-json/wc/store/v1/products/1001 "HTTP/1.1 200 OK"
2026-09-25 22:36:06,131 INFO    HTTP Request: GET http://localhost:9000/wp-json/wc/store/v1/products/1001 "HTTP/1.1 200 OK"
2026-09-25 22:36:06,144 INFO    HTTP Request: GET http://localhost:9000/wp-json/wc/store/v1/products/1001 "HTTP/1.1 200 OK"
2026-09-25 22:36:06,201 INFO    HTTP Request: GET http://localhost:9000/wp-json/wc/store/v1/products/1001 "HTTP/1.1 200 OK"
2026-09-25 22:36:06,212 INFO    HTTP Request: GET http://localhost:9000/wp-json/wc/store/v1/products/1001 "HTTP/1.1 200 OK"
2026-09-25 22:36:06,266 INFO    HTTP Request: GET http://localhost:9000/wp-json/wc/store/v1/products/1001 "HTTP/1.1 200 OK"
2026-09-25 22:36:06,268 INFO    HTTP Request: GET http://localhost:9000/wp-json/wc/store/v1/products/1001 "HTTP/1.1 200 OK"
2026-09-25 22:36:06,323 INFO    HTTP Request: GET http://localhost:9000/wp-json/wc/store/v1/products/1001 "HTTP/1.1 200 OK"
2026-09-25 22:36:06,328 INFO    HTTP Request: GET http://localhost:9000/wp-json/wc/store/v1/products/1001 "HTTP/1.1 200 OK"
2026-09-25 22:36:06,380 INFO    HTTP Request: GET http://localhost:9000/wp-json/wc/store/v1/products/1001 "HTTP/1.1 200 OK"
2026-09-25 22:36:06,383 INFO    HTTP Request: GET http://localhost:9000/wp-json/wc/store/v1/products/1001 "HTTP/1.1 200 OK"
2026-09-25 22:36:06,436 INFO    HTTP Request: GET http://localhost:9000/wp-json/wc/store/v1/products/1001 "HTTP/1.1 200 OK"
2026-09-25 22:36:06,442 INFO    HTTP Request: GET http://localhost:9000/wp-json/wc/store/v1/products/1001 "HTTP/1.1 200 OK"
2026-09-25 22:36:06,496 INFO    HTTP Request: GET http://localhost:9000/wp-json/wc/store/v1/products/1001 "HTTP/1.1 200 OK"
2026-09-25 22:36:06,500 INFO    HTTP Request: GET http://localhost:9000/wp-json/wc/store/v1/products/1001 "HTTP/1.1 200 OK"
2026-09-25 22:36:06,554 INFO    HTTP Request: GET http://localhost:9000/wp-json/wc/store/v1/products/1001 "HTTP/1.1 200 OK"
2026-09-25 22:36:06,559 INFO    HTTP Request: GET http://localhost:9000/wp-json/wc/store/v1/products/1001 "HTTP/1.1 200 OK"
2026-09-25 22:36:06,613 INFO    HTTP Request: GET http://localhost:9000/wp-json/wc/store/v1/products/1001 "HTTP/1.1 200 OK"
2026-09-25 22:36:06,617 INFO    HTTP Request: GET http://localhost:9000/wp-json/wc/store/v1/products/1001 "HTTP/1.1 200 OK"
2026-09-25 22:36:06,674 INFO    HTTP Request: GET http://localhost:9000/wp-json/wc/store/v1/products/1001 "HTTP/1.1 200 OK"
2026-09-25 22:36:06,678 INFO    HTTP Request: GET http://localhost:9000/wp-json/wc/store/v1/products/1001 "HTTP/1.1 200 OK"
2026-09-25 22:36:06,732 INFO    HTTP Request: GET http://localhost:9000/wp-json/wc/store/v1/products/1001 "HTTP/1.1 200 OK"
2026-09-25 22:36:06,737 INFO    HTTP Request: GET http://localhost:9000/wp-json/wc/store/v1/products/1001 "HTTP/1.1 200 OK"
2026-09-25 22:36:06,794 INFO    HTTP Request: GET http://localhost:9000/wp-json/wc/store/v1/products/1001 "HTTP/1.1 200 OK"
2026-09-25 22:36:06,798 INFO    HTTP Request: GET http://localhost:9000/wp-json/wc/store/v1/products/1001 "HTTP/1.1 200 OK"
2026-09-25 22:36:06,852 INFO    HTTP Request: GET http://localhost:9000/wp-json/wc/store/v1/products/1001 "HTTP/1.1 200 OK"
2026-09-25 22:36:06,858 INFO    HTTP Request: GET http://localhost:9000/wp-json/wc/store/v1/products/1001 "HTTP/1.1 200 OK"
2026-09-25 22:36:06,912 INFO    HTTP Request: GET http://localhost:9000/wp-json/wc/store/v1/products/1001 "HTTP/1.1 200 OK"
2026-09-25 22:36:06,916 INFO    HTTP Request: GET http://localhost:9000/wp-json/wc/store/v1/products/1001 "HTTP/1.1 200 OK"
2026-09-25 22:36:06,972 INFO    HTTP Request: GET http://localhost:9000/wp-json/wc/store/v1/products/1001 "HTTP/1.1 200 OK"
2026-09-25 22:36:06,977 INFO    HTTP Request: GET http://localhost:9000/wp-json/wc/store/v1/products/1001 "HTTP/1.1 200 OK"
2026-09-25 22:36:07,032 INFO    HTTP Request: GET http://localhost:9000/wp-json/wc/store/v1/products/1001 "HTTP/1.1 200 OK"
2026-09-25 22:36:07,036 INFO    HTTP Request: GET http://localhost:9000/wp-json/wc/store/v1/products/1001 "HTTP/1.1 200 OK"
2026-09-25 22:36:07,037 INFO    [1001] price 1,360,000 (my_last=1,330,000, bids=4, rem=89.9s)
2026-09-25 22:36:07,044 INFO    HTTP Request: POST http://localhost:9000/wp-admin/admin-ajax "HTTP/1.1 200 OK"
2026-09-25 22:36:07,052 INFO    [1001] fire 1,365,000 (contest) → success=True (0.008s)
2026-09-25 22:36:07,111 INFO    HTTP Request: GET http://localhost:9000/wp-json/wc/store/v1/products/1001 "HTTP/1.1 200 OK"
2026-09-25 22:36:07,115 INFO    HTTP Request: GET http://localhost:9000/wp-json/wc/store/v1/products/1001 "HTTP/1.1 200 OK"
2026-09-25 22:36:07,116 INFO    [1001] propagation 0.050s (bid=1,365,000 now_visible)
2026-09-25 22:36:07,116 INFO    [1001] price 1,365,000 (my_last=1,365,000, bids=5, rem=89.8s)
2026-09-25 22:36:07,117 INFO    [1001] summary: mode=contest tail=300ms rem=89.8s reads=50 p50=5ms p95=11ms writes=5 p50=6ms p95=8ms prop=5 p50=50ms p95=51ms bids=5 last=1,365,000 current=1,365,000
2026-09-25 22:36:07,171 INFO    HTTP Request: GET http://localhost:9000/wp-json/wc/store/v1/products/1001 "HTTP/1.1 200 OK"
2026-09-25 22:36:07,177 INFO    HTTP Request: GET http://localhost:9000/wp-json/wc/store/v1/products/1001 "HTTP/1.1 200 OK"
2026-09-25 22:36:07,232 INFO    HTTP Request: GET http://localhost:9000/wp-json/wc/store/v1/products/1001 "HTTP/1.1 200 OK"
2026-09-25 22:36:07,236 INFO    HTTP Request: GET http://localhost:9000/wp-json/wc/store/v1/products/1001 "HTTP/1.1 200 OK"
2026-09-25 22:36:07,296 INFO    HTTP Request: GET http://localhost:9000/wp-json/wc/store/v1/products/1001 "HTTP/1.1 200 OK"
2026-09-25 22:36:07,304 INFO    HTTP Request: GET http://localhost:9000/wp-json/wc/store/v1/products/1001 "HTTP/1.1 200 OK"
2026-09-25 22:36:07,366 INFO    HTTP Request: GET http://localhost:9000/wp-json/wc/store/v1/products/1001 "HTTP/1.1 200 OK"
2026-09-25 22:36:07,386 INFO    HTTP Request: GET http://localhost:9000/wp-json/wc/store/v1/products/1001 "HTTP/1.1 200 OK"
2026-09-25 22:36:07,443 INFO    HTTP Request: GET http://localhost:9000/wp-json/wc/store/v1/products/1001 "HTTP/1.1 200 OK"
2026-09-25 22:36:07,449 INFO    HTTP Request: GET http://localhost:9000/wp-json/wc/store/v1/products/1001 "HTTP/1.1 200 OK"
2026-09-25 22:36:07,503 INFO    HTTP Request: GET http://localhost:9000/wp-json/wc/store/v1/products/1001 "HTTP/1.1 200 OK"
2026-09-25 22:36:07,510 INFO    HTTP Request: GET http://localhost:9000/wp-json/wc/store/v1/products/1001 "HTTP/1.1 200 OK"
2026-09-25 22:36:07,564 INFO    HTTP Request: GET http://localhost:9000/wp-json/wc/store/v1/products/1001 "HTTP/1.1 200 OK"
2026-09-25 22:36:07,567 INFO    HTTP Request: GET http://localhost:9000/wp-json/wc/store/v1/products/1001 "HTTP/1.1 200 OK"
2026-09-25 22:36:07,622 INFO    HTTP Request: GET http://localhost:9000/wp-json/wc/store/v1/products/1001 "HTTP/1.1 200 OK"
2026-09-25 22:36:07,628 INFO    HTTP Request: GET http://localhost:9000/wp-json/wc/store/v1/products/1001 "HTTP/1.1 200 OK"
2026-09-25 22:36:07,681 INFO    HTTP Request: GET http://localhost:9000/wp-json/wc/store/v1/products/1001 "HTTP/1.1 200 OK"
2026-09-25 22:36:07,685 INFO    HTTP Request: GET http://localhost:9000/wp-json/wc/store/v1/products/1001 "HTTP/1.1 200 OK"
2026-09-25 22:36:07,743 INFO    HTTP Request: GET http://localhost:9000/wp-json/wc/store/v1/products/1001 "HTTP/1.1 200 OK"
2026-09-25 22:36:07,750 INFO    HTTP Request: GET http://localhost:9000/wp-json/wc/store/v1/products/1001 "HTTP/1.1 200 OK"
2026-09-25 22:36:07,810 INFO    HTTP Request: GET http://localhost:9000/wp-json/wc/store/v1/products/1001 "HTTP/1.1 200 OK"
2026-09-25 22:36:07,826 INFO    HTTP Request: GET http://localhost:9000/wp-json/wc/store/v1/products/1001 "HTTP/1.1 200 OK"
2026-09-25 22:36:07,881 INFO    HTTP Request: GET http://localhost:9000/wp-json/wc/store/v1/products/1001 "HTTP/1.1 200 OK"
2026-09-25 22:36:07,884 INFO    HTTP Request: GET http://localhost:9000/wp-json/wc/store/v1/products/1001 "HTTP/1.1 200 OK"
2026-09-25 22:36:07,943 INFO    HTTP Request: GET http://localhost:9000/wp-json/wc/store/v1/products/1001 "HTTP/1.1 200 OK"
2026-09-25 22:36:07,947 INFO    HTTP Request: GET http://localhost:9000/wp-json/wc/store/v1/products/1001 "HTTP/1.1 200 OK"
2026-09-25 22:36:08,002 INFO    HTTP Request: GET http://localhost:9000/wp-json/wc/store/v1/products/1001 "HTTP/1.1 200 OK"
2026-09-25 22:36:08,010 INFO    HTTP Request: GET http://localhost:9000/wp-json/wc/store/v1/products/1001 "HTTP/1.1 200 OK"
2026-09-25 22:36:08,064 INFO    HTTP Request: GET http://localhost:9000/wp-json/wc/store/v1/products/1001 "HTTP/1.1 200 OK"
2026-09-25 22:36:08,066 INFO    HTTP Request: GET http://localhost:9000/wp-json/wc/store/v1/products/1001 "HTTP/1.1 200 OK"
2026-09-25 22:36:08,126 INFO    HTTP Request: GET http://localhost:9000/wp-json/wc/store/v1/products/1001 "HTTP/1.1 200 OK"
2026-09-25 22:36:08,131 INFO    HTTP Request: GET http://localhost:9000/wp-json/wc/store/v1/products/1001 "HTTP/1.1 200 OK"
2026-09-25 22:36:08,184 INFO    HTTP Request: GET http://localhost:9000/wp-json/wc/store/v1/products/1001 "HTTP/1.1 200 OK"
2026-09-25 22:36:08,190 INFO    HTTP Request: GET http://localhost:9000/wp-json/wc/store/v1/products/1001 "HTTP/1.1 200 OK"
2026-09-25 22:36:08,248 INFO    HTTP Request: GET http://localhost:9000/wp-json/wc/store/v1/products/1001 "HTTP/1.1 200 OK"
2026-09-25 22:36:08,250 INFO    HTTP Request: GET http://localhost:9000/wp-json/wc/store/v1/products/1001 "HTTP/1.1 200 OK"
2026-09-25 22:36:08,304 INFO    HTTP Request: GET http://localhost:9000/wp-json/wc/store/v1/products/1001 "HTTP/1.1 200 OK"
2026-09-25 22:36:08,311 INFO    HTTP Request: GET http://localhost:9000/wp-json/wc/store/v1/products/1001 "HTTP/1.1 200 OK"
2026-09-25 22:36:08,365 INFO    HTTP Request: GET http://localhost:9000/wp-json/wc/store/v1/products/1001 "HTTP/1.1 200 OK"
2026-09-25 22:36:08,367 INFO    HTTP Request: GET http://localhost:9000/wp-json/wc/store/v1/products/1001 "HTTP/1.1 200 OK"
2026-09-25 22:36:08,425 INFO    HTTP Request: GET http://localhost:9000/wp-json/wc/store/v1/products/1001 "HTTP/1.1 200 OK"
2026-09-25 22:36:08,432 INFO    HTTP Request: GET http://localhost:9000/wp-json/wc/store/v1/products/1001 "HTTP/1.1 200 OK"
2026-09-25 22:36:08,496 INFO    HTTP Request: GET http://localhost:9000/wp-json/wc/store/v1/products/1001 "HTTP/1.1 200 OK"
2026-09-25 22:36:08,503 INFO    HTTP Request: GET http://localhost:9000/wp-json/wc/store/v1/products/1001 "HTTP/1.1 200 OK"
2026-09-25 22:36:08,560 INFO    HTTP Request: GET http://localhost:9000/wp-json/wc/store/v1/products/1001 "HTTP/1.1 200 OK"
2026-09-25 22:36:08,563 INFO    HTTP Request: GET http://localhost:9000/wp-json/wc/store/v1/products/1001 "HTTP/1.1 200 OK"
2026-09-25 22:36:08,616 INFO    HTTP Request: GET http://localhost:9000/wp-json/wc/store/v1/products/1001 "HTTP/1.1 200 OK"
2026-09-25 22:36:08,619 INFO    HTTP Request: GET http://localhost:9000/wp-json/wc/store/v1/products/1001 "HTTP/1.1 200 OK"
2026-09-25 22:36:08,677 INFO    HTTP Request: GET http://localhost:9000/wp-json/wc/store/v1/products/1001 "HTTP/1.1 200 OK"
2026-09-25 22:36:08,682 INFO    HTTP Request: GET http://localhost:9000/wp-json/wc/store/v1/products/1001 "HTTP/1.1 200 OK"
2026-09-25 22:36:08,742 INFO    HTTP Request: GET http://localhost:9000/wp-json/wc/store/v1/products/1001 "HTTP/1.1 200 OK"
2026-09-25 22:36:08,745 INFO    HTTP Request: GET http://localhost:9000/wp-json/wc/store/v1/products/1001 "HTTP/1.1 200 OK"
2026-09-25 22:36:08,800 INFO    HTTP Request: GET http://localhost:9000/wp-json/wc/store/v1/products/1001 "HTTP/1.1 200 OK"
2026-09-25 22:36:08,806 INFO    HTTP Request: GET http://localhost:9000/wp-json/wc/store/v1/products/1001 "HTTP/1.1 200 OK"
2026-09-25 22:36:08,863 INFO    HTTP Request: GET http://localhost:9000/wp-json/wc/store/v1/products/1001 "HTTP/1.1 200 OK"
2026-09-25 22:36:08,876 INFO    HTTP Request: GET http://localhost:9000/wp-json/wc/store/v1/products/1001 "HTTP/1.1 200 OK"
2026-09-25 22:36:08,932 INFO    HTTP Request: GET http://localhost:9000/wp-json/wc/store/v1/products/1001 "HTTP/1.1 200 OK"
2026-09-25 22:36:08,935 INFO    HTTP Request: GET http://localhost:9000/wp-json/wc/store/v1/products/1001 "HTTP/1.1 200 OK"
2026-09-25 22:36:08,993 INFO    HTTP Request: GET http://localhost:9000/wp-json/wc/store/v1/products/1001 "HTTP/1.1 200 OK"
2026-09-25 22:36:08,998 INFO    HTTP Request: GET http://localhost:9000/wp-json/wc/store/v1/products/1001 "HTTP/1.1 200 OK"
2026-09-25 22:36:09,052 INFO    HTTP Request: GET http://localhost:9000/wp-json/wc/store/v1/products/1001 "HTTP/1.1 200 OK"
2026-09-25 22:36:09,057 INFO    HTTP Request: GET http://localhost:9000/wp-json/wc/store/v1/products/1001 "HTTP/1.1 200 OK"
2026-09-25 22:36:09,112 INFO    HTTP Request: GET http://localhost:9000/wp-json/wc/store/v1/products/1001 "HTTP/1.1 200 OK"
2026-09-25 22:36:09,118 INFO    HTTP Request: GET http://localhost:9000/wp-json/wc/store/v1/products/1001 "HTTP/1.1 200 OK"
2026-09-25 22:36:09,178 INFO    HTTP Request: GET http://localhost:9000/wp-json/wc/store/v1/products/1001 "HTTP/1.1 200 OK"
2026-09-25 22:36:09,182 INFO    HTTP Request: GET http://localhost:9000/wp-json/wc/store/v1/products/1001 "HTTP/1.1 200 OK"
2026-09-25 22:36:09,234 INFO    HTTP Request: GET http://localhost:9000/wp-json/wc/store/v1/products/1001 "HTTP/1.1 200 OK"
2026-09-25 22:36:09,237 INFO    HTTP Request: GET http://localhost:9000/wp-json/wc/store/v1/products/1001 "HTTP/1.1 200 OK"
2026-09-25 22:36:09,291 INFO    HTTP Request: GET http://localhost:9000/wp-json/wc/store/v1/products/1001 "HTTP/1.1 200 OK"
2026-09-25 22:36:09,293 INFO    HTTP Request: GET http://localhost:9000/wp-json/wc/store/v1/products/1001 "HTTP/1.1 200 OK"
2026-09-25 22:36:09,345 INFO    HTTP Request: GET http://localhost:9000/wp-json/wc/store/v1/products/1001 "HTTP/1.1 200 OK"
2026-09-25 22:36:09,347 INFO    HTTP Request: GET http://localhost:9000/wp-json/wc/store/v1/products/1001 "HTTP/1.1 200 OK"
2026-09-25 22:36:09,399 INFO    HTTP Request: GET http://localhost:9000/wp-json/wc/store/v1/products/1001 "HTTP/1.1 200 OK"
2026-09-25 22:36:09,402 INFO    HTTP Request: GET http://localhost:9000/wp-json/wc/store/v1/products/1001 "HTTP/1.1 200 OK"
2026-09-25 22:36:09,460 INFO    HTTP Request: GET http://localhost:9000/wp-json/wc/store/v1/products/1001 "HTTP/1.1 200 OK"
2026-09-25 22:36:09,464 INFO    HTTP Request: GET http://localhost:9000/wp-json/wc/store/v1/products/1001 "HTTP/1.1 200 OK"
2026-09-25 22:36:09,519 INFO    HTTP Request: GET http://localhost:9000/wp-json/wc/store/v1/products/1001 "HTTP/1.1 200 OK"
2026-09-25 22:36:09,526 INFO    HTTP Request: GET http://localhost:9000/wp-json/wc/store/v1/products/1001 "HTTP/1.1 200 OK"
2026-09-25 22:36:09,581 INFO    HTTP Request: GET http://localhost:9000/wp-json/wc/store/v1/products/1001 "HTTP/1.1 200 OK"
2026-09-25 22:36:09,586 INFO    HTTP Request: GET http://localhost:9000/wp-json/wc/store/v1/products/1001 "HTTP/1.1 200 OK"
2026-09-25 22:36:09,644 INFO    HTTP Request: GET http://localhost:9000/wp-json/wc/store/v1/products/1001 "HTTP/1.1 200 OK"
2026-09-25 22:36:09,658 INFO    HTTP Request: GET http://localhost:9000/wp-json/wc/store/v1/products/1001 "HTTP/1.1 200 OK"
2026-09-25 22:36:09,714 INFO    HTTP Request: GET http://localhost:9000/wp-json/wc/store/v1/products/1001 "HTTP/1.1 200 OK"
2026-09-25 22:36:09,718 INFO    HTTP Request: GET http://localhost:9000/wp-json/wc/store/v1/products/1001 "HTTP/1.1 200 OK"
2026-09-25 22:36:09,776 INFO    HTTP Request: GET http://localhost:9000/wp-json/wc/store/v1/products/1001 "HTTP/1.1 200 OK"
2026-09-25 22:36:09,780 INFO    HTTP Request: GET http://localhost:9000/wp-json/wc/store/v1/products/1001 "HTTP/1.1 200 OK"
2026-09-25 22:36:09,835 INFO    HTTP Request: GET http://localhost:9000/wp-json/wc/store/v1/products/1001 "HTTP/1.1 200 OK"
2026-09-25 22:36:09,844 INFO    HTTP Request: GET http://localhost:9000/wp-json/wc/store/v1/products/1001 "HTTP/1.1 200 OK"
2026-09-25 22:36:09,899 INFO    HTTP Request: GET http://localhost:9000/wp-json/wc/store/v1/products/1001 "HTTP/1.1 200 OK"
2026-09-25 22:36:09,902 INFO    HTTP Request: GET http://localhost:9000/wp-json/wc/store/v1/products/1001 "HTTP/1.1 200 OK"
2026-09-25 22:36:09,962 INFO    HTTP Request: GET http://localhost:9000/wp-json/wc/store/v1/products/1001 "HTTP/1.1 200 OK"
2026-09-25 22:36:09,966 INFO    HTTP Request: GET http://localhost:9000/wp-json/wc/store/v1/products/1001 "HTTP/1.1 200 OK"
2026-09-25 22:36:10,019 INFO    HTTP Request: GET http://localhost:9000/wp-json/wc/store/v1/products/1001 "HTTP/1.1 200 OK"
2026-09-25 22:36:10,026 INFO    HTTP Request: GET http://localhost:9000/wp-json/wc/store/v1/products/1001 "HTTP/1.1 200 OK"
2026-09-25 22:36:10,081 INFO    HTTP Request: GET http://localhost:9000/wp-json/wc/store/v1/products/1001 "HTTP/1.1 200 OK"
2026-09-25 22:36:10,084 INFO    HTTP Request: GET http://localhost:9000/wp-json/wc/store/v1/products/1001 "HTTP/1.1 200 OK"
2026-09-25 22:36:10,138 INFO    HTTP Request: GET http://localhost:9000/wp-json/wc/store/v1/products/1001 "HTTP/1.1 200 OK"
2026-09-25 22:36:10,149 INFO    HTTP Request: GET http://localhost:9000/wp-json/wc/store/v1/products/1001 "HTTP/1.1 200 OK"
2026-09-25 22:36:10,203 INFO    HTTP Request: GET http://localhost:9000/wp-json/wc/store/v1/products/1001 "HTTP/1.1 200 OK"
2026-09-25 22:36:10,210 INFO    HTTP Request: GET http://localhost:9000/wp-json/wc/store/v1/products/1001 "HTTP/1.1 200 OK"
2026-09-25 22:36:10,264 INFO    HTTP Request: GET http://localhost:9000/wp-json/wc/store/v1/products/1001 "HTTP/1.1 200 OK"
2026-09-25 22:36:10,268 INFO    HTTP Request: GET http://localhost:9000/wp-json/wc/store/v1/products/1001 "HTTP/1.1 200 OK"
2026-09-25 22:36:10,325 INFO    HTTP Request: GET http://localhost:9000/wp-json/wc/store/v1/products/1001 "HTTP/1.1 200 OK"
2026-09-25 22:36:10,329 INFO    HTTP Request: GET http://localhost:9000/wp-json/wc/store/v1/products/1001 "HTTP/1.1 200 OK"
2026-09-25 22:36:10,385 INFO    HTTP Request: GET http://localhost:9000/wp-json/wc/store/v1/products/1001 "HTTP/1.1 200 OK"
2026-09-25 22:36:10,396 INFO    HTTP Request: GET http://localhost:9000/wp-json/wc/store/v1/products/1001 "HTTP/1.1 200 OK"
2026-09-25 22:36:10,457 INFO    HTTP Request: GET http://localhost:9000/wp-json/wc/store/v1/products/1001 "HTTP/1.1 200 OK"
2026-09-25 22:36:10,462 INFO    HTTP Request: GET http://localhost:9000/wp-json/wc/store/v1/products/1001 "HTTP/1.1 200 OK"
2026-09-25 22:36:10,530 INFO    HTTP Request: GET http://localhost:9000/wp-json/wc/store/v1/products/1001 "HTTP/1.1 200 OK"
2026-09-25 22:36:10,542 INFO    HTTP Request: GET http://localhost:9000/wp-json/wc/store/v1/products/1001 "HTTP/1.1 200 OK"
2026-09-25 22:36:10,599 INFO    HTTP Request: GET http://localhost:9000/wp-json/wc/store/v1/products/1001 "HTTP/1.1 200 OK"
2026-09-25 22:36:10,602 INFO    HTTP Request: GET http://localhost:9000/wp-json/wc/store/v1/products/1001 "HTTP/1.1 200 OK"
2026-09-25 22:36:10,660 INFO    HTTP Request: GET http://localhost:9000/wp-json/wc/store/v1/products/1001 "HTTP/1.1 200 OK"
2026-09-25 22:36:10,665 INFO    HTTP Request: GET http://localhost:9000/wp-json/wc/store/v1/products/1001 "HTTP/1.1 200 OK"
2026-09-25 22:36:10,718 INFO    HTTP Request: GET http://localhost:9000/wp-json/wc/store/v1/products/1001 "HTTP/1.1 200 OK"
2026-09-25 22:36:10,725 INFO    HTTP Request: GET http://localhost:9000/wp-json/wc/store/v1/products/1001 "HTTP/1.1 200 OK"
2026-09-25 22:36:10,780 INFO    HTTP Request: GET http://localhost:9000/wp-json/wc/store/v1/products/1001 "HTTP/1.1 200 OK"
2026-09-25 22:36:10,783 INFO    HTTP Request: GET http://localhost:9000/wp-json/wc/store/v1/products/1001 "HTTP/1.1 200 OK"
2026-09-25 22:36:10,835 INFO    HTTP Request: GET http://localhost:9000/wp-json/wc/store/v1/products/1001 "HTTP/1.1 200 OK"
2026-09-25 22:36:10,843 INFO    HTTP Request: GET http://localhost:9000/wp-json/wc/store/v1/products/1001 "HTTP/1.1 200 OK"
2026-09-25 22:36:10,898 INFO    HTTP Request: GET http://localhost:9000/wp-json/wc/store/v1/products/1001 "HTTP/1.1 200 OK"
2026-09-25 22:36:10,900 INFO    HTTP Request: GET http://localhost:9000/wp-json/wc/store/v1/products/1001 "HTTP/1.1 200 OK"
2026-09-25 22:36:10,953 INFO    HTTP Request: GET http://localhost:9000/wp-json/wc/store/v1/products/1001 "HTTP/1.1 200 OK"
2026-09-25 22:36:10,965 INFO    HTTP Request: GET http://localhost:9000/wp-json/wc/store/v1/products/1001 "HTTP/1.1 200 OK"
2026-09-25 22:36:11,021 INFO    HTTP Request: GET http://localhost:9000/wp-json/wc/store/v1/products/1001 "HTTP/1.1 200 OK"
2026-09-25 22:36:11,032 INFO    HTTP Request: GET http://localhost:9000/wp-json/wc/store/v1/products/1001 "HTTP/1.1 200 OK"
2026-09-25 22:36:11,092 INFO    HTTP Request: GET http://localhost:9000/wp-json/wc/store/v1/products/1001 "HTTP/1.1 200 OK"
2026-09-25 22:36:11,097 INFO    HTTP Request: GET http://localhost:9000/wp-json/wc/store/v1/products/1001 "HTTP/1.1 200 OK"
2026-09-25 22:36:11,150 INFO    HTTP Request: GET http://localhost:9000/wp-json/wc/store/v1/products/1001 "HTTP/1.1 200 OK"
2026-09-25 22:36:11,152 INFO    HTTP Request: GET http://localhost:9000/wp-json/wc/store/v1/products/1001 "HTTP/1.1 200 OK"
2026-09-25 22:36:11,209 INFO    HTTP Request: GET http://localhost:9000/wp-json/wc/store/v1/products/1001 "HTTP/1.1 200 OK"
2026-09-25 22:36:11,215 INFO    HTTP Request: GET http://localhost:9000/wp-json/wc/store/v1/products/1001 "HTTP/1.1 200 OK"
2026-09-25 22:36:11,267 INFO    HTTP Request: GET http://localhost:9000/wp-json/wc/store/v1/products/1001 "HTTP/1.1 200 OK"
2026-09-25 22:36:11,270 INFO    HTTP Request: GET http://localhost:9000/wp-json/wc/store/v1/products/1001 "HTTP/1.1 200 OK"
2026-09-25 22:36:11,329 INFO    HTTP Request: GET http://localhost:9000/wp-json/wc/store/v1/products/1001 "HTTP/1.1 200 OK"
2026-09-25 22:36:11,332 INFO    HTTP Request: GET http://localhost:9000/wp-json/wc/store/v1/products/1001 "HTTP/1.1 200 OK"
2026-09-25 22:36:11,384 INFO    HTTP Request: GET http://localhost:9000/wp-json/wc/store/v1/products/1001 "HTTP/1.1 200 OK"
2026-09-25 22:36:11,388 INFO    HTTP Request: GET http://localhost:9000/wp-json/wc/store/v1/products/1001 "HTTP/1.1 200 OK"
2026-09-25 22:36:11,450 INFO    HTTP Request: GET http://localhost:9000/wp-json/wc/store/v1/products/1001 "HTTP/1.1 200 OK"
2026-09-25 22:36:11,463 INFO    HTTP Request: GET http://localhost:9000/wp-json/wc/store/v1/products/1001 "HTTP/1.1 200 OK"
2026-09-25 22:36:11,526 INFO    HTTP Request: GET http://localhost:9000/wp-json/wc/store/v1/products/1001 "HTTP/1.1 200 OK"
2026-09-25 22:36:11,532 INFO    HTTP Request: GET http://localhost:9000/wp-json/wc/store/v1/products/1001 "HTTP/1.1 200 OK"
2026-09-25 22:36:11,585 INFO    HTTP Request: GET http://localhost:9000/wp-json/wc/store/v1/products/1001 "HTTP/1.1 200 OK"
2026-09-25 22:36:11,592 INFO    HTTP Request: GET http://localhost:9000/wp-json/wc/store/v1/products/1001 "HTTP/1.1 200 OK"
2026-09-25 22:36:11,646 INFO    HTTP Request: GET http://localhost:9000/wp-json/wc/store/v1/products/1001 "HTTP/1.1 200 OK"
2026-09-25 22:36:11,648 INFO    HTTP Request: GET http://localhost:9000/wp-json/wc/store/v1/products/1001 "HTTP/1.1 200 OK"
2026-09-25 22:36:11,701 INFO    HTTP Request: GET http://localhost:9000/wp-json/wc/store/v1/products/1001 "HTTP/1.1 200 OK"
2026-09-25 22:36:11,707 INFO    HTTP Request: GET http://localhost:9000/wp-json/wc/store/v1/products/1001 "HTTP/1.1 200 OK"
2026-09-25 22:36:11,762 INFO    HTTP Request: GET http://localhost:9000/wp-json/wc/store/v1/products/1001 "HTTP/1.1 200 OK"
2026-09-25 22:36:11,764 INFO    HTTP Request: GET http://localhost:9000/wp-json/wc/store/v1/products/1001 "HTTP/1.1 200 OK"
2026-09-25 22:36:11,816 INFO    HTTP Request: GET http://localhost:9000/wp-json/wc/store/v1/products/1001 "HTTP/1.1 200 OK"
2026-09-25 22:36:11,819 INFO    HTTP Request: GET http://localhost:9000/wp-json/wc/store/v1/products/1001 "HTTP/1.1 200 OK"
2026-09-25 22:36:11,875 INFO    HTTP Request: GET http://localhost:9000/wp-json/wc/store/v1/products/1001 "HTTP/1.1 200 OK"
2026-09-25 22:36:11,881 INFO    HTTP Request: GET http://localhost:9000/wp-json/wc/store/v1/products/1001 "HTTP/1.1 200 OK"
2026-09-25 22:36:11,933 INFO    HTTP Request: GET http://localhost:9000/wp-json/wc/store/v1/products/1001 "HTTP/1.1 200 OK"
2026-09-25 22:36:11,935 INFO    HTTP Request: GET http://localhost:9000/wp-json/wc/store/v1/products/1001 "HTTP/1.1 200 OK"
2026-09-25 22:36:11,992 INFO    HTTP Request: GET http://localhost:9000/wp-json/wc/store/v1/products/1001 "HTTP/1.1 200 OK"
2026-09-25 22:36:11,995 INFO    HTTP Request: GET http://localhost:9000/wp-json/wc/store/v1/products/1001 "HTTP/1.1 200 OK"
2026-09-25 22:36:12,049 INFO    HTTP Request: GET http://localhost:9000/wp-json/wc/store/v1/products/1001 "HTTP/1.1 200 OK"
2026-09-25 22:36:12,051 INFO    HTTP Request: GET http://localhost:9000/wp-json/wc/store/v1/products/1001 "HTTP/1.1 200 OK"
2026-09-25 22:36:12,105 INFO    HTTP Request: GET http://localhost:9000/wp-json/wc/store/v1/products/1001 "HTTP/1.1 200 OK"
2026-09-25 22:36:12,111 INFO    HTTP Request: GET http://localhost:9000/wp-json/wc/store/v1/products/1001 "HTTP/1.1 200 OK"
2026-09-25 22:36:12,164 INFO    HTTP Request: GET http://localhost:9000/wp-json/wc/store/v1/products/1001 "HTTP/1.1 200 OK"
2026-09-25 22:36:12,166 INFO    HTTP Request: GET http://localhost:9000/wp-json/wc/store/v1/products/1001 "HTTP/1.1 200 OK"
2026-09-25 22:36:12,167 INFO    [1001] summary: mode=contest tail=300ms rem=84.8s reads=50 p50=5ms p95=10ms writes=5 p50=6ms p95=8ms prop=5 p50=50ms p95=51ms bids=5 last=1,365,000 current=1,365,000
2026-09-25 22:36:12,219 INFO    HTTP Request: GET http://localhost:9000/wp-json/wc/store/v1/products/1001 "HTTP/1.1 200 OK"
2026-09-25 22:36:12,221 INFO    HTTP Request: GET http://localhost:9000/wp-json/wc/store/v1/products/1001 "HTTP/1.1 200 OK"
2026-09-25 22:36:12,275 INFO    HTTP Request: GET http://localhost:9000/wp-json/wc/store/v1/products/1001 "HTTP/1.1 200 OK"
2026-09-25 22:36:12,278 INFO    HTTP Request: GET http://localhost:9000/wp-json/wc/store/v1/products/1001 "HTTP/1.1 200 OK"
2026-09-25 22:36:12,330 INFO    HTTP Request: GET http://localhost:9000/wp-json/wc/store/v1/products/1001 "HTTP/1.1 200 OK"
2026-09-25 22:36:12,333 INFO    HTTP Request: GET http://localhost:9000/wp-json/wc/store/v1/products/1001 "HTTP/1.1 200 OK"
2026-09-25 22:36:12,388 INFO    HTTP Request: GET http://localhost:9000/wp-json/wc/store/v1/products/1001 "HTTP/1.1 200 OK"
2026-09-25 22:36:12,392 INFO    HTTP Request: GET http://localhost:9000/wp-json/wc/store/v1/products/1001 "HTTP/1.1 200 OK"
2026-09-25 22:36:12,445 INFO    HTTP Request: GET http://localhost:9000/wp-json/wc/store/v1/products/1001 "HTTP/1.1 200 OK"
2026-09-25 22:36:12,448 INFO    HTTP Request: GET http://localhost:9000/wp-json/wc/store/v1/products/1001 "HTTP/1.1 200 OK"
2026-09-25 22:36:12,502 INFO    HTTP Request: GET http://localhost:9000/wp-json/wc/store/v1/products/1001 "HTTP/1.1 200 OK"
2026-09-25 22:36:12,507 INFO    HTTP Request: GET http://localhost:9000/wp-json/wc/store/v1/products/1001 "HTTP/1.1 200 OK"
2026-09-25 22:36:12,561 INFO    HTTP Request: GET http://localhost:9000/wp-json/wc/store/v1/products/1001 "HTTP/1.1 200 OK"
2026-09-25 22:36:12,564 INFO    HTTP Request: GET http://localhost:9000/wp-json/wc/store/v1/products/1001 "HTTP/1.1 200 OK"
2026-09-25 22:36:12,618 INFO    HTTP Request: GET http://localhost:9000/wp-json/wc/store/v1/products/1001 "HTTP/1.1 200 OK"
2026-09-25 22:36:12,623 INFO    HTTP Request: GET http://localhost:9000/wp-json/wc/store/v1/products/1001 "HTTP/1.1 200 OK"
2026-09-25 22:36:12,677 INFO    HTTP Request: GET http://localhost:9000/wp-json/wc/store/v1/products/1001 "HTTP/1.1 200 OK"
2026-09-25 22:36:12,680 INFO    HTTP Request: GET http://localhost:9000/wp-json/wc/store/v1/products/1001 "HTTP/1.1 200 OK"
2026-09-25 22:36:12,734 INFO    HTTP Request: GET http://localhost:9000/wp-json/wc/store/v1/products/1001 "HTTP/1.1 200 OK"
2026-09-25 22:36:12,741 INFO    HTTP Request: GET http://localhost:9000/wp-json/wc/store/v1/products/1001 "HTTP/1.1 200 OK"
2026-09-25 22:36:12,795 INFO    HTTP Request: GET http://localhost:9000/wp-json/wc/store/v1/products/1001 "HTTP/1.1 200 OK"
2026-09-25 22:36:12,798 INFO    HTTP Request: GET http://localhost:9000/wp-json/wc/store/v1/products/1001 "HTTP/1.1 200 OK"
2026-09-25 22:36:12,854 INFO    HTTP Request: GET http://localhost:9000/wp-json/wc/store/v1/products/1001 "HTTP/1.1 200 OK"
2026-09-25 22:36:12,862 INFO    HTTP Request: GET http://localhost:9000/wp-json/wc/store/v1/products/1001 "HTTP/1.1 200 OK"
2026-09-25 22:36:12,923 INFO    HTTP Request: GET http://localhost:9000/wp-json/wc/store/v1/products/1001 "HTTP/1.1 200 OK"
2026-09-25 22:36:12,934 INFO    HTTP Request: GET http://localhost:9000/wp-json/wc/store/v1/products/1001 "HTTP/1.1 200 OK"
2026-09-25 22:36:12,992 INFO    HTTP Request: GET http://localhost:9000/wp-json/wc/store/v1/products/1001 "HTTP/1.1 200 OK"
2026-09-25 22:36:12,998 INFO    HTTP Request: GET http://localhost:9000/wp-json/wc/store/v1/products/1001 "HTTP/1.1 200 OK"
2026-09-25 22:36:13,058 INFO    HTTP Request: GET http://localhost:9000/wp-json/wc/store/v1/products/1001 "HTTP/1.1 200 OK"
2026-09-25 22:36:13,064 INFO    HTTP Request: GET http://localhost:9000/wp-json/wc/store/v1/products/1001 "HTTP/1.1 200 OK"
2026-09-25 22:36:13,117 INFO    HTTP Request: GET http://localhost:9000/wp-json/wc/store/v1/products/1001 "HTTP/1.1 200 OK"
2026-09-25 22:36:13,119 INFO    HTTP Request: GET http://localhost:9000/wp-json/wc/store/v1/products/1001 "HTTP/1.1 200 OK"
2026-09-25 22:36:13,178 INFO    HTTP Request: GET http://localhost:9000/wp-json/wc/store/v1/products/1001 "HTTP/1.1 200 OK"
2026-09-25 22:36:13,182 INFO    HTTP Request: GET http://localhost:9000/wp-json/wc/store/v1/products/1001 "HTTP/1.1 200 OK"
2026-09-25 22:36:13,234 INFO    HTTP Request: GET http://localhost:9000/wp-json/wc/store/v1/products/1001 "HTTP/1.1 200 OK"
2026-09-25 22:36:13,239 INFO    HTTP Request: GET http://localhost:9000/wp-json/wc/store/v1/products/1001 "HTTP/1.1 200 OK"
2026-09-25 22:36:13,293 INFO    HTTP Request: GET http://localhost:9000/wp-json/wc/store/v1/products/1001 "HTTP/1.1 200 OK"
2026-09-25 22:36:13,295 INFO    HTTP Request: GET http://localhost:9000/wp-json/wc/store/v1/products/1001 "HTTP/1.1 200 OK"
2026-09-25 22:36:13,347 INFO    HTTP Request: GET http://localhost:9000/wp-json/wc/store/v1/products/1001 "HTTP/1.1 200 OK"
2026-09-25 22:36:13,349 INFO    HTTP Request: GET http://localhost:9000/wp-json/wc/store/v1/products/1001 "HTTP/1.1 200 OK"
2026-09-25 22:36:13,401 INFO    HTTP Request: GET http://localhost:9000/wp-json/wc/store/v1/products/1001 "HTTP/1.1 200 OK"
2026-09-25 22:36:13,407 INFO    HTTP Request: GET http://localhost:9000/wp-json/wc/store/v1/products/1001 "HTTP/1.1 200 OK"
2026-09-25 22:36:13,460 INFO    HTTP Request: GET http://localhost:9000/wp-json/wc/store/v1/products/1001 "HTTP/1.1 200 OK"
2026-09-25 22:36:13,462 INFO    HTTP Request: GET http://localhost:9000/wp-json/wc/store/v1/products/1001 "HTTP/1.1 200 OK"
2026-09-25 22:36:13,519 INFO    HTTP Request: GET http://localhost:9000/wp-json/wc/store/v1/products/1001 "HTTP/1.1 200 OK"
2026-09-25 22:36:13,530 INFO    HTTP Request: GET http://localhost:9000/wp-json/wc/store/v1/products/1001 "HTTP/1.1 200 OK"
2026-09-25 22:36:13,591 INFO    HTTP Request: GET http://localhost:9000/wp-json/wc/store/v1/products/1001 "HTTP/1.1 200 OK"
2026-09-25 22:36:13,608 INFO    HTTP Request: GET http://localhost:9000/wp-json/wc/store/v1/products/1001 "HTTP/1.1 200 OK"
2026-09-25 22:36:13,664 INFO    HTTP Request: GET http://localhost:9000/wp-json/wc/store/v1/products/1001 "HTTP/1.1 200 OK"
2026-09-25 22:36:13,667 INFO    HTTP Request: GET http://localhost:9000/wp-json/wc/store/v1/products/1001 "HTTP/1.1 200 OK"
2026-09-25 22:36:13,720 INFO    HTTP Request: GET http://localhost:9000/wp-json/wc/store/v1/products/1001 "HTTP/1.1 200 OK"
2026-09-25 22:36:13,726 INFO    HTTP Request: GET http://localhost:9000/wp-json/wc/store/v1/products/1001 "HTTP/1.1 200 OK"
2026-09-25 22:36:13,779 INFO    HTTP Request: GET http://localhost:9000/wp-json/wc/store/v1/products/1001 "HTTP/1.1 200 OK"
2026-09-25 22:36:13,781 INFO    HTTP Request: GET http://localhost:9000/wp-json/wc/store/v1/products/1001 "HTTP/1.1 200 OK"
2026-09-25 22:36:13,833 INFO    HTTP Request: GET http://localhost:9000/wp-json/wc/store/v1/products/1001 "HTTP/1.1 200 OK"
2026-09-25 22:36:13,835 INFO    HTTP Request: GET http://localhost:9000/wp-json/wc/store/v1/products/1001 "HTTP/1.1 200 OK"
2026-09-25 22:36:13,891 INFO    HTTP Request: GET http://localhost:9000/wp-json/wc/store/v1/products/1001 "HTTP/1.1 200 OK"
2026-09-25 22:36:13,893 INFO    HTTP Request: GET http://localhost:9000/wp-json/wc/store/v1/products/1001 "HTTP/1.1 200 OK"
2026-09-25 22:36:13,946 INFO    HTTP Request: GET http://localhost:9000/wp-json/wc/store/v1/products/1001 "HTTP/1.1 200 OK"
2026-09-25 22:36:13,948 INFO    HTTP Request: GET http://localhost:9000/wp-json/wc/store/v1/products/1001 "HTTP/1.1 200 OK"
2026-09-25 22:36:14,000 INFO    HTTP Request: GET http://localhost:9000/wp-json/wc/store/v1/products/1001 "HTTP/1.1 200 OK"
2026-09-25 22:36:14,002 INFO    HTTP Request: GET http://localhost:9000/wp-json/wc/store/v1/products/1001 "HTTP/1.1 200 OK"
2026-09-25 22:36:14,058 INFO    HTTP Request: GET http://localhost:9000/wp-json/wc/store/v1/products/1001 "HTTP/1.1 200 OK"
2026-09-25 22:36:14,061 INFO    HTTP Request: GET http://localhost:9000/wp-json/wc/store/v1/products/1001 "HTTP/1.1 200 OK"
2026-09-25 22:36:14,113 INFO    HTTP Request: GET http://localhost:9000/wp-json/wc/store/v1/products/1001 "HTTP/1.1 200 OK"
2026-09-25 22:36:14,115 INFO    HTTP Request: GET http://localhost:9000/wp-json/wc/store/v1/products/1001 "HTTP/1.1 200 OK"
2026-09-25 22:36:14,168 INFO    HTTP Request: GET http://localhost:9000/wp-json/wc/store/v1/products/1001 "HTTP/1.1 200 OK"
2026-09-25 22:36:14,170 INFO    HTTP Request: GET http://localhost:9000/wp-json/wc/store/v1/products/1001 "HTTP/1.1 200 OK"
2026-09-25 22:36:14,225 INFO    HTTP Request: GET http://localhost:9000/wp-json/wc/store/v1/products/1001 "HTTP/1.1 200 OK"
2026-09-25 22:36:14,228 INFO    HTTP Request: GET http://localhost:9000/wp-json/wc/store/v1/products/1001 "HTTP/1.1 200 OK"
2026-09-25 22:36:14,285 INFO    HTTP Request: GET http://localhost:9000/wp-json/wc/store/v1/products/1001 "HTTP/1.1 200 OK"
2026-09-25 22:36:14,293 INFO    HTTP Request: GET http://localhost:9000/wp-json/wc/store/v1/products/1001 "HTTP/1.1 200 OK"
2026-09-25 22:36:14,350 INFO    HTTP Request: GET http://localhost:9000/wp-json/wc/store/v1/products/1001 "HTTP/1.1 200 OK"
2026-09-25 22:36:14,363 INFO    HTTP Request: GET http://localhost:9000/wp-json/wc/store/v1/products/1001 "HTTP/1.1 200 OK"
2026-09-25 22:36:14,427 INFO    HTTP Request: GET http://localhost:9000/wp-json/wc/store/v1/products/1001 "HTTP/1.1 200 OK"
2026-09-25 22:36:14,435 INFO    HTTP Request: GET http://localhost:9000/wp-json/wc/store/v1/products/1001 "HTTP/1.1 200 OK"
2026-09-25 22:36:14,493 INFO    HTTP Request: GET http://localhost:9000/wp-json/wc/store/v1/products/1001 "HTTP/1.1 200 OK"
2026-09-25 22:36:14,499 INFO    HTTP Request: GET http://localhost:9000/wp-json/wc/store/v1/products/1001 "HTTP/1.1 200 OK"
2026-09-25 22:36:14,554 INFO    HTTP Request: GET http://localhost:9000/wp-json/wc/store/v1/products/1001 "HTTP/1.1 200 OK"
2026-09-25 22:36:14,559 INFO    HTTP Request: GET http://localhost:9000/wp-json/wc/store/v1/products/1001 "HTTP/1.1 200 OK"
2026-09-25 22:36:14,612 INFO    HTTP Request: GET http://localhost:9000/wp-json/wc/store/v1/products/1001 "HTTP/1.1 200 OK"
2026-09-25 22:36:14,614 INFO    HTTP Request: GET http://localhost:9000/wp-json/wc/store/v1/products/1001 "HTTP/1.1 200 OK"
2026-09-25 22:36:14,666 INFO    HTTP Request: GET http://localhost:9000/wp-json/wc/store/v1/products/1001 "HTTP/1.1 200 OK"
2026-09-25 22:36:14,668 INFO    HTTP Request: GET http://localhost:9000/wp-json/wc/store/v1/products/1001 "HTTP/1.1 200 OK"
2026-09-25 22:36:14,725 INFO    HTTP Request: GET http://localhost:9000/wp-json/wc/store/v1/products/1001 "HTTP/1.1 200 OK"
2026-09-25 22:36:14,728 INFO    HTTP Request: GET http://localhost:9000/wp-json/wc/store/v1/products/1001 "HTTP/1.1 200 OK"
2026-09-25 22:36:14,780 INFO    HTTP Request: GET http://localhost:9000/wp-json/wc/store/v1/products/1001 "HTTP/1.1 200 OK"
2026-09-25 22:36:14,783 INFO    HTTP Request: GET http://localhost:9000/wp-json/wc/store/v1/products/1001 "HTTP/1.1 200 OK"
2026-09-25 22:36:14,836 INFO    HTTP Request: GET http://localhost:9000/wp-json/wc/store/v1/products/1001 "HTTP/1.1 200 OK"
2026-09-25 22:36:14,843 INFO    HTTP Request: GET http://localhost:9000/wp-json/wc/store/v1/products/1001 "HTTP/1.1 200 OK"
2026-09-25 22:36:14,896 INFO    HTTP Request: GET http://localhost:9000/wp-json/wc/store/v1/products/1001 "HTTP/1.1 200 OK"
2026-09-25 22:36:14,898 INFO    HTTP Request: GET http://localhost:9000/wp-json/wc/store/v1/products/1001 "HTTP/1.1 200 OK"
2026-09-25 22:36:14,951 INFO    HTTP Request: GET http://localhost:9000/wp-json/wc/store/v1/products/1001 "HTTP/1.1 200 OK"
2026-09-25 22:36:14,955 INFO    HTTP Request: GET http://localhost:9000/wp-json/wc/store/v1/products/1001 "HTTP/1.1 200 OK"
2026-09-25 22:36:15,009 INFO    HTTP Request: GET http://localhost:9000/wp-json/wc/store/v1/products/1001 "HTTP/1.1 200 OK"
2026-09-25 22:36:15,011 INFO    HTTP Request: GET http://localhost:9000/wp-json/wc/store/v1/products/1001 "HTTP/1.1 200 OK"
2026-09-25 22:36:15,064 INFO    HTTP Request: GET http://localhost:9000/wp-json/wc/store/v1/products/1001 "HTTP/1.1 200 OK"
2026-09-25 22:36:15,066 INFO    HTTP Request: GET http://localhost:9000/wp-json/wc/store/v1/products/1001 "HTTP/1.1 200 OK"
2026-09-25 22:36:15,119 INFO    HTTP Request: GET http://localhost:9000/wp-json/wc/store/v1/products/1001 "HTTP/1.1 200 OK"
2026-09-25 22:36:15,125 INFO    HTTP Request: GET http://localhost:9000/wp-json/wc/store/v1/products/1001 "HTTP/1.1 200 OK"
2026-09-25 22:36:15,178 INFO    HTTP Request: GET http://localhost:9000/wp-json/wc/store/v1/products/1001 "HTTP/1.1 200 OK"
2026-09-25 22:36:15,180 INFO    HTTP Request: GET http://localhost:9000/wp-json/wc/store/v1/products/1001 "HTTP/1.1 200 OK"
2026-09-25 22:36:15,233 INFO    HTTP Request: GET http://localhost:9000/wp-json/wc/store/v1/products/1001 "HTTP/1.1 200 OK"
2026-09-25 22:36:15,236 INFO    HTTP Request: GET http://localhost:9000/wp-json/wc/store/v1/products/1001 "HTTP/1.1 200 OK"
2026-09-25 22:36:15,292 INFO    HTTP Request: GET http://localhost:9000/wp-json/wc/store/v1/products/1001 "HTTP/1.1 200 OK"
2026-09-25 22:36:15,295 INFO    HTTP Request: GET http://localhost:9000/wp-json/wc/store/v1/products/1001 "HTTP/1.1 200 OK"
2026-09-25 22:36:15,347 INFO    HTTP Request: GET http://localhost:9000/wp-json/wc/store/v1/products/1001 "HTTP/1.1 200 OK"
2026-09-25 22:36:15,350 INFO    HTTP Request: GET http://localhost:9000/wp-json/wc/store/v1/products/1001 "HTTP/1.1 200 OK"
2026-09-25 22:36:15,403 INFO    HTTP Request: GET http://localhost:9000/wp-json/wc/store/v1/products/1001 "HTTP/1.1 200 OK"
2026-09-25 22:36:15,410 INFO    HTTP Request: GET http://localhost:9000/wp-json/wc/store/v1/products/1001 "HTTP/1.1 200 OK"
2026-09-25 22:36:15,463 INFO    HTTP Request: GET http://localhost:9000/wp-json/wc/store/v1/products/1001 "HTTP/1.1 200 OK"
2026-09-25 22:36:15,466 INFO    HTTP Request: GET http://localhost:9000/wp-json/wc/store/v1/products/1001 "HTTP/1.1 200 OK"
2026-09-25 22:36:15,519 INFO    HTTP Request: GET http://localhost:9000/wp-json/wc/store/v1/products/1001 "HTTP/1.1 200 OK"
2026-09-25 22:36:15,524 INFO    HTTP Request: GET http://localhost:9000/wp-json/wc/store/v1/products/1001 "HTTP/1.1 200 OK"
2026-09-25 22:36:15,577 INFO    HTTP Request: GET http://localhost:9000/wp-json/wc/store/v1/products/1001 "HTTP/1.1 200 OK"
2026-09-25 22:36:15,581 INFO    HTTP Request: GET http://localhost:9000/wp-json/wc/store/v1/products/1001 "HTTP/1.1 200 OK"
2026-09-25 22:36:15,633 INFO    HTTP Request: GET http://localhost:9000/wp-json/wc/store/v1/products/1001 "HTTP/1.1 200 OK"
2026-09-25 22:36:15,639 INFO    HTTP Request: GET http://localhost:9000/wp-json/wc/store/v1/products/1001 "HTTP/1.1 200 OK"
2026-09-25 22:36:15,692 INFO    HTTP Request: GET http://localhost:9000/wp-json/wc/store/v1/products/1001 "HTTP/1.1 200 OK"
2026-09-25 22:36:15,696 INFO    HTTP Request: GET http://localhost:9000/wp-json/wc/store/v1/products/1001 "HTTP/1.1 200 OK"
2026-09-25 22:36:15,749 INFO    HTTP Request: GET http://localhost:9000/wp-json/wc/store/v1/products/1001 "HTTP/1.1 200 OK"
2026-09-25 22:36:15,752 INFO    HTTP Request: GET http://localhost:9000/wp-json/wc/store/v1/products/1001 "HTTP/1.1 200 OK"
2026-09-25 22:36:15,808 INFO    HTTP Request: GET http://localhost:9000/wp-json/wc/store/v1/products/1001 "HTTP/1.1 200 OK"
2026-09-25 22:36:15,811 INFO    HTTP Request: GET http://localhost:9000/wp-json/wc/store/v1/products/1001 "HTTP/1.1 200 OK"
2026-09-25 22:36:15,864 INFO    HTTP Request: GET http://localhost:9000/wp-json/wc/store/v1/products/1001 "HTTP/1.1 200 OK"
2026-09-25 22:36:15,867 INFO    HTTP Request: GET http://localhost:9000/wp-json/wc/store/v1/products/1001 "HTTP/1.1 200 OK"
2026-09-25 22:36:15,923 INFO    HTTP Request: GET http://localhost:9000/wp-json/wc/store/v1/products/1001 "HTTP/1.1 200 OK"
2026-09-25 22:36:15,927 INFO    HTTP Request: GET http://localhost:9000/wp-json/wc/store/v1/products/1001 "HTTP/1.1 200 OK"
2026-09-25 22:36:15,980 INFO    HTTP Request: GET http://localhost:9000/wp-json/wc/store/v1/products/1001 "HTTP/1.1 200 OK"
2026-09-25 22:36:15,984 INFO    HTTP Request: GET http://localhost:9000/wp-json/wc/store/v1/products/1001 "HTTP/1.1 200 OK"
2026-09-25 22:36:16,037 INFO    HTTP Request: GET http://localhost:9000/wp-json/wc/store/v1/products/1001 "HTTP/1.1 200 OK"
2026-09-25 22:36:16,041 INFO    HTTP Request: GET http://localhost:9000/wp-json/wc/store/v1/products/1001 "HTTP/1.1 200 OK"
2026-09-25 22:36:16,097 INFO    HTTP Request: GET http://localhost:9000/wp-json/wc/store/v1/products/1001 "HTTP/1.1 200 OK"
2026-09-25 22:36:16,101 INFO    HTTP Request: GET http://localhost:9000/wp-json/wc/store/v1/products/1001 "HTTP/1.1 200 OK"
2026-09-25 22:36:16,159 INFO    HTTP Request: GET http://localhost:9000/wp-json/wc/store/v1/products/1001 "HTTP/1.1 200 OK"
2026-09-25 22:36:16,162 INFO    HTTP Request: GET http://localhost:9000/wp-json/wc/store/v1/products/1001 "HTTP/1.1 200 OK"
2026-09-25 22:36:16,215 INFO    HTTP Request: GET http://localhost:9000/wp-json/wc/store/v1/products/1001 "HTTP/1.1 200 OK"
2026-09-25 22:36:16,218 INFO    HTTP Request: GET http://localhost:9000/wp-json/wc/store/v1/products/1001 "HTTP/1.1 200 OK"
2026-09-25 22:36:16,273 INFO    HTTP Request: GET http://localhost:9000/wp-json/wc/store/v1/products/1001 "HTTP/1.1 200 OK"
2026-09-25 22:36:16,277 INFO    HTTP Request: GET http://localhost:9000/wp-json/wc/store/v1/products/1001 "HTTP/1.1 200 OK"
2026-09-25 22:36:16,331 INFO    HTTP Request: GET http://localhost:9000/wp-json/wc/store/v1/products/1001 "HTTP/1.1 200 OK"
2026-09-25 22:36:16,334 INFO    HTTP Request: GET http://localhost:9000/wp-json/wc/store/v1/products/1001 "HTTP/1.1 200 OK"
2026-09-25 22:36:16,386 INFO    HTTP Request: GET http://localhost:9000/wp-json/wc/store/v1/products/1001 "HTTP/1.1 200 OK"
2026-09-25 22:36:16,393 INFO    HTTP Request: GET http://localhost:9000/wp-json/wc/store/v1/products/1001 "HTTP/1.1 200 OK"
2026-09-25 22:36:16,448 INFO    HTTP Request: GET http://localhost:9000/wp-json/wc/store/v1/products/1001 "HTTP/1.1 200 OK"
2026-09-25 22:36:16,449 INFO    HTTP Request: GET http://localhost:9000/wp-json/wc/store/v1/products/1001 "HTTP/1.1 200 OK"
2026-09-25 22:36:16,502 INFO    HTTP Request: GET http://localhost:9000/wp-json/wc/store/v1/products/1001 "HTTP/1.1 200 OK"
2026-09-25 22:36:16,508 INFO    HTTP Request: GET http://localhost:9000/wp-json/wc/store/v1/products/1001 "HTTP/1.1 200 OK"
2026-09-25 22:36:16,561 INFO    HTTP Request: GET http://localhost:9000/wp-json/wc/store/v1/products/1001 "HTTP/1.1 200 OK"
2026-09-25 22:36:16,563 INFO    HTTP Request: GET http://localhost:9000/wp-json/wc/store/v1/products/1001 "HTTP/1.1 200 OK"
2026-09-25 22:36:16,616 INFO    HTTP Request: GET http://localhost:9000/wp-json/wc/store/v1/products/1001 "HTTP/1.1 200 OK"
2026-09-25 22:36:16,618 INFO    HTTP Request: GET http://localhost:9000/wp-json/wc/store/v1/products/1001 "HTTP/1.1 200 OK"
2026-09-25 22:36:16,673 INFO    HTTP Request: GET http://localhost:9000/wp-json/wc/store/v1/products/1001 "HTTP/1.1 200 OK"
2026-09-25 22:36:16,677 INFO    HTTP Request: GET http://localhost:9000/wp-json/wc/store/v1/products/1001 "HTTP/1.1 200 OK"
2026-09-25 22:36:16,731 INFO    HTTP Request: GET http://localhost:9000/wp-json/wc/store/v1/products/1001 "HTTP/1.1 200 OK"
2026-09-25 22:36:16,735 INFO    HTTP Request: GET http://localhost:9000/wp-json/wc/store/v1/products/1001 "HTTP/1.1 200 OK"
2026-09-25 22:36:16,793 INFO    HTTP Request: GET http://localhost:9000/wp-json/wc/store/v1/products/1001 "HTTP/1.1 200 OK"
2026-09-25 22:36:16,797 INFO    HTTP Request: GET http://localhost:9000/wp-json/wc/store/v1/products/1001 "HTTP/1.1 200 OK"
2026-09-25 22:36:16,858 INFO    HTTP Request: GET http://localhost:9000/wp-json/wc/store/v1/products/1001 "HTTP/1.1 200 OK"
2026-09-25 22:36:16,881 INFO    HTTP Request: GET http://localhost:9000/wp-json/wc/store/v1/products/1001 "HTTP/1.1 200 OK"
2026-09-25 22:36:16,935 INFO    HTTP Request: GET http://localhost:9000/wp-json/wc/store/v1/products/1001 "HTTP/1.1 200 OK"
2026-09-25 22:36:16,945 INFO    HTTP Request: GET http://localhost:9000/wp-json/wc/store/v1/products/1001 "HTTP/1.1 200 OK"
2026-09-25 22:36:17,008 INFO    HTTP Request: GET http://localhost:9000/wp-json/wc/store/v1/products/1001 "HTTP/1.1 200 OK"
2026-09-25 22:36:17,014 INFO    HTTP Request: GET http://localhost:9000/wp-json/wc/store/v1/products/1001 "HTTP/1.1 200 OK"
2026-09-25 22:36:17,068 INFO    HTTP Request: GET http://localhost:9000/wp-json/wc/store/v1/products/1001 "HTTP/1.1 200 OK"
2026-09-25 22:36:17,074 INFO    HTTP Request: GET http://localhost:9000/wp-json/wc/store/v1/products/1001 "HTTP/1.1 200 OK"
2026-09-25 22:36:17,128 INFO    HTTP Request: GET http://localhost:9000/wp-json/wc/store/v1/products/1001 "HTTP/1.1 200 OK"
2026-09-25 22:36:17,131 INFO    HTTP Request: GET http://localhost:9000/wp-json/wc/store/v1/products/1001 "HTTP/1.1 200 OK"
2026-09-25 22:36:17,194 INFO    HTTP Request: GET http://localhost:9000/wp-json/wc/store/v1/products/1001 "HTTP/1.1 200 OK"
2026-09-25 22:36:17,197 INFO    HTTP Request: GET http://localhost:9000/wp-json/wc/store/v1/products/1001 "HTTP/1.1 200 OK"
2026-09-25 22:36:17,198 INFO    [1001] summary: mode=contest tail=300ms rem=79.8s reads=50 p50=4ms p95=10ms writes=5 p50=6ms p95=8ms prop=5 p50=50ms p95=51ms bids=5 last=1,365,000 current=1,365,000
2026-09-25 22:36:17,250 INFO    HTTP Request: GET http://localhost:9000/wp-json/wc/store/v1/products/1001 "HTTP/1.1 200 OK"
2026-09-25 22:36:17,258 INFO    HTTP Request: GET http://localhost:9000/wp-json/wc/store/v1/products/1001 "HTTP/1.1 200 OK"
2026-09-25 22:36:17,312 INFO    HTTP Request: GET http://localhost:9000/wp-json/wc/store/v1/products/1001 "HTTP/1.1 200 OK"
2026-09-25 22:36:17,315 INFO    HTTP Request: GET http://localhost:9000/wp-json/wc/store/v1/products/1001 "HTTP/1.1 200 OK"
2026-09-25 22:36:17,368 INFO    HTTP Request: GET http://localhost:9000/wp-json/wc/store/v1/products/1001 "HTTP/1.1 200 OK"
2026-09-25 22:36:17,377 INFO    HTTP Request: GET http://localhost:9000/wp-json/wc/store/v1/products/1001 "HTTP/1.1 200 OK"
2026-09-25 22:36:17,431 INFO    HTTP Request: GET http://localhost:9000/wp-json/wc/store/v1/products/1001 "HTTP/1.1 200 OK"
2026-09-25 22:36:17,433 INFO    HTTP Request: GET http://localhost:9000/wp-json/wc/store/v1/products/1001 "HTTP/1.1 200 OK"
2026-09-25 22:36:17,485 INFO    HTTP Request: GET http://localhost:9000/wp-json/wc/store/v1/products/1001 "HTTP/1.1 200 OK"
2026-09-25 22:36:17,493 INFO    HTTP Request: GET http://localhost:9000/wp-json/wc/store/v1/products/1001 "HTTP/1.1 200 OK"
2026-09-25 22:36:17,547 INFO    HTTP Request: GET http://localhost:9000/wp-json/wc/store/v1/products/1001 "HTTP/1.1 200 OK"
2026-09-25 22:36:17,549 INFO    HTTP Request: GET http://localhost:9000/wp-json/wc/store/v1/products/1001 "HTTP/1.1 200 OK"
2026-09-25 22:36:17,601 INFO    HTTP Request: GET http://localhost:9000/wp-json/wc/store/v1/products/1001 "HTTP/1.1 200 OK"
2026-09-25 22:36:17,604 INFO    HTTP Request: GET http://localhost:9000/wp-json/wc/store/v1/products/1001 "HTTP/1.1 200 OK"
2026-09-25 22:36:17,661 INFO    HTTP Request: GET http://localhost:9000/wp-json/wc/store/v1/products/1001 "HTTP/1.1 200 OK"
2026-09-25 22:36:17,663 INFO    HTTP Request: GET http://localhost:9000/wp-json/wc/store/v1/products/1001 "HTTP/1.1 200 OK"
2026-09-25 22:36:17,715 INFO    HTTP Request: GET http://localhost:9000/wp-json/wc/store/v1/products/1001 "HTTP/1.1 200 OK"
2026-09-25 22:36:17,717 INFO    HTTP Request: GET http://localhost:9000/wp-json/wc/store/v1/products/1001 "HTTP/1.1 200 OK"
2026-09-25 22:36:17,774 INFO    HTTP Request: GET http://localhost:9000/wp-json/wc/store/v1/products/1001 "HTTP/1.1 200 OK"
2026-09-25 22:36:17,780 INFO    HTTP Request: GET http://localhost:9000/wp-json/wc/store/v1/products/1001 "HTTP/1.1 200 OK"
2026-09-25 22:36:17,833 INFO    HTTP Request: GET http://localhost:9000/wp-json/wc/store/v1/products/1001 "HTTP/1.1 200 OK"
2026-09-25 22:36:17,835 INFO    HTTP Request: GET http://localhost:9000/wp-json/wc/store/v1/products/1001 "HTTP/1.1 200 OK"
2026-09-25 22:36:17,891 INFO    HTTP Request: GET http://localhost:9000/wp-json/wc/store/v1/products/1001 "HTTP/1.1 200 OK"
2026-09-25 22:36:17,893 INFO    HTTP Request: GET http://localhost:9000/wp-json/wc/store/v1/products/1001 "HTTP/1.1 200 OK"
2026-09-25 22:36:17,945 INFO    HTTP Request: GET http://localhost:9000/wp-json/wc/store/v1/products/1001 "HTTP/1.1 200 OK"
2026-09-25 22:36:17,947 INFO    HTTP Request: GET http://localhost:9000/wp-json/wc/store/v1/products/1001 "HTTP/1.1 200 OK"
2026-09-25 22:36:17,999 INFO    HTTP Request: GET http://localhost:9000/wp-json/wc/store/v1/products/1001 "HTTP/1.1 200 OK"
2026-09-25 22:36:18,001 INFO    HTTP Request: GET http://localhost:9000/wp-json/wc/store/v1/products/1001 "HTTP/1.1 200 OK"
2026-09-25 22:36:18,054 INFO    HTTP Request: GET http://localhost:9000/wp-json/wc/store/v1/products/1001 "HTTP/1.1 200 OK"
2026-09-25 22:36:18,058 INFO    HTTP Request: GET http://localhost:9000/wp-json/wc/store/v1/products/1001 "HTTP/1.1 200 OK"
2026-09-25 22:36:18,111 INFO    HTTP Request: GET http://localhost:9000/wp-json/wc/store/v1/products/1001 "HTTP/1.1 200 OK"
2026-09-25 22:36:18,114 INFO    HTTP Request: GET http://localhost:9000/wp-json/wc/store/v1/products/1001 "HTTP/1.1 200 OK"
2026-09-25 22:36:18,167 INFO    HTTP Request: GET http://localhost:9000/wp-json/wc/store/v1/products/1001 "HTTP/1.1 200 OK"
2026-09-25 22:36:18,172 INFO    HTTP Request: GET http://localhost:9000/wp-json/wc/store/v1/products/1001 "HTTP/1.1 200 OK"
2026-09-25 22:36:18,226 INFO    HTTP Request: GET http://localhost:9000/wp-json/wc/store/v1/products/1001 "HTTP/1.1 200 OK"
2026-09-25 22:36:18,230 INFO    HTTP Request: GET http://localhost:9000/wp-json/wc/store/v1/products/1001 "HTTP/1.1 200 OK"
2026-09-25 22:36:18,283 INFO    HTTP Request: GET http://localhost:9000/wp-json/wc/store/v1/products/1001 "HTTP/1.1 200 OK"
2026-09-25 22:36:18,289 INFO    HTTP Request: GET http://localhost:9000/wp-json/wc/store/v1/products/1001 "HTTP/1.1 200 OK"
2026-09-25 22:36:18,343 INFO    HTTP Request: GET http://localhost:9000/wp-json/wc/store/v1/products/1001 "HTTP/1.1 200 OK"
2026-09-25 22:36:18,347 INFO    HTTP Request: GET http://localhost:9000/wp-json/wc/store/v1/products/1001 "HTTP/1.1 200 OK"
2026-09-25 22:36:18,405 INFO    HTTP Request: GET http://localhost:9000/wp-json/wc/store/v1/products/1001 "HTTP/1.1 200 OK"
2026-09-25 22:36:18,409 INFO    HTTP Request: GET http://localhost:9000/wp-json/wc/store/v1/products/1001 "HTTP/1.1 200 OK"
2026-09-25 22:36:18,462 INFO    HTTP Request: GET http://localhost:9000/wp-json/wc/store/v1/products/1001 "HTTP/1.1 200 OK"
2026-09-25 22:36:18,466 INFO    HTTP Request: GET http://localhost:9000/wp-json/wc/store/v1/products/1001 "HTTP/1.1 200 OK"
2026-09-25 22:36:18,522 INFO    HTTP Request: GET http://localhost:9000/wp-json/wc/store/v1/products/1001 "HTTP/1.1 200 OK"
2026-09-25 22:36:18,528 INFO    HTTP Request: GET http://localhost:9000/wp-json/wc/store/v1/products/1001 "HTTP/1.1 200 OK"
2026-09-25 22:36:18,583 INFO    HTTP Request: GET http://localhost:9000/wp-json/wc/store/v1/products/1001 "HTTP/1.1 200 OK"
2026-09-25 22:36:18,586 INFO    HTTP Request: GET http://localhost:9000/wp-json/wc/store/v1/products/1001 "HTTP/1.1 200 OK"
2026-09-25 22:36:18,643 INFO    HTTP Request: GET http://localhost:9000/wp-json/wc/store/v1/products/1001 "HTTP/1.1 200 OK"
2026-09-25 22:36:18,647 INFO    HTTP Request: GET http://localhost:9000/wp-json/wc/store/v1/products/1001 "HTTP/1.1 200 OK"
2026-09-25 22:36:18,700 INFO    HTTP Request: GET http://localhost:9000/wp-json/wc/store/v1/products/1001 "HTTP/1.1 200 OK"
2026-09-25 22:36:18,702 INFO    HTTP Request: GET http://localhost:9000/wp-json/wc/store/v1/products/1001 "HTTP/1.1 200 OK"
2026-09-25 22:36:18,756 INFO    HTTP Request: GET http://localhost:9000/wp-json/wc/store/v1/products/1001 "HTTP/1.1 200 OK"
2026-09-25 22:36:18,758 INFO    HTTP Request: GET http://localhost:9000/wp-json/wc/store/v1/products/1001 "HTTP/1.1 200 OK"
2026-09-25 22:36:18,811 INFO    HTTP Request: GET http://localhost:9000/wp-json/wc/store/v1/products/1001 "HTTP/1.1 200 OK"
2026-09-25 22:36:18,813 INFO    HTTP Request: GET http://localhost:9000/wp-json/wc/store/v1/products/1001 "HTTP/1.1 200 OK"
2026-09-25 22:36:18,865 INFO    HTTP Request: GET http://localhost:9000/wp-json/wc/store/v1/products/1001 "HTTP/1.1 200 OK"
2026-09-25 22:36:18,867 INFO    HTTP Request: GET http://localhost:9000/wp-json/wc/store/v1/products/1001 "HTTP/1.1 200 OK"
2026-09-25 22:36:18,923 INFO    HTTP Request: GET http://localhost:9000/wp-json/wc/store/v1/products/1001 "HTTP/1.1 200 OK"
2026-09-25 22:36:18,927 INFO    HTTP Request: GET http://localhost:9000/wp-json/wc/store/v1/products/1001 "HTTP/1.1 200 OK"
2026-09-25 22:36:18,980 INFO    HTTP Request: GET http://localhost:9000/wp-json/wc/store/v1/products/1001 "HTTP/1.1 200 OK"
2026-09-25 22:36:18,990 INFO    HTTP Request: GET http://localhost:9000/wp-json/wc/store/v1/products/1001 "HTTP/1.1 200 OK"
2026-09-25 22:36:19,046 INFO    HTTP Request: GET http://localhost:9000/wp-json/wc/store/v1/products/1001 "HTTP/1.1 200 OK"
2026-09-25 22:36:19,048 INFO    HTTP Request: GET http://localhost:9000/wp-json/wc/store/v1/products/1001 "HTTP/1.1 200 OK"
2026-09-25 22:36:19,049 INFO    [1001] price 1,370,000 (my_last=1,365,000, bids=5, rem=77.9s)
2026-09-25 22:36:19,055 INFO    HTTP Request: POST http://localhost:9000/wp-admin/admin-ajax "HTTP/1.1 200 OK"
2026-09-25 22:36:19,065 INFO    [1001] fire 1,375,000 (contest) → success=True (0.009s)
2026-09-25 22:36:19,119 INFO    HTTP Request: GET http://localhost:9000/wp-json/wc/store/v1/products/1001 "HTTP/1.1 200 OK"
2026-09-25 22:36:19,125 INFO    HTTP Request: GET http://localhost:9000/wp-json/wc/store/v1/products/1001 "HTTP/1.1 200 OK"
2026-09-25 22:36:19,126 INFO    [1001] propagation 0.050s (bid=1,375,000 now_visible)
2026-09-25 22:36:19,126 INFO    [1001] price 1,375,000 (my_last=1,375,000, bids=6, rem=77.8s)
2026-09-25 22:36:19,180 INFO    HTTP Request: GET http://localhost:9000/wp-json/wc/store/v1/products/1001 "HTTP/1.1 200 OK"
2026-09-25 22:36:19,182 INFO    HTTP Request: GET http://localhost:9000/wp-json/wc/store/v1/products/1001 "HTTP/1.1 200 OK"
2026-09-25 22:36:19,234 INFO    HTTP Request: GET http://localhost:9000/wp-json/wc/store/v1/products/1001 "HTTP/1.1 200 OK"
2026-09-25 22:36:19,236 INFO    HTTP Request: GET http://localhost:9000/wp-json/wc/store/v1/products/1001 "HTTP/1.1 200 OK"
2026-09-25 22:36:19,291 INFO    HTTP Request: GET http://localhost:9000/wp-json/wc/store/v1/products/1001 "HTTP/1.1 200 OK"
2026-09-25 22:36:19,293 INFO    HTTP Request: GET http://localhost:9000/wp-json/wc/store/v1/products/1001 "HTTP/1.1 200 OK"
2026-09-25 22:36:19,346 INFO    HTTP Request: GET http://localhost:9000/wp-json/wc/store/v1/products/1001 "HTTP/1.1 200 OK"
2026-09-25 22:36:19,348 INFO    HTTP Request: GET http://localhost:9000/wp-json/wc/store/v1/products/1001 "HTTP/1.1 200 OK"
2026-09-25 22:36:19,401 INFO    HTTP Request: GET http://localhost:9000/wp-json/wc/store/v1/products/1001 "HTTP/1.1 200 OK"
2026-09-25 22:36:19,408 INFO    HTTP Request: GET http://localhost:9000/wp-json/wc/store/v1/products/1001 "HTTP/1.1 200 OK"
2026-09-25 22:36:19,461 INFO    HTTP Request: GET http://localhost:9000/wp-json/wc/store/v1/products/1001 "HTTP/1.1 200 OK"
2026-09-25 22:36:19,464 INFO    HTTP Request: GET http://localhost:9000/wp-json/wc/store/v1/products/1001 "HTTP/1.1 200 OK"
2026-09-25 22:36:19,517 INFO    HTTP Request: GET http://localhost:9000/wp-json/wc/store/v1/products/1001 "HTTP/1.1 200 OK"
2026-09-25 22:36:19,523 INFO    HTTP Request: GET http://localhost:9000/wp-json/wc/store/v1/products/1001 "HTTP/1.1 200 OK"
2026-09-25 22:36:19,576 INFO    HTTP Request: GET http://localhost:9000/wp-json/wc/store/v1/products/1001 "HTTP/1.1 200 OK"
2026-09-25 22:36:19,579 INFO    HTTP Request: GET http://localhost:9000/wp-json/wc/store/v1/products/1001 "HTTP/1.1 200 OK"
2026-09-25 22:36:19,632 INFO    HTTP Request: GET http://localhost:9000/wp-json/wc/store/v1/products/1001 "HTTP/1.1 200 OK"
2026-09-25 22:36:19,637 INFO    HTTP Request: GET http://localhost:9000/wp-json/wc/store/v1/products/1001 "HTTP/1.1 200 OK"
2026-09-25 22:36:19,693 INFO    HTTP Request: GET http://localhost:9000/wp-json/wc/store/v1/products/1001 "HTTP/1.1 200 OK"
2026-09-25 22:36:19,696 INFO    HTTP Request: GET http://localhost:9000/wp-json/wc/store/v1/products/1001 "HTTP/1.1 200 OK"
2026-09-25 22:36:19,749 INFO    HTTP Request: GET http://localhost:9000/wp-json/wc/store/v1/products/1001 "HTTP/1.1 200 OK"
2026-09-25 22:36:19,752 INFO    HTTP Request: GET http://localhost:9000/wp-json/wc/store/v1/products/1001 "HTTP/1.1 200 OK"
2026-09-25 22:36:19,808 INFO    HTTP Request: GET http://localhost:9000/wp-json/wc/store/v1/products/1001 "HTTP/1.1 200 OK"
2026-09-25 22:36:19,811 INFO    HTTP Request: GET http://localhost:9000/wp-json/wc/store/v1/products/1001 "HTTP/1.1 200 OK"
2026-09-25 22:36:19,864 INFO    HTTP Request: GET http://localhost:9000/wp-json/wc/store/v1/products/1001 "HTTP/1.1 200 OK"
2026-09-25 22:36:19,868 INFO    HTTP Request: GET http://localhost:9000/wp-json/wc/store/v1/products/1001 "HTTP/1.1 200 OK"
2026-09-25 22:36:19,925 INFO    HTTP Request: GET http://localhost:9000/wp-json/wc/store/v1/products/1001 "HTTP/1.1 200 OK"
2026-09-25 22:36:19,929 INFO    HTTP Request: GET http://localhost:9000/wp-json/wc/store/v1/products/1001 "HTTP/1.1 200 OK"
2026-09-25 22:36:19,983 INFO    HTTP Request: GET http://localhost:9000/wp-json/wc/store/v1/products/1001 "HTTP/1.1 200 OK"
2026-09-25 22:36:19,990 INFO    HTTP Request: GET http://localhost:9000/wp-json/wc/store/v1/products/1001 "HTTP/1.1 200 OK"
2026-09-25 22:36:20,046 INFO    HTTP Request: GET http://localhost:9000/wp-json/wc/store/v1/products/1001 "HTTP/1.1 200 OK"
2026-09-25 22:36:20,049 INFO    HTTP Request: GET http://localhost:9000/wp-json/wc/store/v1/products/1001 "HTTP/1.1 200 OK"
2026-09-25 22:36:20,101 INFO    HTTP Request: GET http://localhost:9000/wp-json/wc/store/v1/products/1001 "HTTP/1.1 200 OK"
2026-09-25 22:36:20,108 INFO    HTTP Request: GET http://localhost:9000/wp-json/wc/store/v1/products/1001 "HTTP/1.1 200 OK"
2026-09-25 22:36:20,161 INFO    HTTP Request: GET http://localhost:9000/wp-json/wc/store/v1/products/1001 "HTTP/1.1 200 OK"
2026-09-25 22:36:20,163 INFO    HTTP Request: GET http://localhost:9000/wp-json/wc/store/v1/products/1001 "HTTP/1.1 200 OK"
2026-09-25 22:36:20,218 INFO    HTTP Request: GET http://localhost:9000/wp-json/wc/store/v1/products/1001 "HTTP/1.1 200 OK"
2026-09-25 22:36:20,224 INFO    HTTP Request: GET http://localhost:9000/wp-json/wc/store/v1/products/1001 "HTTP/1.1 200 OK"
2026-09-25 22:36:20,281 INFO    HTTP Request: GET http://localhost:9000/wp-json/wc/store/v1/products/1001 "HTTP/1.1 200 OK"
2026-09-25 22:36:20,283 INFO    HTTP Request: GET http://localhost:9000/wp-json/wc/store/v1/products/1001 "HTTP/1.1 200 OK"
2026-09-25 22:36:20,335 INFO    HTTP Request: GET http://localhost:9000/wp-json/wc/store/v1/products/1001 "HTTP/1.1 200 OK"
2026-09-25 22:36:20,342 INFO    HTTP Request: GET http://localhost:9000/wp-json/wc/store/v1/products/1001 "HTTP/1.1 200 OK"
2026-09-25 22:36:20,395 INFO    HTTP Request: GET http://localhost:9000/wp-json/wc/store/v1/products/1001 "HTTP/1.1 200 OK"
2026-09-25 22:36:20,397 INFO    HTTP Request: GET http://localhost:9000/wp-json/wc/store/v1/products/1001 "HTTP/1.1 200 OK"
2026-09-25 22:36:20,449 INFO    HTTP Request: GET http://localhost:9000/wp-json/wc/store/v1/products/1001 "HTTP/1.1 200 OK"
2026-09-25 22:36:20,451 INFO    HTTP Request: GET http://localhost:9000/wp-json/wc/store/v1/products/1001 "HTTP/1.1 200 OK"
2026-09-25 22:36:20,507 INFO    HTTP Request: GET http://localhost:9000/wp-json/wc/store/v1/products/1001 "HTTP/1.1 200 OK"
2026-09-25 22:36:20,510 INFO    HTTP Request: GET http://localhost:9000/wp-json/wc/store/v1/products/1001 "HTTP/1.1 200 OK"
2026-09-25 22:36:20,563 INFO    HTTP Request: GET http://localhost:9000/wp-json/wc/store/v1/products/1001 "HTTP/1.1 200 OK"
2026-09-25 22:36:20,566 INFO    HTTP Request: GET http://localhost:9000/wp-json/wc/store/v1/products/1001 "HTTP/1.1 200 OK"
2026-09-25 22:36:20,620 INFO    HTTP Request: GET http://localhost:9000/wp-json/wc/store/v1/products/1001 "HTTP/1.1 200 OK"
2026-09-25 22:36:20,627 INFO    HTTP Request: GET http://localhost:9000/wp-json/wc/store/v1/products/1001 "HTTP/1.1 200 OK"
2026-09-25 22:36:20,680 INFO    HTTP Request: GET http://localhost:9000/wp-json/wc/store/v1/products/1001 "HTTP/1.1 200 OK"
2026-09-25 22:36:20,683 INFO    HTTP Request: GET http://localhost:9000/wp-json/wc/store/v1/products/1001 "HTTP/1.1 200 OK"
2026-09-25 22:36:20,739 INFO    HTTP Request: GET http://localhost:9000/wp-json/wc/store/v1/products/1001 "HTTP/1.1 200 OK"
2026-09-25 22:36:20,744 INFO    HTTP Request: GET http://localhost:9000/wp-json/wc/store/v1/products/1001 "HTTP/1.1 200 OK"
2026-09-25 22:36:20,797 INFO    HTTP Request: GET http://localhost:9000/wp-json/wc/store/v1/products/1001 "HTTP/1.1 200 OK"
2026-09-25 22:36:20,800 INFO    HTTP Request: GET http://localhost:9000/wp-json/wc/store/v1/products/1001 "HTTP/1.1 200 OK"
2026-09-25 22:36:20,856 INFO    HTTP Request: GET http://localhost:9000/wp-json/wc/store/v1/products/1001 "HTTP/1.1 200 OK"
2026-09-25 22:36:20,860 INFO    HTTP Request: GET http://localhost:9000/wp-json/wc/store/v1/products/1001 "HTTP/1.1 200 OK"
2026-09-25 22:36:20,913 INFO    HTTP Request: GET http://localhost:9000/wp-json/wc/store/v1/products/1001 "HTTP/1.1 200 OK"
2026-09-25 22:36:20,917 INFO    HTTP Request: GET http://localhost:9000/wp-json/wc/store/v1/products/1001 "HTTP/1.1 200 OK"
2026-09-25 22:36:20,972 INFO    HTTP Request: GET http://localhost:9000/wp-json/wc/store/v1/products/1001 "HTTP/1.1 200 OK"
2026-09-25 22:36:20,975 INFO    HTTP Request: GET http://localhost:9000/wp-json/wc/store/v1/products/1001 "HTTP/1.1 200 OK"
2026-09-25 22:36:21,030 INFO    HTTP Request: GET http://localhost:9000/wp-json/wc/store/v1/products/1001 "HTTP/1.1 200 OK"
2026-09-25 22:36:21,033 INFO    HTTP Request: GET http://localhost:9000/wp-json/wc/store/v1/products/1001 "HTTP/1.1 200 OK"
2026-09-25 22:36:21,087 INFO    HTTP Request: GET http://localhost:9000/wp-json/wc/store/v1/products/1001 "HTTP/1.1 200 OK"
2026-09-25 22:36:21,093 INFO    HTTP Request: GET http://localhost:9000/wp-json/wc/store/v1/products/1001 "HTTP/1.1 200 OK"
2026-09-25 22:36:21,146 INFO    HTTP Request: GET http://localhost:9000/wp-json/wc/store/v1/products/1001 "HTTP/1.1 200 OK"
2026-09-25 22:36:21,149 INFO    HTTP Request: GET http://localhost:9000/wp-json/wc/store/v1/products/1001 "HTTP/1.1 200 OK"
2026-09-25 22:36:21,202 INFO    HTTP Request: GET http://localhost:9000/wp-json/wc/store/v1/products/1001 "HTTP/1.1 200 OK"
2026-09-25 22:36:21,207 INFO    HTTP Request: GET http://localhost:9000/wp-json/wc/store/v1/products/1001 "HTTP/1.1 200 OK"
2026-09-25 22:36:21,261 INFO    HTTP Request: GET http://localhost:9000/wp-json/wc/store/v1/products/1001 "HTTP/1.1 200 OK"
2026-09-25 22:36:21,264 INFO    HTTP Request: GET http://localhost:9000/wp-json/wc/store/v1/products/1001 "HTTP/1.1 200 OK"
2026-09-25 22:36:21,317 INFO    HTTP Request: GET http://localhost:9000/wp-json/wc/store/v1/products/1001 "HTTP/1.1 200 OK"
2026-09-25 22:36:21,322 INFO    HTTP Request: GET http://localhost:9000/wp-json/wc/store/v1/products/1001 "HTTP/1.1 200 OK"
2026-09-25 22:36:21,376 INFO    HTTP Request: GET http://localhost:9000/wp-json/wc/store/v1/products/1001 "HTTP/1.1 200 OK"
2026-09-25 22:36:21,379 INFO    HTTP Request: GET http://localhost:9000/wp-json/wc/store/v1/products/1001 "HTTP/1.1 200 OK"
2026-09-25 22:36:21,432 INFO    HTTP Request: GET http://localhost:9000/wp-json/wc/store/v1/products/1001 "HTTP/1.1 200 OK"
2026-09-25 22:36:21,436 INFO    HTTP Request: GET http://localhost:9000/wp-json/wc/store/v1/products/1001 "HTTP/1.1 200 OK"
2026-09-25 22:36:21,492 INFO    HTTP Request: GET http://localhost:9000/wp-json/wc/store/v1/products/1001 "HTTP/1.1 200 OK"
2026-09-25 22:36:21,495 INFO    HTTP Request: GET http://localhost:9000/wp-json/wc/store/v1/products/1001 "HTTP/1.1 200 OK"
2026-09-25 22:36:21,551 INFO    HTTP Request: GET http://localhost:9000/wp-json/wc/store/v1/products/1001 "HTTP/1.1 200 OK"
2026-09-25 22:36:21,560 INFO    HTTP Request: GET http://localhost:9000/wp-json/wc/store/v1/products/1001 "HTTP/1.1 200 OK"
2026-09-25 22:36:21,616 INFO    HTTP Request: GET http://localhost:9000/wp-json/wc/store/v1/products/1001 "HTTP/1.1 200 OK"
2026-09-25 22:36:21,627 INFO    HTTP Request: GET http://localhost:9000/wp-json/wc/store/v1/products/1001 "HTTP/1.1 200 OK"
2026-09-25 22:36:21,680 INFO    HTTP Request: GET http://localhost:9000/wp-json/wc/store/v1/products/1001 "HTTP/1.1 200 OK"
2026-09-25 22:36:21,682 INFO    HTTP Request: GET http://localhost:9000/wp-json/wc/store/v1/products/1001 "HTTP/1.1 200 OK"
2026-09-25 22:36:21,733 INFO    HTTP Request: GET http://localhost:9000/wp-json/wc/store/v1/products/1001 "HTTP/1.1 200 OK"
2026-09-25 22:36:21,736 INFO    HTTP Request: GET http://localhost:9000/wp-json/wc/store/v1/products/1001 "HTTP/1.1 200 OK"
2026-09-25 22:36:21,792 INFO    HTTP Request: GET http://localhost:9000/wp-json/wc/store/v1/products/1001 "HTTP/1.1 200 OK"
2026-09-25 22:36:21,794 INFO    HTTP Request: GET http://localhost:9000/wp-json/wc/store/v1/products/1001 "HTTP/1.1 200 OK"
2026-09-25 22:36:21,846 INFO    HTTP Request: GET http://localhost:9000/wp-json/wc/store/v1/products/1001 "HTTP/1.1 200 OK"
2026-09-25 22:36:21,848 INFO    HTTP Request: GET http://localhost:9000/wp-json/wc/store/v1/products/1001 "HTTP/1.1 200 OK"
2026-09-25 22:36:21,900 INFO    HTTP Request: GET http://localhost:9000/wp-json/wc/store/v1/products/1001 "HTTP/1.1 200 OK"
2026-09-25 22:36:21,903 INFO    HTTP Request: GET http://localhost:9000/wp-json/wc/store/v1/products/1001 "HTTP/1.1 200 OK"
2026-09-25 22:36:21,958 INFO    HTTP Request: GET http://localhost:9000/wp-json/wc/store/v1/products/1001 "HTTP/1.1 200 OK"
2026-09-25 22:36:21,960 INFO    HTTP Request: GET http://localhost:9000/wp-json/wc/store/v1/products/1001 "HTTP/1.1 200 OK"
2026-09-25 22:36:22,012 INFO    HTTP Request: GET http://localhost:9000/wp-json/wc/store/v1/products/1001 "HTTP/1.1 200 OK"
2026-09-25 22:36:22,015 INFO    HTTP Request: GET http://localhost:9000/wp-json/wc/store/v1/products/1001 "HTTP/1.1 200 OK"
2026-09-25 22:36:22,068 INFO    HTTP Request: GET http://localhost:9000/wp-json/wc/store/v1/products/1001 "HTTP/1.1 200 OK"
2026-09-25 22:36:22,073 INFO    HTTP Request: GET http://localhost:9000/wp-json/wc/store/v1/products/1001 "HTTP/1.1 200 OK"
2026-09-25 22:36:22,126 INFO    HTTP Request: GET http://localhost:9000/wp-json/wc/store/v1/products/1001 "HTTP/1.1 200 OK"
2026-09-25 22:36:22,128 INFO    HTTP Request: GET http://localhost:9000/wp-json/wc/store/v1/products/1001 "HTTP/1.1 200 OK"
2026-09-25 22:36:22,181 INFO    HTTP Request: GET http://localhost:9000/wp-json/wc/store/v1/products/1001 "HTTP/1.1 200 OK"
2026-09-25 22:36:22,184 INFO    HTTP Request: GET http://localhost:9000/wp-json/wc/store/v1/products/1001 "HTTP/1.1 200 OK"
2026-09-25 22:36:22,238 INFO    HTTP Request: GET http://localhost:9000/wp-json/wc/store/v1/products/1001 "HTTP/1.1 200 OK"
2026-09-25 22:36:22,241 INFO    HTTP Request: GET http://localhost:9000/wp-json/wc/store/v1/products/1001 "HTTP/1.1 200 OK"
2026-09-25 22:36:22,242 INFO    [1001] summary: mode=contest tail=300ms rem=74.7s reads=50 p50=3ms p95=8ms writes=6 p50=7ms p95=9ms prop=6 p50=50ms p95=51ms bids=6 last=1,375,000 current=1,375,000
2026-09-25 22:36:22,294 INFO    HTTP Request: GET http://localhost:9000/wp-json/wc/store/v1/products/1001 "HTTP/1.1 200 OK"
2026-09-25 22:36:22,298 INFO    HTTP Request: GET http://localhost:9000/wp-json/wc/store/v1/products/1001 "HTTP/1.1 200 OK"
2026-09-25 22:36:22,351 INFO    HTTP Request: GET http://localhost:9000/wp-json/wc/store/v1/products/1001 "HTTP/1.1 200 OK"
2026-09-25 22:36:22,356 INFO    HTTP Request: GET http://localhost:9000/wp-json/wc/store/v1/products/1001 "HTTP/1.1 200 OK"
2026-09-25 22:36:22,409 INFO    HTTP Request: GET http://localhost:9000/wp-json/wc/store/v1/products/1001 "HTTP/1.1 200 OK"
2026-09-25 22:36:22,411 INFO    HTTP Request: GET http://localhost:9000/wp-json/wc/store/v1/products/1001 "HTTP/1.1 200 OK"
2026-09-25 22:36:22,463 INFO    HTTP Request: GET http://localhost:9000/wp-json/wc/store/v1/products/1001 "HTTP/1.1 200 OK"
2026-09-25 22:36:22,465 INFO    HTTP Request: GET http://localhost:9000/wp-json/wc/store/v1/products/1001 "HTTP/1.1 200 OK"
2026-09-25 22:36:22,517 INFO    HTTP Request: GET http://localhost:9000/wp-json/wc/store/v1/products/1001 "HTTP/1.1 200 OK"
2026-09-25 22:36:22,522 INFO    HTTP Request: GET http://localhost:9000/wp-json/wc/store/v1/products/1001 "HTTP/1.1 200 OK"
2026-09-25 22:36:22,576 INFO    HTTP Request: GET http://localhost:9000/wp-json/wc/store/v1/products/1001 "HTTP/1.1 200 OK"
2026-09-25 22:36:22,578 INFO    HTTP Request: GET http://localhost:9000/wp-json/wc/store/v1/products/1001 "HTTP/1.1 200 OK"
2026-09-25 22:36:22,630 INFO    HTTP Request: GET http://localhost:9000/wp-json/wc/store/v1/products/1001 "HTTP/1.1 200 OK"
2026-09-25 22:36:22,632 INFO    HTTP Request: GET http://localhost:9000/wp-json/wc/store/v1/products/1001 "HTTP/1.1 200 OK"
2026-09-25 22:36:22,684 INFO    HTTP Request: GET http://localhost:9000/wp-json/wc/store/v1/products/1001 "HTTP/1.1 200 OK"
2026-09-25 22:36:22,691 INFO    HTTP Request: GET http://localhost:9000/wp-json/wc/store/v1/products/1001 "HTTP/1.1 200 OK"
2026-09-25 22:36:22,747 INFO    HTTP Request: GET http://localhost:9000/wp-json/wc/store/v1/products/1001 "HTTP/1.1 200 OK"
2026-09-25 22:36:22,749 INFO    HTTP Request: GET http://localhost:9000/wp-json/wc/store/v1/products/1001 "HTTP/1.1 200 OK"
2026-09-25 22:36:22,802 INFO    HTTP Request: GET http://localhost:9000/wp-json/wc/store/v1/products/1001 "HTTP/1.1 200 OK"
2026-09-25 22:36:22,805 INFO    HTTP Request: GET http://localhost:9000/wp-json/wc/store/v1/products/1001 "HTTP/1.1 200 OK"
2026-09-25 22:36:22,858 INFO    HTTP Request: GET http://localhost:9000/wp-json/wc/store/v1/products/1001 "HTTP/1.1 200 OK"
2026-09-25 22:36:22,860 INFO    HTTP Request: GET http://localhost:9000/wp-json/wc/store/v1/products/1001 "HTTP/1.1 200 OK"
2026-09-25 22:36:22,912 INFO    HTTP Request: GET http://localhost:9000/wp-json/wc/store/v1/products/1001 "HTTP/1.1 200 OK"
2026-09-25 22:36:22,914 INFO    HTTP Request: GET http://localhost:9000/wp-json/wc/store/v1/products/1001 "HTTP/1.1 200 OK"
2026-09-25 22:36:22,966 INFO    HTTP Request: GET http://localhost:9000/wp-json/wc/store/v1/products/1001 "HTTP/1.1 200 OK"
2026-09-25 22:36:22,968 INFO    HTTP Request: GET http://localhost:9000/wp-json/wc/store/v1/products/1001 "HTTP/1.1 200 OK"
2026-09-25 22:36:23,024 INFO    HTTP Request: GET http://localhost:9000/wp-json/wc/store/v1/products/1001 "HTTP/1.1 200 OK"
2026-09-25 22:36:23,026 INFO    HTTP Request: GET http://localhost:9000/wp-json/wc/store/v1/products/1001 "HTTP/1.1 200 OK"
2026-09-25 22:36:23,078 INFO    HTTP Request: GET http://localhost:9000/wp-json/wc/store/v1/products/1001 "HTTP/1.1 200 OK"
2026-09-25 22:36:23,080 INFO    HTTP Request: GET http://localhost:9000/wp-json/wc/store/v1/products/1001 "HTTP/1.1 200 OK"
2026-09-25 22:36:23,133 INFO    HTTP Request: GET http://localhost:9000/wp-json/wc/store/v1/products/1001 "HTTP/1.1 200 OK"
2026-09-25 22:36:23,135 INFO    HTTP Request: GET http://localhost:9000/wp-json/wc/store/v1/products/1001 "HTTP/1.1 200 OK"
2026-09-25 22:36:23,191 INFO    HTTP Request: GET http://localhost:9000/wp-json/wc/store/v1/products/1001 "HTTP/1.1 200 OK"
2026-09-25 22:36:23,194 INFO    HTTP Request: GET http://localhost:9000/wp-json/wc/store/v1/products/1001 "HTTP/1.1 200 OK"
2026-09-25 22:36:23,247 INFO    HTTP Request: GET http://localhost:9000/wp-json/wc/store/v1/products/1001 "HTTP/1.1 200 OK"
2026-09-25 22:36:23,250 INFO    HTTP Request: GET http://localhost:9000/wp-json/wc/store/v1/products/1001 "HTTP/1.1 200 OK"
2026-09-25 22:36:23,304 INFO    HTTP Request: GET http://localhost:9000/wp-json/wc/store/v1/products/1001 "HTTP/1.1 200 OK"
2026-09-25 22:36:23,310 INFO    HTTP Request: GET http://localhost:9000/wp-json/wc/store/v1/products/1001 "HTTP/1.1 200 OK"
2026-09-25 22:36:23,363 INFO    HTTP Request: GET http://localhost:9000/wp-json/wc/store/v1/products/1001 "HTTP/1.1 200 OK"
2026-09-25 22:36:23,366 INFO    HTTP Request: GET http://localhost:9000/wp-json/wc/store/v1/products/1001 "HTTP/1.1 200 OK"
2026-09-25 22:36:23,421 INFO    HTTP Request: GET http://localhost:9000/wp-json/wc/store/v1/products/1001 "HTTP/1.1 200 OK"
2026-09-25 22:36:23,425 INFO    HTTP Request: GET http://localhost:9000/wp-json/wc/store/v1/products/1001 "HTTP/1.1 200 OK"
2026-09-25 22:36:23,479 INFO    HTTP Request: GET http://localhost:9000/wp-json/wc/store/v1/products/1001 "HTTP/1.1 200 OK"
2026-09-25 22:36:23,482 INFO    HTTP Request: GET http://localhost:9000/wp-json/wc/store/v1/products/1001 "HTTP/1.1 200 OK"
2026-09-25 22:36:23,535 INFO    HTTP Request: GET http://localhost:9000/wp-json/wc/store/v1/products/1001 "HTTP/1.1 200 OK"
2026-09-25 22:36:23,540 INFO    HTTP Request: GET http://localhost:9000/wp-json/wc/store/v1/products/1001 "HTTP/1.1 200 OK"
2026-09-25 22:36:23,594 INFO    HTTP Request: GET http://localhost:9000/wp-json/wc/store/v1/products/1001 "HTTP/1.1 200 OK"
2026-09-25 22:36:23,598 INFO    HTTP Request: GET http://localhost:9000/wp-json/wc/store/v1/products/1001 "HTTP/1.1 200 OK"
2026-09-25 22:36:23,652 INFO    HTTP Request: GET http://localhost:9000/wp-json/wc/store/v1/products/1001 "HTTP/1.1 200 OK"
2026-09-25 22:36:23,658 INFO    HTTP Request: GET http://localhost:9000/wp-json/wc/store/v1/products/1001 "HTTP/1.1 200 OK"
2026-09-25 22:36:23,713 INFO    HTTP Request: GET http://localhost:9000/wp-json/wc/store/v1/products/1001 "HTTP/1.1 200 OK"
2026-09-25 22:36:23,718 INFO    HTTP Request: GET http://localhost:9000/wp-json/wc/store/v1/products/1001 "HTTP/1.1 200 OK"
2026-09-25 22:36:23,774 INFO    HTTP Request: GET http://localhost:9000/wp-json/wc/store/v1/products/1001 "HTTP/1.1 200 OK"
2026-09-25 22:36:23,776 INFO    HTTP Request: GET http://localhost:9000/wp-json/wc/store/v1/products/1001 "HTTP/1.1 200 OK"
2026-09-25 22:36:23,828 INFO    HTTP Request: GET http://localhost:9000/wp-json/wc/store/v1/products/1001 "HTTP/1.1 200 OK"
2026-09-25 22:36:23,830 INFO    HTTP Request: GET http://localhost:9000/wp-json/wc/store/v1/products/1001 "HTTP/1.1 200 OK"
2026-09-25 22:36:23,882 INFO    HTTP Request: GET http://localhost:9000/wp-json/wc/store/v1/products/1001 "HTTP/1.1 200 OK"
2026-09-25 22:36:23,885 INFO    HTTP Request: GET http://localhost:9000/wp-json/wc/store/v1/products/1001 "HTTP/1.1 200 OK"
2026-09-25 22:36:23,941 INFO    HTTP Request: GET http://localhost:9000/wp-json/wc/store/v1/products/1001 "HTTP/1.1 200 OK"
2026-09-25 22:36:23,944 INFO    HTTP Request: GET http://localhost:9000/wp-json/wc/store/v1/products/1001 "HTTP/1.1 200 OK"
2026-09-25 22:36:23,995 INFO    HTTP Request: GET http://localhost:9000/wp-json/wc/store/v1/products/1001 "HTTP/1.1 200 OK"
2026-09-25 22:36:23,997 INFO    HTTP Request: GET http://localhost:9000/wp-json/wc/store/v1/products/1001 "HTTP/1.1 200 OK"
2026-09-25 22:36:24,049 INFO    HTTP Request: GET http://localhost:9000/wp-json/wc/store/v1/products/1001 "HTTP/1.1 200 OK"
2026-09-25 22:36:24,051 INFO    HTTP Request: GET http://localhost:9000/wp-json/wc/store/v1/products/1001 "HTTP/1.1 200 OK"
2026-09-25 22:36:24,107 INFO    HTTP Request: GET http://localhost:9000/wp-json/wc/store/v1/products/1001 "HTTP/1.1 200 OK"
2026-09-25 22:36:24,109 INFO    HTTP Request: GET http://localhost:9000/wp-json/wc/store/v1/products/1001 "HTTP/1.1 200 OK"
2026-09-25 22:36:24,167 INFO    HTTP Request: GET http://localhost:9000/wp-json/wc/store/v1/products/1001 "HTTP/1.1 200 OK"
2026-09-25 22:36:24,171 INFO    HTTP Request: GET http://localhost:9000/wp-json/wc/store/v1/products/1001 "HTTP/1.1 200 OK"
2026-09-25 22:36:24,226 INFO    HTTP Request: GET http://localhost:9000/wp-json/wc/store/v1/products/1001 "HTTP/1.1 200 OK"
2026-09-25 22:36:24,231 INFO    HTTP Request: GET http://localhost:9000/wp-json/wc/store/v1/products/1001 "HTTP/1.1 200 OK"
2026-09-25 22:36:24,286 INFO    HTTP Request: GET http://localhost:9000/wp-json/wc/store/v1/products/1001 "HTTP/1.1 200 OK"
2026-09-25 22:36:24,295 INFO    HTTP Request: GET http://localhost:9000/wp-json/wc/store/v1/products/1001 "HTTP/1.1 200 OK"
2026-09-25 22:36:24,349 INFO    HTTP Request: GET http://localhost:9000/wp-json/wc/store/v1/products/1001 "HTTP/1.1 200 OK"
2026-09-25 22:36:24,357 INFO    HTTP Request: GET http://localhost:9000/wp-json/wc/store/v1/products/1001 "HTTP/1.1 200 OK"
2026-09-25 22:36:24,412 INFO    HTTP Request: GET http://localhost:9000/wp-json/wc/store/v1/products/1001 "HTTP/1.1 200 OK"
2026-09-25 22:36:24,417 INFO    HTTP Request: GET http://localhost:9000/wp-json/wc/store/v1/products/1001 "HTTP/1.1 200 OK"
2026-09-25 22:36:24,475 INFO    HTTP Request: GET http://localhost:9000/wp-json/wc/store/v1/products/1001 "HTTP/1.1 200 OK"
2026-09-25 22:36:24,479 INFO    HTTP Request: GET http://localhost:9000/wp-json/wc/store/v1/products/1001 "HTTP/1.1 200 OK"
2026-09-25 22:36:24,535 INFO    HTTP Request: GET http://localhost:9000/wp-json/wc/store/v1/products/1001 "HTTP/1.1 200 OK"
2026-09-25 22:36:24,542 INFO    HTTP Request: GET http://localhost:9000/wp-json/wc/store/v1/products/1001 "HTTP/1.1 200 OK"
2026-09-25 22:36:24,598 INFO    HTTP Request: GET http://localhost:9000/wp-json/wc/store/v1/products/1001 "HTTP/1.1 200 OK"
2026-09-25 22:36:24,605 INFO    HTTP Request: GET http://localhost:9000/wp-json/wc/store/v1/products/1001 "HTTP/1.1 200 OK"
2026-09-25 22:36:24,663 INFO    HTTP Request: GET http://localhost:9000/wp-json/wc/store/v1/products/1001 "HTTP/1.1 200 OK"
2026-09-25 22:36:24,668 INFO    HTTP Request: GET http://localhost:9000/wp-json/wc/store/v1/products/1001 "HTTP/1.1 200 OK"
2026-09-25 22:36:24,725 INFO    HTTP Request: GET http://localhost:9000/wp-json/wc/store/v1/products/1001 "HTTP/1.1 200 OK"
2026-09-25 22:36:24,730 INFO    HTTP Request: GET http://localhost:9000/wp-json/wc/store/v1/products/1001 "HTTP/1.1 200 OK"
2026-09-25 22:36:24,788 INFO    HTTP Request: GET http://localhost:9000/wp-json/wc/store/v1/products/1001 "HTTP/1.1 200 OK"
2026-09-25 22:36:24,795 INFO    HTTP Request: GET http://localhost:9000/wp-json/wc/store/v1/products/1001 "HTTP/1.1 200 OK"
2026-09-25 22:36:24,852 INFO    HTTP Request: GET http://localhost:9000/wp-json/wc/store/v1/products/1001 "HTTP/1.1 200 OK"
2026-09-25 22:36:24,863 INFO    HTTP Request: GET http://localhost:9000/wp-json/wc/store/v1/products/1001 "HTTP/1.1 200 OK"
2026-09-25 22:36:24,919 INFO    HTTP Request: GET http://localhost:9000/wp-json/wc/store/v1/products/1001 "HTTP/1.1 200 OK"
2026-09-25 22:36:24,929 INFO    HTTP Request: GET http://localhost:9000/wp-json/wc/store/v1/products/1001 "HTTP/1.1 200 OK"
2026-09-25 22:36:24,982 INFO    HTTP Request: GET http://localhost:9000/wp-json/wc/store/v1/products/1001 "HTTP/1.1 200 OK"
2026-09-25 22:36:24,984 INFO    HTTP Request: GET http://localhost:9000/wp-json/wc/store/v1/products/1001 "HTTP/1.1 200 OK"
2026-09-25 22:36:25,040 INFO    HTTP Request: GET http://localhost:9000/wp-json/wc/store/v1/products/1001 "HTTP/1.1 200 OK"
2026-09-25 22:36:25,043 INFO    HTTP Request: GET http://localhost:9000/wp-json/wc/store/v1/products/1001 "HTTP/1.1 200 OK"
2026-09-25 22:36:25,043 INFO    [1001] price 1,410,000 (my_last=1,375,000, bids=6, rem=71.9s)
2026-09-25 22:36:25,046 INFO    HTTP Request: POST http://localhost:9000/wp-admin/admin-ajax "HTTP/1.1 200 OK"
2026-09-25 22:36:25,050 INFO    [1001] fire 1,415,000 (contest) → success=True (0.003s)
2026-09-25 22:36:25,103 INFO    HTTP Request: GET http://localhost:9000/wp-json/wc/store/v1/products/1001 "HTTP/1.1 200 OK"
2026-09-25 22:36:25,112 INFO    HTTP Request: GET http://localhost:9000/wp-json/wc/store/v1/products/1001 "HTTP/1.1 200 OK"
2026-09-25 22:36:25,116 INFO    [1001] propagation 0.050s (bid=1,415,000 now_visible)
2026-09-25 22:36:25,116 INFO    [1001] price 1,415,000 (my_last=1,415,000, bids=7, rem=71.8s)
2026-09-25 22:36:25,169 INFO    HTTP Request: GET http://localhost:9000/wp-json/wc/store/v1/products/1001 "HTTP/1.1 200 OK"
2026-09-25 22:36:25,173 INFO    HTTP Request: GET http://localhost:9000/wp-json/wc/store/v1/products/1001 "HTTP/1.1 200 OK"
2026-09-25 22:36:25,226 INFO    HTTP Request: GET http://localhost:9000/wp-json/wc/store/v1/products/1001 "HTTP/1.1 200 OK"
2026-09-25 22:36:25,228 INFO    HTTP Request: GET http://localhost:9000/wp-json/wc/store/v1/products/1001 "HTTP/1.1 200 OK"
2026-09-25 22:36:25,281 INFO    HTTP Request: GET http://localhost:9000/wp-json/wc/store/v1/products/1001 "HTTP/1.1 200 OK"
2026-09-25 22:36:25,284 INFO    HTTP Request: GET http://localhost:9000/wp-json/wc/store/v1/products/1001 "HTTP/1.1 200 OK"
2026-09-25 22:36:25,341 INFO    HTTP Request: GET http://localhost:9000/wp-json/wc/store/v1/products/1001 "HTTP/1.1 200 OK"
2026-09-25 22:36:25,344 INFO    HTTP Request: GET http://localhost:9000/wp-json/wc/store/v1/products/1001 "HTTP/1.1 200 OK"
2026-09-25 22:36:25,397 INFO    HTTP Request: GET http://localhost:9000/wp-json/wc/store/v1/products/1001 "HTTP/1.1 200 OK"
2026-09-25 22:36:25,400 INFO    HTTP Request: GET http://localhost:9000/wp-json/wc/store/v1/products/1001 "HTTP/1.1 200 OK"
2026-09-25 22:36:25,457 INFO    HTTP Request: GET http://localhost:9000/wp-json/wc/store/v1/products/1001 "HTTP/1.1 200 OK"
2026-09-25 22:36:25,460 INFO    HTTP Request: GET http://localhost:9000/wp-json/wc/store/v1/products/1001 "HTTP/1.1 200 OK"
2026-09-25 22:36:25,512 INFO    HTTP Request: GET http://localhost:9000/wp-json/wc/store/v1/products/1001 "HTTP/1.1 200 OK"
2026-09-25 22:36:25,515 INFO    HTTP Request: GET http://localhost:9000/wp-json/wc/store/v1/products/1001 "HTTP/1.1 200 OK"
2026-09-25 22:36:25,569 INFO    HTTP Request: GET http://localhost:9000/wp-json/wc/store/v1/products/1001 "HTTP/1.1 200 OK"
2026-09-25 22:36:25,574 INFO    HTTP Request: GET http://localhost:9000/wp-json/wc/store/v1/products/1001 "HTTP/1.1 200 OK"
2026-09-25 22:36:25,627 INFO    HTTP Request: GET http://localhost:9000/wp-json/wc/store/v1/products/1001 "HTTP/1.1 200 OK"
2026-09-25 22:36:25,630 INFO    HTTP Request: GET http://localhost:9000/wp-json/wc/store/v1/products/1001 "HTTP/1.1 200 OK"
2026-09-25 22:36:25,682 INFO    HTTP Request: GET http://localhost:9000/wp-json/wc/store/v1/products/1001 "HTTP/1.1 200 OK"
2026-09-25 22:36:25,685 INFO    HTTP Request: GET http://localhost:9000/wp-json/wc/store/v1/products/1001 "HTTP/1.1 200 OK"
2026-09-25 22:36:25,741 INFO    HTTP Request: GET http://localhost:9000/wp-json/wc/store/v1/products/1001 "HTTP/1.1 200 OK"
2026-09-25 22:36:25,744 INFO    HTTP Request: GET http://localhost:9000/wp-json/wc/store/v1/products/1001 "HTTP/1.1 200 OK"
2026-09-25 22:36:25,797 INFO    HTTP Request: GET http://localhost:9000/wp-json/wc/store/v1/products/1001 "HTTP/1.1 200 OK"
2026-09-25 22:36:25,800 INFO    HTTP Request: GET http://localhost:9000/wp-json/wc/store/v1/products/1001 "HTTP/1.1 200 OK"
2026-09-25 22:36:25,855 INFO    HTTP Request: GET http://localhost:9000/wp-json/wc/store/v1/products/1001 "HTTP/1.1 200 OK"
2026-09-25 22:36:25,859 INFO    HTTP Request: GET http://localhost:9000/wp-json/wc/store/v1/products/1001 "HTTP/1.1 200 OK"
2026-09-25 22:36:25,911 INFO    HTTP Request: GET http://localhost:9000/wp-json/wc/store/v1/products/1001 "HTTP/1.1 200 OK"
2026-09-25 22:36:25,914 INFO    HTTP Request: GET http://localhost:9000/wp-json/wc/store/v1/products/1001 "HTTP/1.1 200 OK"
2026-09-25 22:36:25,967 INFO    HTTP Request: GET http://localhost:9000/wp-json/wc/store/v1/products/1001 "HTTP/1.1 200 OK"
2026-09-25 22:36:25,972 INFO    HTTP Request: GET http://localhost:9000/wp-json/wc/store/v1/products/1001 "HTTP/1.1 200 OK"
2026-09-25 22:36:26,026 INFO    HTTP Request: GET http://localhost:9000/wp-json/wc/store/v1/products/1001 "HTTP/1.1 200 OK"
2026-09-25 22:36:26,029 INFO    HTTP Request: GET http://localhost:9000/wp-json/wc/store/v1/products/1001 "HTTP/1.1 200 OK"
2026-09-25 22:36:26,087 INFO    HTTP Request: GET http://localhost:9000/wp-json/wc/store/v1/products/1001 "HTTP/1.1 200 OK"
2026-09-25 22:36:26,105 INFO    HTTP Request: GET http://localhost:9000/wp-json/wc/store/v1/products/1001 "HTTP/1.1 200 OK"
2026-09-25 22:36:26,167 INFO    HTTP Request: GET http://localhost:9000/wp-json/wc/store/v1/products/1001 "HTTP/1.1 200 OK"
2026-09-25 22:36:26,177 INFO    HTTP Request: GET http://localhost:9000/wp-json/wc/store/v1/products/1001 "HTTP/1.1 200 OK"
2026-09-25 22:36:26,232 INFO    HTTP Request: GET http://localhost:9000/wp-json/wc/store/v1/products/1001 "HTTP/1.1 200 OK"
2026-09-25 22:36:26,243 INFO    HTTP Request: GET http://localhost:9000/wp-json/wc/store/v1/products/1001 "HTTP/1.1 200 OK"
2026-09-25 22:36:26,298 INFO    HTTP Request: GET http://localhost:9000/wp-json/wc/store/v1/products/1001 "HTTP/1.1 200 OK"
2026-09-25 22:36:26,301 INFO    HTTP Request: GET http://localhost:9000/wp-json/wc/store/v1/products/1001 "HTTP/1.1 200 OK"
2026-09-25 22:36:26,357 INFO    HTTP Request: GET http://localhost:9000/wp-json/wc/store/v1/products/1001 "HTTP/1.1 200 OK"
2026-09-25 22:36:26,359 INFO    HTTP Request: GET http://localhost:9000/wp-json/wc/store/v1/products/1001 "HTTP/1.1 200 OK"
2026-09-25 22:36:26,411 INFO    HTTP Request: GET http://localhost:9000/wp-json/wc/store/v1/products/1001 "HTTP/1.1 200 OK"
2026-09-25 22:36:26,413 INFO    HTTP Request: GET http://localhost:9000/wp-json/wc/store/v1/products/1001 "HTTP/1.1 200 OK"
2026-09-25 22:36:26,466 INFO    HTTP Request: GET http://localhost:9000/wp-json/wc/store/v1/products/1001 "HTTP/1.1 200 OK"
2026-09-25 22:36:26,469 INFO    HTTP Request: GET http://localhost:9000/wp-json/wc/store/v1/products/1001 "HTTP/1.1 200 OK"
2026-09-25 22:36:26,524 INFO    HTTP Request: GET http://localhost:9000/wp-json/wc/store/v1/products/1001 "HTTP/1.1 200 OK"
2026-09-25 22:36:26,526 INFO    HTTP Request: GET http://localhost:9000/wp-json/wc/store/v1/products/1001 "HTTP/1.1 200 OK"
2026-09-25 22:36:26,578 INFO    HTTP Request: GET http://localhost:9000/wp-json/wc/store/v1/products/1001 "HTTP/1.1 200 OK"
2026-09-25 22:36:26,580 INFO    HTTP Request: GET http://localhost:9000/wp-json/wc/store/v1/products/1001 "HTTP/1.1 200 OK"
2026-09-25 22:36:26,632 INFO    HTTP Request: GET http://localhost:9000/wp-json/wc/store/v1/products/1001 "HTTP/1.1 200 OK"
2026-09-25 22:36:26,634 INFO    HTTP Request: GET http://localhost:9000/wp-json/wc/store/v1/products/1001 "HTTP/1.1 200 OK"
2026-09-25 22:36:26,691 INFO    HTTP Request: GET http://localhost:9000/wp-json/wc/store/v1/products/1001 "HTTP/1.1 200 OK"
2026-09-25 22:36:26,695 INFO    HTTP Request: GET http://localhost:9000/wp-json/wc/store/v1/products/1001 "HTTP/1.1 200 OK"
2026-09-25 22:36:26,748 INFO    HTTP Request: GET http://localhost:9000/wp-json/wc/store/v1/products/1001 "HTTP/1.1 200 OK"
2026-09-25 22:36:26,751 INFO    HTTP Request: GET http://localhost:9000/wp-json/wc/store/v1/products/1001 "HTTP/1.1 200 OK"
2026-09-25 22:36:26,808 INFO    HTTP Request: GET http://localhost:9000/wp-json/wc/store/v1/products/1001 "HTTP/1.1 200 OK"
2026-09-25 22:36:26,811 INFO    HTTP Request: GET http://localhost:9000/wp-json/wc/store/v1/products/1001 "HTTP/1.1 200 OK"
2026-09-25 22:36:26,864 INFO    HTTP Request: GET http://localhost:9000/wp-json/wc/store/v1/products/1001 "HTTP/1.1 200 OK"
2026-09-25 22:36:26,867 INFO    HTTP Request: GET http://localhost:9000/wp-json/wc/store/v1/products/1001 "HTTP/1.1 200 OK"
2026-09-25 22:36:26,924 INFO    HTTP Request: GET http://localhost:9000/wp-json/wc/store/v1/products/1001 "HTTP/1.1 200 OK"
2026-09-25 22:36:26,927 INFO    HTTP Request: GET http://localhost:9000/wp-json/wc/store/v1/products/1001 "HTTP/1.1 200 OK"
2026-09-25 22:36:26,981 INFO    HTTP Request: GET http://localhost:9000/wp-json/wc/store/v1/products/1001 "HTTP/1.1 200 OK"
2026-09-25 22:36:26,984 INFO    HTTP Request: GET http://localhost:9000/wp-json/wc/store/v1/products/1001 "HTTP/1.1 200 OK"
2026-09-25 22:36:27,039 INFO    HTTP Request: GET http://localhost:9000/wp-json/wc/store/v1/products/1001 "HTTP/1.1 200 OK"
2026-09-25 22:36:27,042 INFO    HTTP Request: GET http://localhost:9000/wp-json/wc/store/v1/products/1001 "HTTP/1.1 200 OK"
2026-09-25 22:36:27,095 INFO    HTTP Request: GET http://localhost:9000/wp-json/wc/store/v1/products/1001 "HTTP/1.1 200 OK"
2026-09-25 22:36:27,098 INFO    HTTP Request: GET http://localhost:9000/wp-json/wc/store/v1/products/1001 "HTTP/1.1 200 OK"
2026-09-25 22:36:27,152 INFO    HTTP Request: GET http://localhost:9000/wp-json/wc/store/v1/products/1001 "HTTP/1.1 200 OK"
2026-09-25 22:36:27,157 INFO    HTTP Request: GET http://localhost:9000/wp-json/wc/store/v1/products/1001 "HTTP/1.1 200 OK"
2026-09-25 22:36:27,210 INFO    HTTP Request: GET http://localhost:9000/wp-json/wc/store/v1/products/1001 "HTTP/1.1 200 OK"
2026-09-25 22:36:27,213 INFO    HTTP Request: GET http://localhost:9000/wp-json/wc/store/v1/products/1001 "HTTP/1.1 200 OK"
2026-09-25 22:36:27,266 INFO    HTTP Request: GET http://localhost:9000/wp-json/wc/store/v1/products/1001 "HTTP/1.1 200 OK"
2026-09-25 22:36:27,272 INFO    HTTP Request: GET http://localhost:9000/wp-json/wc/store/v1/products/1001 "HTTP/1.1 200 OK"
2026-09-25 22:36:27,273 INFO    [1001] summary: mode=contest tail=300ms rem=69.7s reads=50 p50=3ms p95=13ms writes=7 p50=6ms p95=9ms prop=7 p50=50ms p95=51ms bids=7 last=1,415,000 current=1,415,000
2026-09-25 22:36:27,325 INFO    HTTP Request: GET http://localhost:9000/wp-json/wc/store/v1/products/1001 "HTTP/1.1 200 OK"
2026-09-25 22:36:27,328 INFO    HTTP Request: GET http://localhost:9000/wp-json/wc/store/v1/products/1001 "HTTP/1.1 200 OK"
2026-09-25 22:36:27,381 INFO    HTTP Request: GET http://localhost:9000/wp-json/wc/store/v1/products/1001 "HTTP/1.1 200 OK"
2026-09-25 22:36:27,384 INFO    HTTP Request: GET http://localhost:9000/wp-json/wc/store/v1/products/1001 "HTTP/1.1 200 OK"
2026-09-25 22:36:27,441 INFO    HTTP Request: GET http://localhost:9000/wp-json/wc/store/v1/products/1001 "HTTP/1.1 200 OK"
2026-09-25 22:36:27,444 INFO    HTTP Request: GET http://localhost:9000/wp-json/wc/store/v1/products/1001 "HTTP/1.1 200 OK"
2026-09-25 22:36:27,497 INFO    HTTP Request: GET http://localhost:9000/wp-json/wc/store/v1/products/1001 "HTTP/1.1 200 OK"
2026-09-25 22:36:27,501 INFO    HTTP Request: GET http://localhost:9000/wp-json/wc/store/v1/products/1001 "HTTP/1.1 200 OK"
2026-09-25 22:36:27,558 INFO    HTTP Request: GET http://localhost:9000/wp-json/wc/store/v1/products/1001 "HTTP/1.1 200 OK"
2026-09-25 22:36:27,560 INFO    HTTP Request: GET http://localhost:9000/wp-json/wc/store/v1/products/1001 "HTTP/1.1 200 OK"
2026-09-25 22:36:27,614 INFO    HTTP Request: GET http://localhost:9000/wp-json/wc/store/v1/products/1001 "HTTP/1.1 200 OK"
2026-09-25 22:36:27,617 INFO    HTTP Request: GET http://localhost:9000/wp-json/wc/store/v1/products/1001 "HTTP/1.1 200 OK"
2026-09-25 22:36:27,672 INFO    HTTP Request: GET http://localhost:9000/wp-json/wc/store/v1/products/1001 "HTTP/1.1 200 OK"
2026-09-25 22:36:27,676 INFO    HTTP Request: GET http://localhost:9000/wp-json/wc/store/v1/products/1001 "HTTP/1.1 200 OK"
2026-09-25 22:36:27,729 INFO    HTTP Request: GET http://localhost:9000/wp-json/wc/store/v1/products/1001 "HTTP/1.1 200 OK"
2026-09-25 22:36:27,733 INFO    HTTP Request: GET http://localhost:9000/wp-json/wc/store/v1/products/1001 "HTTP/1.1 200 OK"
2026-09-25 22:36:27,790 INFO    HTTP Request: GET http://localhost:9000/wp-json/wc/store/v1/products/1001 "HTTP/1.1 200 OK"
2026-09-25 22:36:27,794 INFO    HTTP Request: GET http://localhost:9000/wp-json/wc/store/v1/products/1001 "HTTP/1.1 200 OK"
2026-09-25 22:36:27,847 INFO    HTTP Request: GET http://localhost:9000/wp-json/wc/store/v1/products/1001 "HTTP/1.1 200 OK"
2026-09-25 22:36:27,849 INFO    HTTP Request: GET http://localhost:9000/wp-json/wc/store/v1/products/1001 "HTTP/1.1 200 OK"
2026-09-25 22:36:27,901 INFO    HTTP Request: GET http://localhost:9000/wp-json/wc/store/v1/products/1001 "HTTP/1.1 200 OK"
2026-09-25 22:36:27,907 INFO    HTTP Request: GET http://localhost:9000/wp-json/wc/store/v1/products/1001 "HTTP/1.1 200 OK"
2026-09-25 22:36:27,963 INFO    HTTP Request: GET http://localhost:9000/wp-json/wc/store/v1/products/1001 "HTTP/1.1 200 OK"
2026-09-25 22:36:27,970 INFO    HTTP Request: GET http://localhost:9000/wp-json/wc/store/v1/products/1001 "HTTP/1.1 200 OK"
2026-09-25 22:36:28,029 INFO    HTTP Request: GET http://localhost:9000/wp-json/wc/store/v1/products/1001 "HTTP/1.1 200 OK"
2026-09-25 22:36:28,037 INFO    HTTP Request: GET http://localhost:9000/wp-json/wc/store/v1/products/1001 "HTTP/1.1 200 OK"
2026-09-25 22:36:28,095 INFO    HTTP Request: GET http://localhost:9000/wp-json/wc/store/v1/products/1001 "HTTP/1.1 200 OK"
2026-09-25 22:36:28,098 INFO    HTTP Request: GET http://localhost:9000/wp-json/wc/store/v1/products/1001 "HTTP/1.1 200 OK"
2026-09-25 22:36:28,152 INFO    HTTP Request: GET http://localhost:9000/wp-json/wc/store/v1/products/1001 "HTTP/1.1 200 OK"
2026-09-25 22:36:28,160 INFO    HTTP Request: GET http://localhost:9000/wp-json/wc/store/v1/products/1001 "HTTP/1.1 200 OK"
2026-09-25 22:36:28,214 INFO    HTTP Request: GET http://localhost:9000/wp-json/wc/store/v1/products/1001 "HTTP/1.1 200 OK"
2026-09-25 22:36:28,217 INFO    HTTP Request: GET http://localhost:9000/wp-json/wc/store/v1/products/1001 "HTTP/1.1 200 OK"
2026-09-25 22:36:28,276 INFO    HTTP Request: GET http://localhost:9000/wp-json/wc/store/v1/products/1001 "HTTP/1.1 200 OK"
2026-09-25 22:36:28,283 INFO    HTTP Request: GET http://localhost:9000/wp-json/wc/store/v1/products/1001 "HTTP/1.1 200 OK"
2026-09-25 22:36:28,343 INFO    HTTP Request: GET http://localhost:9000/wp-json/wc/store/v1/products/1001 "HTTP/1.1 200 OK"
2026-09-25 22:36:28,354 INFO    HTTP Request: GET http://localhost:9000/wp-json/wc/store/v1/products/1001 "HTTP/1.1 200 OK"
2026-09-25 22:36:28,415 INFO    HTTP Request: GET http://localhost:9000/wp-json/wc/store/v1/products/1001 "HTTP/1.1 200 OK"
2026-09-25 22:36:28,427 INFO    HTTP Request: GET http://localhost:9000/wp-json/wc/store/v1/products/1001 "HTTP/1.1 200 OK"
2026-09-25 22:36:28,481 INFO    HTTP Request: GET http://localhost:9000/wp-json/wc/store/v1/products/1001 "HTTP/1.1 200 OK"
2026-09-25 22:36:28,483 INFO    HTTP Request: GET http://localhost:9000/wp-json/wc/store/v1/products/1001 "HTTP/1.1 200 OK"
2026-09-25 22:36:28,537 INFO    HTTP Request: GET http://localhost:9000/wp-json/wc/store/v1/products/1001 "HTTP/1.1 200 OK"
2026-09-25 22:36:28,542 INFO    HTTP Request: GET http://localhost:9000/wp-json/wc/store/v1/products/1001 "HTTP/1.1 200 OK"
2026-09-25 22:36:28,594 INFO    HTTP Request: GET http://localhost:9000/wp-json/wc/store/v1/products/1001 "HTTP/1.1 200 OK"
2026-09-25 22:36:28,597 INFO    HTTP Request: GET http://localhost:9000/wp-json/wc/store/v1/products/1001 "HTTP/1.1 200 OK"
2026-09-25 22:36:28,650 INFO    HTTP Request: GET http://localhost:9000/wp-json/wc/store/v1/products/1001 "HTTP/1.1 200 OK"
2026-09-25 22:36:28,652 INFO    HTTP Request: GET http://localhost:9000/wp-json/wc/store/v1/products/1001 "HTTP/1.1 200 OK"
2026-09-25 22:36:28,711 INFO    HTTP Request: GET http://localhost:9000/wp-json/wc/store/v1/products/1001 "HTTP/1.1 200 OK"
2026-09-25 22:36:28,717 INFO    HTTP Request: GET http://localhost:9000/wp-json/wc/store/v1/products/1001 "HTTP/1.1 200 OK"
2026-09-25 22:36:28,780 INFO    HTTP Request: GET http://localhost:9000/wp-json/wc/store/v1/products/1001 "HTTP/1.1 200 OK"
2026-09-25 22:36:28,792 INFO    HTTP Request: GET http://localhost:9000/wp-json/wc/store/v1/products/1001 "HTTP/1.1 200 OK"
2026-09-25 22:36:28,848 INFO    HTTP Request: GET http://localhost:9000/wp-json/wc/store/v1/products/1001 "HTTP/1.1 200 OK"
2026-09-25 22:36:28,850 INFO    HTTP Request: GET http://localhost:9000/wp-json/wc/store/v1/products/1001 "HTTP/1.1 200 OK"
2026-09-25 22:36:28,903 INFO    HTTP Request: GET http://localhost:9000/wp-json/wc/store/v1/products/1001 "HTTP/1.1 200 OK"
2026-09-25 22:36:28,906 INFO    HTTP Request: GET http://localhost:9000/wp-json/wc/store/v1/products/1001 "HTTP/1.1 200 OK"
2026-09-25 22:36:28,958 INFO    HTTP Request: GET http://localhost:9000/wp-json/wc/store/v1/products/1001 "HTTP/1.1 200 OK"
2026-09-25 22:36:28,960 INFO    HTTP Request: GET http://localhost:9000/wp-json/wc/store/v1/products/1001 "HTTP/1.1 200 OK"
2026-09-25 22:36:29,013 INFO    HTTP Request: GET http://localhost:9000/wp-json/wc/store/v1/products/1001 "HTTP/1.1 200 OK"
2026-09-25 22:36:29,015 INFO    HTTP Request: GET http://localhost:9000/wp-json/wc/store/v1/products/1001 "HTTP/1.1 200 OK"
2026-09-25 22:36:29,068 INFO    HTTP Request: GET http://localhost:9000/wp-json/wc/store/v1/products/1001 "HTTP/1.1 200 OK"
2026-09-25 22:36:29,073 INFO    HTTP Request: GET http://localhost:9000/wp-json/wc/store/v1/products/1001 "HTTP/1.1 200 OK"
2026-09-25 22:36:29,125 INFO    HTTP Request: GET http://localhost:9000/wp-json/wc/store/v1/products/1001 "HTTP/1.1 200 OK"
2026-09-25 22:36:29,128 INFO    HTTP Request: GET http://localhost:9000/wp-json/wc/store/v1/products/1001 "HTTP/1.1 200 OK"
2026-09-25 22:36:29,181 INFO    HTTP Request: GET http://localhost:9000/wp-json/wc/store/v1/products/1001 "HTTP/1.1 200 OK"
2026-09-25 22:36:29,184 INFO    HTTP Request: GET http://localhost:9000/wp-json/wc/store/v1/products/1001 "HTTP/1.1 200 OK"
2026-09-25 22:36:29,240 INFO    HTTP Request: GET http://localhost:9000/wp-json/wc/store/v1/products/1001 "HTTP/1.1 200 OK"
2026-09-25 22:36:29,243 INFO    HTTP Request: GET http://localhost:9000/wp-json/wc/store/v1/products/1001 "HTTP/1.1 200 OK"
2026-09-25 22:36:29,296 INFO    HTTP Request: GET http://localhost:9000/wp-json/wc/store/v1/products/1001 "HTTP/1.1 200 OK"
2026-09-25 22:36:29,298 INFO    HTTP Request: GET http://localhost:9000/wp-json/wc/store/v1/products/1001 "HTTP/1.1 200 OK"
2026-09-25 22:36:29,351 INFO    HTTP Request: GET http://localhost:9000/wp-json/wc/store/v1/products/1001 "HTTP/1.1 200 OK"
2026-09-25 22:36:29,356 INFO    HTTP Request: GET http://localhost:9000/wp-json/wc/store/v1/products/1001 "HTTP/1.1 200 OK"
2026-09-25 22:36:29,409 INFO    HTTP Request: GET http://localhost:9000/wp-json/wc/store/v1/products/1001 "HTTP/1.1 200 OK"
2026-09-25 22:36:29,412 INFO    HTTP Request: GET http://localhost:9000/wp-json/wc/store/v1/products/1001 "HTTP/1.1 200 OK"
2026-09-25 22:36:29,465 INFO    HTTP Request: GET http://localhost:9000/wp-json/wc/store/v1/products/1001 "HTTP/1.1 200 OK"
2026-09-25 22:36:29,468 INFO    HTTP Request: GET http://localhost:9000/wp-json/wc/store/v1/products/1001 "HTTP/1.1 200 OK"
2026-09-25 22:36:29,524 INFO    HTTP Request: GET http://localhost:9000/wp-json/wc/store/v1/products/1001 "HTTP/1.1 200 OK"
2026-09-25 22:36:29,527 INFO    HTTP Request: GET http://localhost:9000/wp-json/wc/store/v1/products/1001 "HTTP/1.1 200 OK"
2026-09-25 22:36:29,580 INFO    HTTP Request: GET http://localhost:9000/wp-json/wc/store/v1/products/1001 "HTTP/1.1 200 OK"
2026-09-25 22:36:29,583 INFO    HTTP Request: GET http://localhost:9000/wp-json/wc/store/v1/products/1001 "HTTP/1.1 200 OK"
2026-09-25 22:36:29,640 INFO    HTTP Request: GET http://localhost:9000/wp-json/wc/store/v1/products/1001 "HTTP/1.1 200 OK"
2026-09-25 22:36:29,643 INFO    HTTP Request: GET http://localhost:9000/wp-json/wc/store/v1/products/1001 "HTTP/1.1 200 OK"
2026-09-25 22:36:29,695 INFO    HTTP Request: GET http://localhost:9000/wp-json/wc/store/v1/products/1001 "HTTP/1.1 200 OK"
2026-09-25 22:36:29,698 INFO    HTTP Request: GET http://localhost:9000/wp-json/wc/store/v1/products/1001 "HTTP/1.1 200 OK"
2026-09-25 22:36:29,751 INFO    HTTP Request: GET http://localhost:9000/wp-json/wc/store/v1/products/1001 "HTTP/1.1 200 OK"
2026-09-25 22:36:29,756 INFO    HTTP Request: GET http://localhost:9000/wp-json/wc/store/v1/products/1001 "HTTP/1.1 200 OK"
2026-09-25 22:36:29,812 INFO    HTTP Request: GET http://localhost:9000/wp-json/wc/store/v1/products/1001 "HTTP/1.1 200 OK"
2026-09-25 22:36:29,815 INFO    HTTP Request: GET http://localhost:9000/wp-json/wc/store/v1/products/1001 "HTTP/1.1 200 OK"
2026-09-25 22:36:29,870 INFO    HTTP Request: GET http://localhost:9000/wp-json/wc/store/v1/products/1001 "HTTP/1.1 200 OK"
2026-09-25 22:36:29,879 INFO    HTTP Request: GET http://localhost:9000/wp-json/wc/store/v1/products/1001 "HTTP/1.1 200 OK"
2026-09-25 22:36:29,933 INFO    HTTP Request: GET http://localhost:9000/wp-json/wc/store/v1/products/1001 "HTTP/1.1 200 OK"
2026-09-25 22:36:29,940 INFO    HTTP Request: GET http://localhost:9000/wp-json/wc/store/v1/products/1001 "HTTP/1.1 200 OK"
2026-09-25 22:36:29,995 INFO    HTTP Request: GET http://localhost:9000/wp-json/wc/store/v1/products/1001 "HTTP/1.1 200 OK"
2026-09-25 22:36:29,998 INFO    HTTP Request: GET http://localhost:9000/wp-json/wc/store/v1/products/1001 "HTTP/1.1 200 OK"
2026-09-25 22:36:30,050 INFO    HTTP Request: GET http://localhost:9000/wp-json/wc/store/v1/products/1001 "HTTP/1.1 200 OK"
2026-09-25 22:36:30,053 INFO    HTTP Request: GET http://localhost:9000/wp-json/wc/store/v1/products/1001 "HTTP/1.1 200 OK"
2026-09-25 22:36:30,111 INFO    HTTP Request: GET http://localhost:9000/wp-json/wc/store/v1/products/1001 "HTTP/1.1 200 OK"
2026-09-25 22:36:30,114 INFO    HTTP Request: GET http://localhost:9000/wp-json/wc/store/v1/products/1001 "HTTP/1.1 200 OK"
2026-09-25 22:36:30,166 INFO    HTTP Request: GET http://localhost:9000/wp-json/wc/store/v1/products/1001 "HTTP/1.1 200 OK"
2026-09-25 22:36:30,168 INFO    HTTP Request: GET http://localhost:9000/wp-json/wc/store/v1/products/1001 "HTTP/1.1 200 OK"
2026-09-25 22:36:30,223 INFO    HTTP Request: GET http://localhost:9000/wp-json/wc/store/v1/products/1001 "HTTP/1.1 200 OK"
2026-09-25 22:36:30,225 INFO    HTTP Request: GET http://localhost:9000/wp-json/wc/store/v1/products/1001 "HTTP/1.1 200 OK"
2026-09-25 22:36:30,279 INFO    HTTP Request: GET http://localhost:9000/wp-json/wc/store/v1/products/1001 "HTTP/1.1 200 OK"
2026-09-25 22:36:30,282 INFO    HTTP Request: GET http://localhost:9000/wp-json/wc/store/v1/products/1001 "HTTP/1.1 200 OK"
2026-09-25 22:36:30,334 INFO    HTTP Request: GET http://localhost:9000/wp-json/wc/store/v1/products/1001 "HTTP/1.1 200 OK"
2026-09-25 22:36:30,342 INFO    HTTP Request: GET http://localhost:9000/wp-json/wc/store/v1/products/1001 "HTTP/1.1 200 OK"
2026-09-25 22:36:30,396 INFO    HTTP Request: GET http://localhost:9000/wp-json/wc/store/v1/products/1001 "HTTP/1.1 200 OK"
2026-09-25 22:36:30,400 INFO    HTTP Request: GET http://localhost:9000/wp-json/wc/store/v1/products/1001 "HTTP/1.1 200 OK"
2026-09-25 22:36:30,461 INFO    HTTP Request: GET http://localhost:9000/wp-json/wc/store/v1/products/1001 "HTTP/1.1 200 OK"
2026-09-25 22:36:30,463 INFO    HTTP Request: GET http://localhost:9000/wp-json/wc/store/v1/products/1001 "HTTP/1.1 200 OK"
2026-09-25 22:36:30,516 INFO    HTTP Request: GET http://localhost:9000/wp-json/wc/store/v1/products/1001 "HTTP/1.1 200 OK"
2026-09-25 22:36:30,518 INFO    HTTP Request: GET http://localhost:9000/wp-json/wc/store/v1/products/1001 "HTTP/1.1 200 OK"
2026-09-25 22:36:30,576 INFO    HTTP Request: GET http://localhost:9000/wp-json/wc/store/v1/products/1001 "HTTP/1.1 200 OK"
2026-09-25 22:36:30,579 INFO    HTTP Request: GET http://localhost:9000/wp-json/wc/store/v1/products/1001 "HTTP/1.1 200 OK"
2026-09-25 22:36:30,632 INFO    HTTP Request: GET http://localhost:9000/wp-json/wc/store/v1/products/1001 "HTTP/1.1 200 OK"
2026-09-25 22:36:30,633 INFO    HTTP Request: GET http://localhost:9000/wp-json/wc/store/v1/products/1001 "HTTP/1.1 200 OK"
2026-09-25 22:36:30,690 INFO    HTTP Request: GET http://localhost:9000/wp-json/wc/store/v1/products/1001 "HTTP/1.1 200 OK"
2026-09-25 22:36:30,696 INFO    HTTP Request: GET http://localhost:9000/wp-json/wc/store/v1/products/1001 "HTTP/1.1 200 OK"
2026-09-25 22:36:30,749 INFO    HTTP Request: GET http://localhost:9000/wp-json/wc/store/v1/products/1001 "HTTP/1.1 200 OK"
2026-09-25 22:36:30,751 INFO    HTTP Request: GET http://localhost:9000/wp-json/wc/store/v1/products/1001 "HTTP/1.1 200 OK"
2026-09-25 22:36:30,808 INFO    HTTP Request: GET http://localhost:9000/wp-json/wc/store/v1/products/1001 "HTTP/1.1 200 OK"
2026-09-25 22:36:30,815 INFO    HTTP Request: GET http://localhost:9000/wp-json/wc/store/v1/products/1001 "HTTP/1.1 200 OK"
2026-09-25 22:36:30,875 INFO    HTTP Request: GET http://localhost:9000/wp-json/wc/store/v1/products/1001 "HTTP/1.1 200 OK"
2026-09-25 22:36:30,878 INFO    HTTP Request: GET http://localhost:9000/wp-json/wc/store/v1/products/1001 "HTTP/1.1 200 OK"
2026-09-25 22:36:30,934 INFO    HTTP Request: GET http://localhost:9000/wp-json/wc/store/v1/products/1001 "HTTP/1.1 200 OK"
2026-09-25 22:36:30,941 INFO    HTTP Request: GET http://localhost:9000/wp-json/wc/store/v1/products/1001 "HTTP/1.1 200 OK"
2026-09-25 22:36:30,999 INFO    HTTP Request: GET http://localhost:9000/wp-json/wc/store/v1/products/1001 "HTTP/1.1 200 OK"
2026-09-25 22:36:31,009 INFO    HTTP Request: GET http://localhost:9000/wp-json/wc/store/v1/products/1001 "HTTP/1.1 200 OK"
2026-09-25 22:36:31,066 INFO    HTTP Request: GET http://localhost:9000/wp-json/wc/store/v1/products/1001 "HTTP/1.1 200 OK"
2026-09-25 22:36:31,075 INFO    HTTP Request: GET http://localhost:9000/wp-json/wc/store/v1/products/1001 "HTTP/1.1 200 OK"
2026-09-25 22:36:31,076 INFO    [1001] price 1,440,000 (my_last=1,415,000, bids=7, rem=65.9s)
2026-09-25 22:36:31,079 INFO    HTTP Request: POST http://localhost:9000/wp-admin/admin-ajax "HTTP/1.1 200 OK"
2026-09-25 22:36:31,091 INFO    [1001] fire 1,445,000 (contest) → success=True (0.005s)
2026-09-25 22:36:31,146 INFO    HTTP Request: GET http://localhost:9000/wp-json/wc/store/v1/products/1001 "HTTP/1.1 200 OK"
2026-09-25 22:36:31,150 INFO    HTTP Request: GET http://localhost:9000/wp-json/wc/store/v1/products/1001 "HTTP/1.1 200 OK"
2026-09-25 22:36:31,151 INFO    [1001] propagation 0.050s (bid=1,445,000 now_visible)
2026-09-25 22:36:31,151 INFO    [1001] price 1,445,000 (my_last=1,445,000, bids=8, rem=65.8s)
2026-09-25 22:36:31,211 INFO    HTTP Request: GET http://localhost:9000/wp-json/wc/store/v1/products/1001 "HTTP/1.1 200 OK"
2026-09-25 22:36:31,224 INFO    HTTP Request: GET http://localhost:9000/wp-json/wc/store/v1/products/1001 "HTTP/1.1 200 OK"
2026-09-25 22:36:31,290 INFO    HTTP Request: GET http://localhost:9000/wp-json/wc/store/v1/products/1001 "HTTP/1.1 200 OK"
2026-09-25 22:36:31,298 INFO    HTTP Request: GET http://localhost:9000/wp-json/wc/store/v1/products/1001 "HTTP/1.1 200 OK"
2026-09-25 22:36:31,351 INFO    HTTP Request: GET http://localhost:9000/wp-json/wc/store/v1/products/1001 "HTTP/1.1 200 OK"
2026-09-25 22:36:31,360 INFO    HTTP Request: GET http://localhost:9000/wp-json/wc/store/v1/products/1001 "HTTP/1.1 200 OK"
2026-09-25 22:36:31,415 INFO    HTTP Request: GET http://localhost:9000/wp-json/wc/store/v1/products/1001 "HTTP/1.1 200 OK"
2026-09-25 22:36:31,418 INFO    HTTP Request: GET http://localhost:9000/wp-json/wc/store/v1/products/1001 "HTTP/1.1 200 OK"
2026-09-25 22:36:31,472 INFO    HTTP Request: GET http://localhost:9000/wp-json/wc/store/v1/products/1001 "HTTP/1.1 200 OK"
2026-09-25 22:36:31,474 INFO    HTTP Request: GET http://localhost:9000/wp-json/wc/store/v1/products/1001 "HTTP/1.1 200 OK"
2026-09-25 22:36:31,526 INFO    HTTP Request: GET http://localhost:9000/wp-json/wc/store/v1/products/1001 "HTTP/1.1 200 OK"
2026-09-25 22:36:31,528 INFO    HTTP Request: GET http://localhost:9000/wp-json/wc/store/v1/products/1001 "HTTP/1.1 200 OK"
2026-09-25 22:36:31,580 INFO    HTTP Request: GET http://localhost:9000/wp-json/wc/store/v1/products/1001 "HTTP/1.1 200 OK"
2026-09-25 22:36:31,582 INFO    HTTP Request: GET http://localhost:9000/wp-json/wc/store/v1/products/1001 "HTTP/1.1 200 OK"
2026-09-25 22:36:31,634 INFO    HTTP Request: GET http://localhost:9000/wp-json/wc/store/v1/products/1001 "HTTP/1.1 200 OK"
2026-09-25 22:36:31,642 INFO    HTTP Request: GET http://localhost:9000/wp-json/wc/store/v1/products/1001 "HTTP/1.1 200 OK"
2026-09-25 22:36:31,696 INFO    HTTP Request: GET http://localhost:9000/wp-json/wc/store/v1/products/1001 "HTTP/1.1 200 OK"
2026-09-25 22:36:31,698 INFO    HTTP Request: GET http://localhost:9000/wp-json/wc/store/v1/products/1001 "HTTP/1.1 200 OK"
2026-09-25 22:36:31,751 INFO    HTTP Request: GET http://localhost:9000/wp-json/wc/store/v1/products/1001 "HTTP/1.1 200 OK"
2026-09-25 22:36:31,758 INFO    HTTP Request: GET http://localhost:9000/wp-json/wc/store/v1/products/1001 "HTTP/1.1 200 OK"
2026-09-25 22:36:31,811 INFO    HTTP Request: GET http://localhost:9000/wp-json/wc/store/v1/products/1001 "HTTP/1.1 200 OK"
2026-09-25 22:36:31,814 INFO    HTTP Request: GET http://localhost:9000/wp-json/wc/store/v1/products/1001 "HTTP/1.1 200 OK"
2026-09-25 22:36:31,867 INFO    HTTP Request: GET http://localhost:9000/wp-json/wc/store/v1/products/1001 "HTTP/1.1 200 OK"
2026-09-25 22:36:31,872 INFO    HTTP Request: GET http://localhost:9000/wp-json/wc/store/v1/products/1001 "HTTP/1.1 200 OK"
2026-09-25 22:36:31,926 INFO    HTTP Request: GET http://localhost:9000/wp-json/wc/store/v1/products/1001 "HTTP/1.1 200 OK"
2026-09-25 22:36:31,929 INFO    HTTP Request: GET http://localhost:9000/wp-json/wc/store/v1/products/1001 "HTTP/1.1 200 OK"
2026-09-25 22:36:31,981 INFO    HTTP Request: GET http://localhost:9000/wp-json/wc/store/v1/products/1001 "HTTP/1.1 200 OK"
2026-09-25 22:36:31,984 INFO    HTTP Request: GET http://localhost:9000/wp-json/wc/store/v1/products/1001 "HTTP/1.1 200 OK"
2026-09-25 22:36:32,040 INFO    HTTP Request: GET http://localhost:9000/wp-json/wc/store/v1/products/1001 "HTTP/1.1 200 OK"
2026-09-25 22:36:32,042 INFO    HTTP Request: GET http://localhost:9000/wp-json/wc/store/v1/products/1001 "HTTP/1.1 200 OK"
2026-09-25 22:36:32,095 INFO    HTTP Request: GET http://localhost:9000/wp-json/wc/store/v1/products/1001 "HTTP/1.1 200 OK"
2026-09-25 22:36:32,097 INFO    HTTP Request: GET http://localhost:9000/wp-json/wc/store/v1/products/1001 "HTTP/1.1 200 OK"
2026-09-25 22:36:32,150 INFO    HTTP Request: GET http://localhost:9000/wp-json/wc/store/v1/products/1001 "HTTP/1.1 200 OK"
2026-09-25 22:36:32,156 INFO    HTTP Request: GET http://localhost:9000/wp-json/wc/store/v1/products/1001 "HTTP/1.1 200 OK"
2026-09-25 22:36:32,213 INFO    HTTP Request: GET http://localhost:9000/wp-json/wc/store/v1/products/1001 "HTTP/1.1 200 OK"
2026-09-25 22:36:32,222 INFO    HTTP Request: GET http://localhost:9000/wp-json/wc/store/v1/products/1001 "HTTP/1.1 200 OK"
2026-09-25 22:36:32,280 INFO    HTTP Request: GET http://localhost:9000/wp-json/wc/store/v1/products/1001 "HTTP/1.1 200 OK"
2026-09-25 22:36:32,290 INFO    HTTP Request: GET http://localhost:9000/wp-json/wc/store/v1/products/1001 "HTTP/1.1 200 OK"
2026-09-25 22:36:32,293 INFO    [1001] summary: mode=contest tail=300ms rem=64.7s reads=50 p50=4ms p95=11ms writes=8 p50=6ms p95=9ms prop=8 p50=50ms p95=51ms bids=8 last=1,445,000 current=1,445,000
2026-09-25 22:36:32,348 INFO    HTTP Request: GET http://localhost:9000/wp-json/wc/store/v1/products/1001 "HTTP/1.1 200 OK"
2026-09-25 22:36:32,358 INFO    HTTP Request: GET http://localhost:9000/wp-json/wc/store/v1/products/1001 "HTTP/1.1 200 OK"
2026-09-25 22:36:32,415 INFO    HTTP Request: GET http://localhost:9000/wp-json/wc/store/v1/products/1001 "HTTP/1.1 200 OK"
2026-09-25 22:36:32,418 INFO    HTTP Request: GET http://localhost:9000/wp-json/wc/store/v1/products/1001 "HTTP/1.1 200 OK"
2026-09-25 22:36:32,474 INFO    HTTP Request: GET http://localhost:9000/wp-json/wc/store/v1/products/1001 "HTTP/1.1 200 OK"
2026-09-25 22:36:32,478 INFO    HTTP Request: GET http://localhost:9000/wp-json/wc/store/v1/products/1001 "HTTP/1.1 200 OK"
2026-09-25 22:36:32,531 INFO    HTTP Request: GET http://localhost:9000/wp-json/wc/store/v1/products/1001 "HTTP/1.1 200 OK"
2026-09-25 22:36:32,535 INFO    HTTP Request: GET http://localhost:9000/wp-json/wc/store/v1/products/1001 "HTTP/1.1 200 OK"
2026-09-25 22:36:32,591 INFO    HTTP Request: GET http://localhost:9000/wp-json/wc/store/v1/products/1001 "HTTP/1.1 200 OK"
2026-09-25 22:36:32,594 INFO    HTTP Request: GET http://localhost:9000/wp-json/wc/store/v1/products/1001 "HTTP/1.1 200 OK"
2026-09-25 22:36:32,657 INFO    HTTP Request: GET http://localhost:9000/wp-json/wc/store/v1/products/1001 "HTTP/1.1 200 OK"
2026-09-25 22:36:32,664 INFO    HTTP Request: GET http://localhost:9000/wp-json/wc/store/v1/products/1001 "HTTP/1.1 200 OK"
2026-09-25 22:36:32,730 INFO    HTTP Request: GET http://localhost:9000/wp-json/wc/store/v1/products/1001 "HTTP/1.1 200 OK"
2026-09-25 22:36:32,736 INFO    HTTP Request: GET http://localhost:9000/wp-json/wc/store/v1/products/1001 "HTTP/1.1 200 OK"
2026-09-25 22:36:32,800 INFO    HTTP Request: GET http://localhost:9000/wp-json/wc/store/v1/products/1001 "HTTP/1.1 200 OK"
2026-09-25 22:36:32,808 INFO    HTTP Request: GET http://localhost:9000/wp-json/wc/store/v1/products/1001 "HTTP/1.1 200 OK"
2026-09-25 22:36:32,861 INFO    HTTP Request: GET http://localhost:9000/wp-json/wc/store/v1/products/1001 "HTTP/1.1 200 OK"
2026-09-25 22:36:32,863 INFO    HTTP Request: GET http://localhost:9000/wp-json/wc/store/v1/products/1001 "HTTP/1.1 200 OK"
2026-09-25 22:36:32,924 INFO    HTTP Request: GET http://localhost:9000/wp-json/wc/store/v1/products/1001 "HTTP/1.1 200 OK"
2026-09-25 22:36:32,931 INFO    HTTP Request: GET http://localhost:9000/wp-json/wc/store/v1/products/1001 "HTTP/1.1 200 OK"
2026-09-25 22:36:32,993 INFO    HTTP Request: GET http://localhost:9000/wp-json/wc/store/v1/products/1001 "HTTP/1.1 200 OK"
2026-09-25 22:36:32,998 INFO    HTTP Request: GET http://localhost:9000/wp-json/wc/store/v1/products/1001 "HTTP/1.1 200 OK"
2026-09-25 22:36:33,058 INFO    HTTP Request: GET http://localhost:9000/wp-json/wc/store/v1/products/1001 "HTTP/1.1 200 OK"
2026-09-25 22:36:33,063 INFO    HTTP Request: GET http://localhost:9000/wp-json/wc/store/v1/products/1001 "HTTP/1.1 200 OK"
2026-09-25 22:36:33,115 INFO    HTTP Request: GET http://localhost:9000/wp-json/wc/store/v1/products/1001 "HTTP/1.1 200 OK"
2026-09-25 22:36:33,117 INFO    HTTP Request: GET http://localhost:9000/wp-json/wc/store/v1/products/1001 "HTTP/1.1 200 OK"
2026-09-25 22:36:33,176 INFO    HTTP Request: GET http://localhost:9000/wp-json/wc/store/v1/products/1001 "HTTP/1.1 200 OK"
2026-09-25 22:36:33,182 INFO    HTTP Request: GET http://localhost:9000/wp-json/wc/store/v1/products/1001 "HTTP/1.1 200 OK"
2026-09-25 22:36:33,242 INFO    HTTP Request: GET http://localhost:9000/wp-json/wc/store/v1/products/1001 "HTTP/1.1 200 OK"
2026-09-25 22:36:33,253 INFO    HTTP Request: GET http://localhost:9000/wp-json/wc/store/v1/products/1001 "HTTP/1.1 200 OK"
2026-09-25 22:36:33,310 INFO    HTTP Request: GET http://localhost:9000/wp-json/wc/store/v1/products/1001 "HTTP/1.1 200 OK"
2026-09-25 22:36:33,317 INFO    HTTP Request: GET http://localhost:9000/wp-json/wc/store/v1/products/1001 "HTTP/1.1 200 OK"
2026-09-25 22:36:33,373 INFO    HTTP Request: GET http://localhost:9000/wp-json/wc/store/v1/products/1001 "HTTP/1.1 200 OK"
2026-09-25 22:36:33,375 INFO    HTTP Request: GET http://localhost:9000/wp-json/wc/store/v1/products/1001 "HTTP/1.1 200 OK"
2026-09-25 22:36:33,427 INFO    HTTP Request: GET http://localhost:9000/wp-json/wc/store/v1/products/1001 "HTTP/1.1 200 OK"
2026-09-25 22:36:33,429 INFO    HTTP Request: GET http://localhost:9000/wp-json/wc/store/v1/products/1001 "HTTP/1.1 200 OK"
2026-09-25 22:36:33,481 INFO    HTTP Request: GET http://localhost:9000/wp-json/wc/store/v1/products/1001 "HTTP/1.1 200 OK"
2026-09-25 22:36:33,483 INFO    HTTP Request: GET http://localhost:9000/wp-json/wc/store/v1/products/1001 "HTTP/1.1 200 OK"
2026-09-25 22:36:33,539 INFO    HTTP Request: GET http://localhost:9000/wp-json/wc/store/v1/products/1001 "HTTP/1.1 200 OK"
2026-09-25 22:36:33,543 INFO    HTTP Request: GET http://localhost:9000/wp-json/wc/store/v1/products/1001 "HTTP/1.1 200 OK"
2026-09-25 22:36:33,595 INFO    HTTP Request: GET http://localhost:9000/wp-json/wc/store/v1/products/1001 "HTTP/1.1 200 OK"
2026-09-25 22:36:33,598 INFO    HTTP Request: GET http://localhost:9000/wp-json/wc/store/v1/products/1001 "HTTP/1.1 200 OK"
2026-09-25 22:36:33,651 INFO    HTTP Request: GET http://localhost:9000/wp-json/wc/store/v1/products/1001 "HTTP/1.1 200 OK"
2026-09-25 22:36:33,656 INFO    HTTP Request: GET http://localhost:9000/wp-json/wc/store/v1/products/1001 "HTTP/1.1 200 OK"
2026-09-25 22:36:33,711 INFO    HTTP Request: GET http://localhost:9000/wp-json/wc/store/v1/products/1001 "HTTP/1.1 200 OK"
2026-09-25 22:36:33,717 INFO    HTTP Request: GET http://localhost:9000/wp-json/wc/store/v1/products/1001 "HTTP/1.1 200 OK"
2026-09-25 22:36:33,777 INFO    HTTP Request: GET http://localhost:9000/wp-json/wc/store/v1/products/1001 "HTTP/1.1 200 OK"
2026-09-25 22:36:33,783 INFO    HTTP Request: GET http://localhost:9000/wp-json/wc/store/v1/products/1001 "HTTP/1.1 200 OK"
2026-09-25 22:36:33,842 INFO    HTTP Request: GET http://localhost:9000/wp-json/wc/store/v1/products/1001 "HTTP/1.1 200 OK"
2026-09-25 22:36:33,845 INFO    HTTP Request: GET http://localhost:9000/wp-json/wc/store/v1/products/1001 "HTTP/1.1 200 OK"
2026-09-25 22:36:33,897 INFO    HTTP Request: GET http://localhost:9000/wp-json/wc/store/v1/products/1001 "HTTP/1.1 200 OK"
2026-09-25 22:36:33,899 INFO    HTTP Request: GET http://localhost:9000/wp-json/wc/store/v1/products/1001 "HTTP/1.1 200 OK"
2026-09-25 22:36:33,955 INFO    HTTP Request: GET http://localhost:9000/wp-json/wc/store/v1/products/1001 "HTTP/1.1 200 OK"
2026-09-25 22:36:33,958 INFO    HTTP Request: GET http://localhost:9000/wp-json/wc/store/v1/products/1001 "HTTP/1.1 200 OK"
2026-09-25 22:36:34,010 INFO    HTTP Request: GET http://localhost:9000/wp-json/wc/store/v1/products/1001 "HTTP/1.1 200 OK"
2026-09-25 22:36:34,012 INFO    HTTP Request: GET http://localhost:9000/wp-json/wc/store/v1/products/1001 "HTTP/1.1 200 OK"
2026-09-25 22:36:34,068 INFO    HTTP Request: GET http://localhost:9000/wp-json/wc/store/v1/products/1001 "HTTP/1.1 200 OK"
2026-09-25 22:36:34,081 INFO    HTTP Request: GET http://localhost:9000/wp-json/wc/store/v1/products/1001 "HTTP/1.1 200 OK"
2026-09-25 22:36:34,145 INFO    HTTP Request: GET http://localhost:9000/wp-json/wc/store/v1/products/1001 "HTTP/1.1 200 OK"
2026-09-25 22:36:34,158 INFO    HTTP Request: GET http://localhost:9000/wp-json/wc/store/v1/products/1001 "HTTP/1.1 200 OK"
2026-09-25 22:36:34,212 INFO    HTTP Request: GET http://localhost:9000/wp-json/wc/store/v1/products/1001 "HTTP/1.1 200 OK"
2026-09-25 22:36:34,215 INFO    HTTP Request: GET http://localhost:9000/wp-json/wc/store/v1/products/1001 "HTTP/1.1 200 OK"
2026-09-25 22:36:34,268 INFO    HTTP Request: GET http://localhost:9000/wp-json/wc/store/v1/products/1001 "HTTP/1.1 200 OK"
2026-09-25 22:36:34,275 INFO    HTTP Request: GET http://localhost:9000/wp-json/wc/store/v1/products/1001 "HTTP/1.1 200 OK"
2026-09-25 22:36:34,328 INFO    HTTP Request: GET http://localhost:9000/wp-json/wc/store/v1/products/1001 "HTTP/1.1 200 OK"
2026-09-25 22:36:34,331 INFO    HTTP Request: GET http://localhost:9000/wp-json/wc/store/v1/products/1001 "HTTP/1.1 200 OK"
2026-09-25 22:36:34,388 INFO    HTTP Request: GET http://localhost:9000/wp-json/wc/store/v1/products/1001 "HTTP/1.1 200 OK"
2026-09-25 22:36:34,396 INFO    HTTP Request: GET http://localhost:9000/wp-json/wc/store/v1/products/1001 "HTTP/1.1 200 OK"
2026-09-25 22:36:34,456 INFO    HTTP Request: GET http://localhost:9000/wp-json/wc/store/v1/products/1001 "HTTP/1.1 200 OK"
2026-09-25 22:36:34,470 INFO    HTTP Request: GET http://localhost:9000/wp-json/wc/store/v1/products/1001 "HTTP/1.1 200 OK"
2026-09-25 22:36:34,530 INFO    HTTP Request: GET http://localhost:9000/wp-json/wc/store/v1/products/1001 "HTTP/1.1 200 OK"
2026-09-25 22:36:34,532 INFO    HTTP Request: GET http://localhost:9000/wp-json/wc/store/v1/products/1001 "HTTP/1.1 200 OK"
2026-09-25 22:36:34,585 INFO    HTTP Request: GET http://localhost:9000/wp-json/wc/store/v1/products/1001 "HTTP/1.1 200 OK"
2026-09-25 22:36:34,589 INFO    HTTP Request: GET http://localhost:9000/wp-json/wc/store/v1/products/1001 "HTTP/1.1 200 OK"
2026-09-25 22:36:34,645 INFO    HTTP Request: GET http://localhost:9000/wp-json/wc/store/v1/products/1001 "HTTP/1.1 200 OK"
2026-09-25 22:36:34,651 INFO    HTTP Request: GET http://localhost:9000/wp-json/wc/store/v1/products/1001 "HTTP/1.1 200 OK"
2026-09-25 22:36:34,712 INFO    HTTP Request: GET http://localhost:9000/wp-json/wc/store/v1/products/1001 "HTTP/1.1 200 OK"
2026-09-25 22:36:34,723 INFO    HTTP Request: GET http://localhost:9000/wp-json/wc/store/v1/products/1001 "HTTP/1.1 200 OK"
2026-09-25 22:36:34,779 INFO    HTTP Request: GET http://localhost:9000/wp-json/wc/store/v1/products/1001 "HTTP/1.1 200 OK"
2026-09-25 22:36:34,782 INFO    HTTP Request: GET http://localhost:9000/wp-json/wc/store/v1/products/1001 "HTTP/1.1 200 OK"
2026-09-25 22:36:34,835 INFO    HTTP Request: GET http://localhost:9000/wp-json/wc/store/v1/products/1001 "HTTP/1.1 200 OK"
2026-09-25 22:36:34,841 INFO    HTTP Request: GET http://localhost:9000/wp-json/wc/store/v1/products/1001 "HTTP/1.1 200 OK"
2026-09-25 22:36:34,894 INFO    HTTP Request: GET http://localhost:9000/wp-json/wc/store/v1/products/1001 "HTTP/1.1 200 OK"
2026-09-25 22:36:34,896 INFO    HTTP Request: GET http://localhost:9000/wp-json/wc/store/v1/products/1001 "HTTP/1.1 200 OK"
2026-09-25 22:36:34,948 INFO    HTTP Request: GET http://localhost:9000/wp-json/wc/store/v1/products/1001 "HTTP/1.1 200 OK"
2026-09-25 22:36:34,950 INFO    HTTP Request: GET http://localhost:9000/wp-json/wc/store/v1/products/1001 "HTTP/1.1 200 OK"
2026-09-25 22:36:35,006 INFO    HTTP Request: GET http://localhost:9000/wp-json/wc/store/v1/products/1001 "HTTP/1.1 200 OK"
2026-09-25 22:36:35,008 INFO    HTTP Request: GET http://localhost:9000/wp-json/wc/store/v1/products/1001 "HTTP/1.1 200 OK"
2026-09-25 22:36:35,061 INFO    HTTP Request: GET http://localhost:9000/wp-json/wc/store/v1/products/1001 "HTTP/1.1 200 OK"
2026-09-25 22:36:35,063 INFO    HTTP Request: GET http://localhost:9000/wp-json/wc/store/v1/products/1001 "HTTP/1.1 200 OK"
2026-09-25 22:36:35,116 INFO    HTTP Request: GET http://localhost:9000/wp-json/wc/store/v1/products/1001 "HTTP/1.1 200 OK"
2026-09-25 22:36:35,123 INFO    HTTP Request: GET http://localhost:9000/wp-json/wc/store/v1/products/1001 "HTTP/1.1 200 OK"
2026-09-25 22:36:35,176 INFO    HTTP Request: GET http://localhost:9000/wp-json/wc/store/v1/products/1001 "HTTP/1.1 200 OK"
2026-09-25 22:36:35,179 INFO    HTTP Request: GET http://localhost:9000/wp-json/wc/store/v1/products/1001 "HTTP/1.1 200 OK"
2026-09-25 22:36:35,232 INFO    HTTP Request: GET http://localhost:9000/wp-json/wc/store/v1/products/1001 "HTTP/1.1 200 OK"
2026-09-25 22:36:35,238 INFO    HTTP Request: GET http://localhost:9000/wp-json/wc/store/v1/products/1001 "HTTP/1.1 200 OK"
2026-09-25 22:36:35,293 INFO    HTTP Request: GET http://localhost:9000/wp-json/wc/store/v1/products/1001 "HTTP/1.1 200 OK"
2026-09-25 22:36:35,297 INFO    HTTP Request: GET http://localhost:9000/wp-json/wc/store/v1/products/1001 "HTTP/1.1 200 OK"
2026-09-25 22:36:35,350 INFO    HTTP Request: GET http://localhost:9000/wp-json/wc/store/v1/products/1001 "HTTP/1.1 200 OK"
2026-09-25 22:36:35,356 INFO    HTTP Request: GET http://localhost:9000/wp-json/wc/store/v1/products/1001 "HTTP/1.1 200 OK"
2026-09-25 22:36:35,411 INFO    HTTP Request: GET http://localhost:9000/wp-json/wc/store/v1/products/1001 "HTTP/1.1 200 OK"
2026-09-25 22:36:35,414 INFO    HTTP Request: GET http://localhost:9000/wp-json/wc/store/v1/products/1001 "HTTP/1.1 200 OK"
2026-09-25 22:36:35,466 INFO    HTTP Request: GET http://localhost:9000/wp-json/wc/store/v1/products/1001 "HTTP/1.1 200 OK"
2026-09-25 22:36:35,472 INFO    HTTP Request: GET http://localhost:9000/wp-json/wc/store/v1/products/1001 "HTTP/1.1 200 OK"
2026-09-25 22:36:35,528 INFO    HTTP Request: GET http://localhost:9000/wp-json/wc/store/v1/products/1001 "HTTP/1.1 200 OK"
2026-09-25 22:36:35,530 INFO    HTTP Request: GET http://localhost:9000/wp-json/wc/store/v1/products/1001 "HTTP/1.1 200 OK"
2026-09-25 22:36:35,582 INFO    HTTP Request: GET http://localhost:9000/wp-json/wc/store/v1/products/1001 "HTTP/1.1 200 OK"
2026-09-25 22:36:35,584 INFO    HTTP Request: GET http://localhost:9000/wp-json/wc/store/v1/products/1001 "HTTP/1.1 200 OK"
2026-09-25 22:36:35,643 INFO    HTTP Request: GET http://localhost:9000/wp-json/wc/store/v1/products/1001 "HTTP/1.1 200 OK"
2026-09-25 22:36:35,647 INFO    HTTP Request: GET http://localhost:9000/wp-json/wc/store/v1/products/1001 "HTTP/1.1 200 OK"
2026-09-25 22:36:35,699 INFO    HTTP Request: GET http://localhost:9000/wp-json/wc/store/v1/products/1001 "HTTP/1.1 200 OK"
2026-09-25 22:36:35,702 INFO    HTTP Request: GET http://localhost:9000/wp-json/wc/store/v1/products/1001 "HTTP/1.1 200 OK"
2026-09-25 22:36:35,760 INFO    HTTP Request: GET http://localhost:9000/wp-json/wc/store/v1/products/1001 "HTTP/1.1 200 OK"
2026-09-25 22:36:35,764 INFO    HTTP Request: GET http://localhost:9000/wp-json/wc/store/v1/products/1001 "HTTP/1.1 200 OK"
2026-09-25 22:36:35,825 INFO    HTTP Request: GET http://localhost:9000/wp-json/wc/store/v1/products/1001 "HTTP/1.1 200 OK"
2026-09-25 22:36:35,831 INFO    HTTP Request: GET http://localhost:9000/wp-json/wc/store/v1/products/1001 "HTTP/1.1 200 OK"
2026-09-25 22:36:35,895 INFO    HTTP Request: GET http://localhost:9000/wp-json/wc/store/v1/products/1001 "HTTP/1.1 200 OK"
2026-09-25 22:36:35,906 INFO    HTTP Request: GET http://localhost:9000/wp-json/wc/store/v1/products/1001 "HTTP/1.1 200 OK"
2026-09-25 22:36:35,960 INFO    HTTP Request: GET http://localhost:9000/wp-json/wc/store/v1/products/1001 "HTTP/1.1 200 OK"
2026-09-25 22:36:35,965 INFO    HTTP Request: GET http://localhost:9000/wp-json/wc/store/v1/products/1001 "HTTP/1.1 200 OK"
2026-09-25 22:36:36,017 INFO    HTTP Request: GET http://localhost:9000/wp-json/wc/store/v1/products/1001 "HTTP/1.1 200 OK"
2026-09-25 22:36:36,025 INFO    HTTP Request: GET http://localhost:9000/wp-json/wc/store/v1/products/1001 "HTTP/1.1 200 OK"
2026-09-25 22:36:36,079 INFO    HTTP Request: GET http://localhost:9000/wp-json/wc/store/v1/products/1001 "HTTP/1.1 200 OK"
2026-09-25 22:36:36,081 INFO    HTTP Request: GET http://localhost:9000/wp-json/wc/store/v1/products/1001 "HTTP/1.1 200 OK"
2026-09-25 22:36:36,133 INFO    HTTP Request: GET http://localhost:9000/wp-json/wc/store/v1/products/1001 "HTTP/1.1 200 OK"
2026-09-25 22:36:36,139 INFO    HTTP Request: GET http://localhost:9000/wp-json/wc/store/v1/products/1001 "HTTP/1.1 200 OK"
2026-09-25 22:36:36,195 INFO    HTTP Request: GET http://localhost:9000/wp-json/wc/store/v1/products/1001 "HTTP/1.1 200 OK"
2026-09-25 22:36:36,198 INFO    HTTP Request: GET http://localhost:9000/wp-json/wc/store/v1/products/1001 "HTTP/1.1 200 OK"
2026-09-25 22:36:36,251 INFO    HTTP Request: GET http://localhost:9000/wp-json/wc/store/v1/products/1001 "HTTP/1.1 200 OK"
2026-09-25 22:36:36,258 INFO    HTTP Request: GET http://localhost:9000/wp-json/wc/store/v1/products/1001 "HTTP/1.1 200 OK"
2026-09-25 22:36:36,313 INFO    HTTP Request: GET http://localhost:9000/wp-json/wc/store/v1/products/1001 "HTTP/1.1 200 OK"
2026-09-25 22:36:36,317 INFO    HTTP Request: GET http://localhost:9000/wp-json/wc/store/v1/products/1001 "HTTP/1.1 200 OK"
2026-09-25 22:36:36,377 INFO    HTTP Request: GET http://localhost:9000/wp-json/wc/store/v1/products/1001 "HTTP/1.1 200 OK"
2026-09-25 22:36:36,379 INFO    HTTP Request: GET http://localhost:9000/wp-json/wc/store/v1/products/1001 "HTTP/1.1 200 OK"
2026-09-25 22:36:36,431 INFO    HTTP Request: GET http://localhost:9000/wp-json/wc/store/v1/products/1001 "HTTP/1.1 200 OK"
2026-09-25 22:36:36,433 INFO    HTTP Request: GET http://localhost:9000/wp-json/wc/store/v1/products/1001 "HTTP/1.1 200 OK"
2026-09-25 22:36:36,488 INFO    HTTP Request: GET http://localhost:9000/wp-json/wc/store/v1/products/1001 "HTTP/1.1 200 OK"
2026-09-25 22:36:36,493 INFO    HTTP Request: GET http://localhost:9000/wp-json/wc/store/v1/products/1001 "HTTP/1.1 200 OK"
2026-09-25 22:36:36,548 INFO    HTTP Request: GET http://localhost:9000/wp-json/wc/store/v1/products/1001 "HTTP/1.1 200 OK"
2026-09-25 22:36:36,550 INFO    HTTP Request: GET http://localhost:9000/wp-json/wc/store/v1/products/1001 "HTTP/1.1 200 OK"
2026-09-25 22:36:36,608 INFO    HTTP Request: GET http://localhost:9000/wp-json/wc/store/v1/products/1001 "HTTP/1.1 200 OK"
2026-09-25 22:36:36,613 INFO    HTTP Request: GET http://localhost:9000/wp-json/wc/store/v1/products/1001 "HTTP/1.1 200 OK"
2026-09-25 22:36:36,665 INFO    HTTP Request: GET http://localhost:9000/wp-json/wc/store/v1/products/1001 "HTTP/1.1 200 OK"
2026-09-25 22:36:36,668 INFO    HTTP Request: GET http://localhost:9000/wp-json/wc/store/v1/products/1001 "HTTP/1.1 200 OK"
2026-09-25 22:36:36,728 INFO    HTTP Request: GET http://localhost:9000/wp-json/wc/store/v1/products/1001 "HTTP/1.1 200 OK"
2026-09-25 22:36:36,732 INFO    HTTP Request: GET http://localhost:9000/wp-json/wc/store/v1/products/1001 "HTTP/1.1 200 OK"
2026-09-25 22:36:36,785 INFO    HTTP Request: GET http://localhost:9000/wp-json/wc/store/v1/products/1001 "HTTP/1.1 200 OK"
2026-09-25 22:36:36,793 INFO    HTTP Request: GET http://localhost:9000/wp-json/wc/store/v1/products/1001 "HTTP/1.1 200 OK"
2026-09-25 22:36:36,848 INFO    HTTP Request: GET http://localhost:9000/wp-json/wc/store/v1/products/1001 "HTTP/1.1 200 OK"
2026-09-25 22:36:36,850 INFO    HTTP Request: GET http://localhost:9000/wp-json/wc/store/v1/products/1001 "HTTP/1.1 200 OK"
2026-09-25 22:36:36,907 INFO    HTTP Request: GET http://localhost:9000/wp-json/wc/store/v1/products/1001 "HTTP/1.1 200 OK"
2026-09-25 22:36:36,913 INFO    HTTP Request: GET http://localhost:9000/wp-json/wc/store/v1/products/1001 "HTTP/1.1 200 OK"
2026-09-25 22:36:36,966 INFO    HTTP Request: GET http://localhost:9000/wp-json/wc/store/v1/products/1001 "HTTP/1.1 200 OK"
2026-09-25 22:36:36,973 INFO    HTTP Request: GET http://localhost:9000/wp-json/wc/store/v1/products/1001 "HTTP/1.1 200 OK"
2026-09-25 22:36:37,028 INFO    HTTP Request: GET http://localhost:9000/wp-json/wc/store/v1/products/1001 "HTTP/1.1 200 OK"
2026-09-25 22:36:37,031 INFO    HTTP Request: GET http://localhost:9000/wp-json/wc/store/v1/products/1001 "HTTP/1.1 200 OK"
2026-09-25 22:36:37,031 INFO    [1001] price 1,485,000 (my_last=1,445,000, bids=8, rem=59.9s)
2026-09-25 22:36:37,034 INFO    HTTP Request: POST http://localhost:9000/wp-admin/admin-ajax "HTTP/1.1 200 OK"
2026-09-25 22:36:37,044 INFO    [1001] fire 1,490,000 (contest) → success=True (0.005s)
2026-09-25 22:36:37,097 INFO    HTTP Request: GET http://localhost:9000/wp-json/wc/store/v1/products/1001 "HTTP/1.1 200 OK"
2026-09-25 22:36:37,100 INFO    HTTP Request: GET http://localhost:9000/wp-json/wc/store/v1/products/1001 "HTTP/1.1 200 OK"
2026-09-25 22:36:37,100 INFO    [1001] propagation 0.050s (bid=1,490,000 now_visible)
2026-09-25 22:36:37,100 INFO    [1001] price 1,490,000 (my_last=1,490,000, bids=9, rem=59.9s)
2026-09-25 22:36:37,156 INFO    HTTP Request: GET http://localhost:9000/wp-json/wc/store/v1/products/1001 "HTTP/1.1 200 OK"
2026-09-25 22:36:37,162 INFO    HTTP Request: GET http://localhost:9000/wp-json/wc/store/v1/products/1001 "HTTP/1.1 200 OK"
2026-09-25 22:36:37,215 INFO    HTTP Request: GET http://localhost:9000/wp-json/wc/store/v1/products/1001 "HTTP/1.1 200 OK"
2026-09-25 22:36:37,217 INFO    HTTP Request: GET http://localhost:9000/wp-json/wc/store/v1/products/1001 "HTTP/1.1 200 OK"
2026-09-25 22:36:37,274 INFO    HTTP Request: GET http://localhost:9000/wp-json/wc/store/v1/products/1001 "HTTP/1.1 200 OK"
2026-09-25 22:36:37,279 INFO    HTTP Request: GET http://localhost:9000/wp-json/wc/store/v1/products/1001 "HTTP/1.1 200 OK"
2026-09-25 22:36:37,332 INFO    HTTP Request: GET http://localhost:9000/wp-json/wc/store/v1/products/1001 "HTTP/1.1 200 OK"
2026-09-25 22:36:37,334 INFO    HTTP Request: GET http://localhost:9000/wp-json/wc/store/v1/products/1001 "HTTP/1.1 200 OK"
2026-09-25 22:36:37,336 INFO    [1001] summary: mode=contest tail=300ms rem=59.6s reads=50 p50=3ms p95=9ms writes=9 p50=6ms p95=9ms prop=9 p50=50ms p95=51ms bids=9 last=1,490,000 current=1,490,000
2026-09-25 22:36:37,394 INFO    HTTP Request: GET http://localhost:9000/wp-json/wc/store/v1/products/1001 "HTTP/1.1 200 OK"
2026-09-25 22:36:37,396 INFO    HTTP Request: GET http://localhost:9000/wp-json/wc/store/v1/products/1001 "HTTP/1.1 200 OK"
2026-09-25 22:36:37,449 INFO    HTTP Request: GET http://localhost:9000/wp-json/wc/store/v1/products/1001 "HTTP/1.1 200 OK"
2026-09-25 22:36:37,452 INFO    HTTP Request: GET http://localhost:9000/wp-json/wc/store/v1/products/1001 "HTTP/1.1 200 OK"
2026-09-25 22:36:37,511 INFO    HTTP Request: GET http://localhost:9000/wp-json/wc/store/v1/products/1001 "HTTP/1.1 200 OK"
2026-09-25 22:36:37,513 INFO    HTTP Request: GET http://localhost:9000/wp-json/wc/store/v1/products/1001 "HTTP/1.1 200 OK"
2026-09-25 22:36:37,565 INFO    HTTP Request: GET http://localhost:9000/wp-json/wc/store/v1/products/1001 "HTTP/1.1 200 OK"
2026-09-25 22:36:37,567 INFO    HTTP Request: GET http://localhost:9000/wp-json/wc/store/v1/products/1001 "HTTP/1.1 200 OK"
2026-09-25 22:36:37,627 INFO    HTTP Request: GET http://localhost:9000/wp-json/wc/store/v1/products/1001 "HTTP/1.1 200 OK"
2026-09-25 22:36:37,629 INFO    HTTP Request: GET http://localhost:9000/wp-json/wc/store/v1/products/1001 "HTTP/1.1 200 OK"
2026-09-25 22:36:37,682 INFO    HTTP Request: GET http://localhost:9000/wp-json/wc/store/v1/products/1001 "HTTP/1.1 200 OK"
2026-09-25 22:36:37,684 INFO    HTTP Request: GET http://localhost:9000/wp-json/wc/store/v1/products/1001 "HTTP/1.1 200 OK"
2026-09-25 22:36:37,741 INFO    HTTP Request: GET http://localhost:9000/wp-json/wc/store/v1/products/1001 "HTTP/1.1 200 OK"
2026-09-25 22:36:37,749 INFO    HTTP Request: GET http://localhost:9000/wp-json/wc/store/v1/products/1001 "HTTP/1.1 200 OK"
2026-09-25 22:36:37,806 INFO    HTTP Request: GET http://localhost:9000/wp-json/wc/store/v1/products/1001 "HTTP/1.1 200 OK"
2026-09-25 22:36:37,809 INFO    HTTP Request: GET http://localhost:9000/wp-json/wc/store/v1/products/1001 "HTTP/1.1 200 OK"
2026-09-25 22:36:37,863 INFO    HTTP Request: GET http://localhost:9000/wp-json/wc/store/v1/products/1001 "HTTP/1.1 200 OK"
2026-09-25 22:36:37,866 INFO    HTTP Request: GET http://localhost:9000/wp-json/wc/store/v1/products/1001 "HTTP/1.1 200 OK"
2026-09-25 22:36:37,920 INFO    HTTP Request: GET http://localhost:9000/wp-json/wc/store/v1/products/1001 "HTTP/1.1 200 OK"
2026-09-25 22:36:37,925 INFO    HTTP Request: GET http://localhost:9000/wp-json/wc/store/v1/products/1001 "HTTP/1.1 200 OK"
2026-09-25 22:36:37,978 INFO    HTTP Request: GET http://localhost:9000/wp-json/wc/store/v1/products/1001 "HTTP/1.1 200 OK"
2026-09-25 22:36:37,980 INFO    HTTP Request: GET http://localhost:9000/wp-json/wc/store/v1/products/1001 "HTTP/1.1 200 OK"
2026-09-25 22:36:38,033 INFO    HTTP Request: GET http://localhost:9000/wp-json/wc/store/v1/products/1001 "HTTP/1.1 200 OK"
2026-09-25 22:36:38,038 INFO    HTTP Request: GET http://localhost:9000/wp-json/wc/store/v1/products/1001 "HTTP/1.1 200 OK"
2026-09-25 22:36:38,094 INFO    HTTP Request: GET http://localhost:9000/wp-json/wc/store/v1/products/1001 "HTTP/1.1 200 OK"
2026-09-25 22:36:38,096 INFO    HTTP Request: GET http://localhost:9000/wp-json/wc/store/v1/products/1001 "HTTP/1.1 200 OK"
2026-09-25 22:36:38,149 INFO    HTTP Request: GET http://localhost:9000/wp-json/wc/store/v1/products/1001 "HTTP/1.1 200 OK"
2026-09-25 22:36:38,156 INFO    HTTP Request: GET http://localhost:9000/wp-json/wc/store/v1/products/1001 "HTTP/1.1 200 OK"
2026-09-25 22:36:38,211 INFO    HTTP Request: GET http://localhost:9000/wp-json/wc/store/v1/products/1001 "HTTP/1.1 200 OK"
2026-09-25 22:36:38,213 INFO    HTTP Request: GET http://localhost:9000/wp-json/wc/store/v1/products/1001 "HTTP/1.1 200 OK"
2026-09-25 22:36:38,265 INFO    HTTP Request: GET http://localhost:9000/wp-json/wc/store/v1/products/1001 "HTTP/1.1 200 OK"
2026-09-25 22:36:38,269 INFO    HTTP Request: GET http://localhost:9000/wp-json/wc/store/v1/products/1001 "HTTP/1.1 200 OK"
2026-09-25 22:36:38,328 INFO    HTTP Request: GET http://localhost:9000/wp-json/wc/store/v1/products/1001 "HTTP/1.1 200 OK"
2026-09-25 22:36:38,331 INFO    HTTP Request: GET http://localhost:9000/wp-json/wc/store/v1/products/1001 "HTTP/1.1 200 OK"
2026-09-25 22:36:38,383 INFO    HTTP Request: GET http://localhost:9000/wp-json/wc/store/v1/products/1001 "HTTP/1.1 200 OK"
2026-09-25 22:36:38,391 INFO    HTTP Request: GET http://localhost:9000/wp-json/wc/store/v1/products/1001 "HTTP/1.1 200 OK"
2026-09-25 22:36:38,445 INFO    HTTP Request: GET http://localhost:9000/wp-json/wc/store/v1/products/1001 "HTTP/1.1 200 OK"
2026-09-25 22:36:38,447 INFO    HTTP Request: GET http://localhost:9000/wp-json/wc/store/v1/products/1001 "HTTP/1.1 200 OK"
2026-09-25 22:36:38,500 INFO    HTTP Request: GET http://localhost:9000/wp-json/wc/store/v1/products/1001 "HTTP/1.1 200 OK"
2026-09-25 22:36:38,507 INFO    HTTP Request: GET http://localhost:9000/wp-json/wc/store/v1/products/1001 "HTTP/1.1 200 OK"
2026-09-25 22:36:38,561 INFO    HTTP Request: GET http://localhost:9000/wp-json/wc/store/v1/products/1001 "HTTP/1.1 200 OK"
2026-09-25 22:36:38,563 INFO    HTTP Request: GET http://localhost:9000/wp-json/wc/store/v1/products/1001 "HTTP/1.1 200 OK"
2026-09-25 22:36:38,615 INFO    HTTP Request: GET http://localhost:9000/wp-json/wc/store/v1/products/1001 "HTTP/1.1 200 OK"
2026-09-25 22:36:38,617 INFO    HTTP Request: GET http://localhost:9000/wp-json/wc/store/v1/products/1001 "HTTP/1.1 200 OK"
2026-09-25 22:36:38,677 INFO    HTTP Request: GET http://localhost:9000/wp-json/wc/store/v1/products/1001 "HTTP/1.1 200 OK"
2026-09-25 22:36:38,680 INFO    HTTP Request: GET http://localhost:9000/wp-json/wc/store/v1/products/1001 "HTTP/1.1 200 OK"
2026-09-25 22:36:38,733 INFO    HTTP Request: GET http://localhost:9000/wp-json/wc/store/v1/products/1001 "HTTP/1.1 200 OK"
2026-09-25 22:36:38,739 INFO    HTTP Request: GET http://localhost:9000/wp-json/wc/store/v1/products/1001 "HTTP/1.1 200 OK"
2026-09-25 22:36:38,794 INFO    HTTP Request: GET http://localhost:9000/wp-json/wc/store/v1/products/1001 "HTTP/1.1 200 OK"
2026-09-25 22:36:38,797 INFO    HTTP Request: GET http://localhost:9000/wp-json/wc/store/v1/products/1001 "HTTP/1.1 200 OK"
2026-09-25 22:36:38,849 INFO    HTTP Request: GET http://localhost:9000/wp-json/wc/store/v1/products/1001 "HTTP/1.1 200 OK"
2026-09-25 22:36:38,853 INFO    HTTP Request: GET http://localhost:9000/wp-json/wc/store/v1/products/1001 "HTTP/1.1 200 OK"
2026-09-25 22:36:38,910 INFO    HTTP Request: GET http://localhost:9000/wp-json/wc/store/v1/products/1001 "HTTP/1.1 200 OK"
2026-09-25 22:36:38,913 INFO    HTTP Request: GET http://localhost:9000/wp-json/wc/store/v1/products/1001 "HTTP/1.1 200 OK"
2026-09-25 22:36:38,965 INFO    HTTP Request: GET http://localhost:9000/wp-json/wc/store/v1/products/1001 "HTTP/1.1 200 OK"
2026-09-25 22:36:38,967 INFO    HTTP Request: GET http://localhost:9000/wp-json/wc/store/v1/products/1001 "HTTP/1.1 200 OK"
2026-09-25 22:36:39,023 INFO    HTTP Request: GET http://localhost:9000/wp-json/wc/store/v1/products/1001 "HTTP/1.1 200 OK"
2026-09-25 22:36:39,026 INFO    HTTP Request: GET http://localhost:9000/wp-json/wc/store/v1/products/1001 "HTTP/1.1 200 OK"
2026-09-25 22:36:39,079 INFO    HTTP Request: GET http://localhost:9000/wp-json/wc/store/v1/products/1001 "HTTP/1.1 200 OK"
2026-09-25 22:36:39,081 INFO    HTTP Request: GET http://localhost:9000/wp-json/wc/store/v1/products/1001 "HTTP/1.1 200 OK"
2026-09-25 22:36:39,134 INFO    HTTP Request: GET http://localhost:9000/wp-json/wc/store/v1/products/1001 "HTTP/1.1 200 OK"
2026-09-25 22:36:39,138 INFO    HTTP Request: GET http://localhost:9000/wp-json/wc/store/v1/products/1001 "HTTP/1.1 200 OK"
2026-09-25 22:36:39,190 INFO    HTTP Request: GET http://localhost:9000/wp-json/wc/store/v1/products/1001 "HTTP/1.1 200 OK"
2026-09-25 22:36:39,192 INFO    HTTP Request: GET http://localhost:9000/wp-json/wc/store/v1/products/1001 "HTTP/1.1 200 OK"
2026-09-25 22:36:39,245 INFO    HTTP Request: GET http://localhost:9000/wp-json/wc/store/v1/products/1001 "HTTP/1.1 200 OK"
2026-09-25 22:36:39,247 INFO    HTTP Request: GET http://localhost:9000/wp-json/wc/store/v1/products/1001 "HTTP/1.1 200 OK"
2026-09-25 22:36:39,299 INFO    HTTP Request: GET http://localhost:9000/wp-json/wc/store/v1/products/1001 "HTTP/1.1 200 OK"
2026-09-25 22:36:39,301 INFO    HTTP Request: GET http://localhost:9000/wp-json/wc/store/v1/products/1001 "HTTP/1.1 200 OK"
2026-09-25 22:36:39,357 INFO    HTTP Request: GET http://localhost:9000/wp-json/wc/store/v1/products/1001 "HTTP/1.1 200 OK"
2026-09-25 22:36:39,359 INFO    HTTP Request: GET http://localhost:9000/wp-json/wc/store/v1/products/1001 "HTTP/1.1 200 OK"
2026-09-25 22:36:39,412 INFO    HTTP Request: GET http://localhost:9000/wp-json/wc/store/v1/products/1001 "HTTP/1.1 200 OK"
2026-09-25 22:36:39,414 INFO    HTTP Request: GET http://localhost:9000/wp-json/wc/store/v1/products/1001 "HTTP/1.1 200 OK"
2026-09-25 22:36:39,467 INFO    HTTP Request: GET http://localhost:9000/wp-json/wc/store/v1/products/1001 "HTTP/1.1 200 OK"
2026-09-25 22:36:39,474 INFO    HTTP Request: GET http://localhost:9000/wp-json/wc/store/v1/products/1001 "HTTP/1.1 200 OK"
2026-09-25 22:36:39,527 INFO    HTTP Request: GET http://localhost:9000/wp-json/wc/store/v1/products/1001 "HTTP/1.1 200 OK"
2026-09-25 22:36:39,529 INFO    HTTP Request: GET http://localhost:9000/wp-json/wc/store/v1/products/1001 "HTTP/1.1 200 OK"
2026-09-25 22:36:39,582 INFO    HTTP Request: GET http://localhost:9000/wp-json/wc/store/v1/products/1001 "HTTP/1.1 200 OK"
2026-09-25 22:36:39,584 INFO    HTTP Request: GET http://localhost:9000/wp-json/wc/store/v1/products/1001 "HTTP/1.1 200 OK"
2026-09-25 22:36:39,639 INFO    HTTP Request: GET http://localhost:9000/wp-json/wc/store/v1/products/1001 "HTTP/1.1 200 OK"
2026-09-25 22:36:39,641 INFO    HTTP Request: GET http://localhost:9000/wp-json/wc/store/v1/products/1001 "HTTP/1.1 200 OK"
2026-09-25 22:36:39,694 INFO    HTTP Request: GET http://localhost:9000/wp-json/wc/store/v1/products/1001 "HTTP/1.1 200 OK"
2026-09-25 22:36:39,697 INFO    HTTP Request: GET http://localhost:9000/wp-json/wc/store/v1/products/1001 "HTTP/1.1 200 OK"
2026-09-25 22:36:39,750 INFO    HTTP Request: GET http://localhost:9000/wp-json/wc/store/v1/products/1001 "HTTP/1.1 200 OK"
2026-09-25 22:36:39,755 INFO    HTTP Request: GET http://localhost:9000/wp-json/wc/store/v1/products/1001 "HTTP/1.1 200 OK"
2026-09-25 22:36:39,810 INFO    HTTP Request: GET http://localhost:9000/wp-json/wc/store/v1/products/1001 "HTTP/1.1 200 OK"
2026-09-25 22:36:39,812 INFO    HTTP Request: GET http://localhost:9000/wp-json/wc/store/v1/products/1001 "HTTP/1.1 200 OK"
2026-09-25 22:36:39,865 INFO    HTTP Request: GET http://localhost:9000/wp-json/wc/store/v1/products/1001 "HTTP/1.1 200 OK"
2026-09-25 22:36:39,868 INFO    HTTP Request: GET http://localhost:9000/wp-json/wc/store/v1/products/1001 "HTTP/1.1 200 OK"
2026-09-25 22:36:39,923 INFO    HTTP Request: GET http://localhost:9000/wp-json/wc/store/v1/products/1001 "HTTP/1.1 200 OK"
2026-09-25 22:36:39,926 INFO    HTTP Request: GET http://localhost:9000/wp-json/wc/store/v1/products/1001 "HTTP/1.1 200 OK"
2026-09-25 22:36:39,979 INFO    HTTP Request: GET http://localhost:9000/wp-json/wc/store/v1/products/1001 "HTTP/1.1 200 OK"
2026-09-25 22:36:39,982 INFO    HTTP Request: GET http://localhost:9000/wp-json/wc/store/v1/products/1001 "HTTP/1.1 200 OK"
2026-09-25 22:36:40,036 INFO    HTTP Request: GET http://localhost:9000/wp-json/wc/store/v1/products/1001 "HTTP/1.1 200 OK"
2026-09-25 22:36:40,042 INFO    HTTP Request: GET http://localhost:9000/wp-json/wc/store/v1/products/1001 "HTTP/1.1 200 OK"
2026-09-25 22:36:40,095 INFO    HTTP Request: GET http://localhost:9000/wp-json/wc/store/v1/products/1001 "HTTP/1.1 200 OK"
2026-09-25 22:36:40,097 INFO    HTTP Request: GET http://localhost:9000/wp-json/wc/store/v1/products/1001 "HTTP/1.1 200 OK"
2026-09-25 22:36:40,150 INFO    HTTP Request: GET http://localhost:9000/wp-json/wc/store/v1/products/1001 "HTTP/1.1 200 OK"
2026-09-25 22:36:40,158 INFO    HTTP Request: GET http://localhost:9000/wp-json/wc/store/v1/products/1001 "HTTP/1.1 200 OK"
2026-09-25 22:36:40,211 INFO    HTTP Request: GET http://localhost:9000/wp-json/wc/store/v1/products/1001 "HTTP/1.1 200 OK"
2026-09-25 22:36:40,213 INFO    HTTP Request: GET http://localhost:9000/wp-json/wc/store/v1/products/1001 "HTTP/1.1 200 OK"
2026-09-25 22:36:40,266 INFO    HTTP Request: GET http://localhost:9000/wp-json/wc/store/v1/products/1001 "HTTP/1.1 200 OK"
2026-09-25 22:36:40,271 INFO    HTTP Request: GET http://localhost:9000/wp-json/wc/store/v1/products/1001 "HTTP/1.1 200 OK"
2026-09-25 22:36:40,324 INFO    HTTP Request: GET http://localhost:9000/wp-json/wc/store/v1/products/1001 "HTTP/1.1 200 OK"
2026-09-25 22:36:40,327 INFO    HTTP Request: GET http://localhost:9000/wp-json/wc/store/v1/products/1001 "HTTP/1.1 200 OK"
2026-09-25 22:36:40,380 INFO    HTTP Request: GET http://localhost:9000/wp-json/wc/store/v1/products/1001 "HTTP/1.1 200 OK"
2026-09-25 22:36:40,383 INFO    HTTP Request: GET http://localhost:9000/wp-json/wc/store/v1/products/1001 "HTTP/1.1 200 OK"
2026-09-25 22:36:40,440 INFO    HTTP Request: GET http://localhost:9000/wp-json/wc/store/v1/products/1001 "HTTP/1.1 200 OK"
2026-09-25 22:36:40,443 INFO    HTTP Request: GET http://localhost:9000/wp-json/wc/store/v1/products/1001 "HTTP/1.1 200 OK"
2026-09-25 22:36:40,496 INFO    HTTP Request: GET http://localhost:9000/wp-json/wc/store/v1/products/1001 "HTTP/1.1 200 OK"
2026-09-25 22:36:40,499 INFO    HTTP Request: GET http://localhost:9000/wp-json/wc/store/v1/products/1001 "HTTP/1.1 200 OK"
2026-09-25 22:36:40,556 INFO    HTTP Request: GET http://localhost:9000/wp-json/wc/store/v1/products/1001 "HTTP/1.1 200 OK"
2026-09-25 22:36:40,559 INFO    HTTP Request: GET http://localhost:9000/wp-json/wc/store/v1/products/1001 "HTTP/1.1 200 OK"
2026-09-25 22:36:40,613 INFO    HTTP Request: GET http://localhost:9000/wp-json/wc/store/v1/products/1001 "HTTP/1.1 200 OK"
2026-09-25 22:36:40,616 INFO    HTTP Request: GET http://localhost:9000/wp-json/wc/store/v1/products/1001 "HTTP/1.1 200 OK"
2026-09-25 22:36:40,673 INFO    HTTP Request: GET http://localhost:9000/wp-json/wc/store/v1/products/1001 "HTTP/1.1 200 OK"
2026-09-25 22:36:40,677 INFO    HTTP Request: GET http://localhost:9000/wp-json/wc/store/v1/products/1001 "HTTP/1.1 200 OK"
2026-09-25 22:36:40,730 INFO    HTTP Request: GET http://localhost:9000/wp-json/wc/store/v1/products/1001 "HTTP/1.1 200 OK"
2026-09-25 22:36:40,732 INFO    HTTP Request: GET http://localhost:9000/wp-json/wc/store/v1/products/1001 "HTTP/1.1 200 OK"
2026-09-25 22:36:40,784 INFO    HTTP Request: GET http://localhost:9000/wp-json/wc/store/v1/products/1001 "HTTP/1.1 200 OK"
2026-09-25 22:36:40,791 INFO    HTTP Request: GET http://localhost:9000/wp-json/wc/store/v1/products/1001 "HTTP/1.1 200 OK"
2026-09-25 22:36:40,843 INFO    HTTP Request: GET http://localhost:9000/wp-json/wc/store/v1/products/1001 "HTTP/1.1 200 OK"
2026-09-25 22:36:40,845 INFO    HTTP Request: GET http://localhost:9000/wp-json/wc/store/v1/products/1001 "HTTP/1.1 200 OK"
2026-09-25 22:36:40,897 INFO    HTTP Request: GET http://localhost:9000/wp-json/wc/store/v1/products/1001 "HTTP/1.1 200 OK"
2026-09-25 22:36:40,900 INFO    HTTP Request: GET http://localhost:9000/wp-json/wc/store/v1/products/1001 "HTTP/1.1 200 OK"
2026-09-25 22:36:40,957 INFO    HTTP Request: GET http://localhost:9000/wp-json/wc/store/v1/products/1001 "HTTP/1.1 200 OK"
2026-09-25 22:36:40,960 INFO    HTTP Request: GET http://localhost:9000/wp-json/wc/store/v1/products/1001 "HTTP/1.1 200 OK"
2026-09-25 22:36:41,013 INFO    HTTP Request: GET http://localhost:9000/wp-json/wc/store/v1/products/1001 "HTTP/1.1 200 OK"
2026-09-25 22:36:41,016 INFO    HTTP Request: GET http://localhost:9000/wp-json/wc/store/v1/products/1001 "HTTP/1.1 200 OK"
2026-09-25 22:36:41,074 INFO    HTTP Request: GET http://localhost:9000/wp-json/wc/store/v1/products/1001 "HTTP/1.1 200 OK"
2026-09-25 22:36:41,080 INFO    HTTP Request: GET http://localhost:9000/wp-json/wc/store/v1/products/1001 "HTTP/1.1 200 OK"
2026-09-25 22:36:41,138 INFO    HTTP Request: GET http://localhost:9000/wp-json/wc/store/v1/products/1001 "HTTP/1.1 200 OK"
2026-09-25 22:36:41,146 INFO    HTTP Request: GET http://localhost:9000/wp-json/wc/store/v1/products/1001 "HTTP/1.1 200 OK"
2026-09-25 22:36:41,200 INFO    HTTP Request: GET http://localhost:9000/wp-json/wc/store/v1/products/1001 "HTTP/1.1 200 OK"
2026-09-25 22:36:41,206 INFO    HTTP Request: GET http://localhost:9000/wp-json/wc/store/v1/products/1001 "HTTP/1.1 200 OK"
2026-09-25 22:36:41,259 INFO    HTTP Request: GET http://localhost:9000/wp-json/wc/store/v1/products/1001 "HTTP/1.1 200 OK"
2026-09-25 22:36:41,261 INFO    HTTP Request: GET http://localhost:9000/wp-json/wc/store/v1/products/1001 "HTTP/1.1 200 OK"
2026-09-25 22:36:41,313 INFO    HTTP Request: GET http://localhost:9000/wp-json/wc/store/v1/products/1001 "HTTP/1.1 200 OK"
2026-09-25 22:36:41,315 INFO    HTTP Request: GET http://localhost:9000/wp-json/wc/store/v1/products/1001 "HTTP/1.1 200 OK"
2026-09-25 22:36:41,367 INFO    HTTP Request: GET http://localhost:9000/wp-json/wc/store/v1/products/1001 "HTTP/1.1 200 OK"
2026-09-25 22:36:41,374 INFO    HTTP Request: GET http://localhost:9000/wp-json/wc/store/v1/products/1001 "HTTP/1.1 200 OK"
2026-09-25 22:36:41,426 INFO    HTTP Request: GET http://localhost:9000/wp-json/wc/store/v1/products/1001 "HTTP/1.1 200 OK"
2026-09-25 22:36:41,429 INFO    HTTP Request: GET http://localhost:9000/wp-json/wc/store/v1/products/1001 "HTTP/1.1 200 OK"
2026-09-25 22:36:41,481 INFO    HTTP Request: GET http://localhost:9000/wp-json/wc/store/v1/products/1001 "HTTP/1.1 200 OK"
2026-09-25 22:36:41,484 INFO    HTTP Request: GET http://localhost:9000/wp-json/wc/store/v1/products/1001 "HTTP/1.1 200 OK"
2026-09-25 22:36:41,540 INFO    HTTP Request: GET http://localhost:9000/wp-json/wc/store/v1/products/1001 "HTTP/1.1 200 OK"
2026-09-25 22:36:41,542 INFO    HTTP Request: GET http://localhost:9000/wp-json/wc/store/v1/products/1001 "HTTP/1.1 200 OK"
2026-09-25 22:36:41,595 INFO    HTTP Request: GET http://localhost:9000/wp-json/wc/store/v1/products/1001 "HTTP/1.1 200 OK"
2026-09-25 22:36:41,597 INFO    HTTP Request: GET http://localhost:9000/wp-json/wc/store/v1/products/1001 "HTTP/1.1 200 OK"
2026-09-25 22:36:41,649 INFO    HTTP Request: GET http://localhost:9000/wp-json/wc/store/v1/products/1001 "HTTP/1.1 200 OK"
2026-09-25 22:36:41,654 INFO    HTTP Request: GET http://localhost:9000/wp-json/wc/store/v1/products/1001 "HTTP/1.1 200 OK"
2026-09-25 22:36:41,708 INFO    HTTP Request: GET http://localhost:9000/wp-json/wc/store/v1/products/1001 "HTTP/1.1 200 OK"
2026-09-25 22:36:41,711 INFO    HTTP Request: GET http://localhost:9000/wp-json/wc/store/v1/products/1001 "HTTP/1.1 200 OK"
2026-09-25 22:36:41,764 INFO    HTTP Request: GET http://localhost:9000/wp-json/wc/store/v1/products/1001 "HTTP/1.1 200 OK"
2026-09-25 22:36:41,768 INFO    HTTP Request: GET http://localhost:9000/wp-json/wc/store/v1/products/1001 "HTTP/1.1 200 OK"
2026-09-25 22:36:41,824 INFO    HTTP Request: GET http://localhost:9000/wp-json/wc/store/v1/products/1001 "HTTP/1.1 200 OK"
2026-09-25 22:36:41,827 INFO    HTTP Request: GET http://localhost:9000/wp-json/wc/store/v1/products/1001 "HTTP/1.1 200 OK"
2026-09-25 22:36:41,881 INFO    HTTP Request: GET http://localhost:9000/wp-json/wc/store/v1/products/1001 "HTTP/1.1 200 OK"
2026-09-25 22:36:41,886 INFO    HTTP Request: GET http://localhost:9000/wp-json/wc/store/v1/products/1001 "HTTP/1.1 200 OK"
2026-09-25 22:36:41,941 INFO    HTTP Request: GET http://localhost:9000/wp-json/wc/store/v1/products/1001 "HTTP/1.1 200 OK"
2026-09-25 22:36:41,946 INFO    HTTP Request: GET http://localhost:9000/wp-json/wc/store/v1/products/1001 "HTTP/1.1 200 OK"
2026-09-25 22:36:41,999 INFO    HTTP Request: GET http://localhost:9000/wp-json/wc/store/v1/products/1001 "HTTP/1.1 200 OK"
2026-09-25 22:36:42,002 INFO    HTTP Request: GET http://localhost:9000/wp-json/wc/store/v1/products/1001 "HTTP/1.1 200 OK"
2026-09-25 22:36:42,055 INFO    HTTP Request: GET http://localhost:9000/wp-json/wc/store/v1/products/1001 "HTTP/1.1 200 OK"
2026-09-25 22:36:42,057 INFO    HTTP Request: GET http://localhost:9000/wp-json/wc/store/v1/products/1001 "HTTP/1.1 200 OK"
2026-09-25 22:36:42,114 INFO    HTTP Request: GET http://localhost:9000/wp-json/wc/store/v1/products/1001 "HTTP/1.1 200 OK"
2026-09-25 22:36:42,117 INFO    HTTP Request: GET http://localhost:9000/wp-json/wc/store/v1/products/1001 "HTTP/1.1 200 OK"
2026-09-25 22:36:42,173 INFO    HTTP Request: GET http://localhost:9000/wp-json/wc/store/v1/products/1001 "HTTP/1.1 200 OK"
2026-09-25 22:36:42,177 INFO    HTTP Request: GET http://localhost:9000/wp-json/wc/store/v1/products/1001 "HTTP/1.1 200 OK"
2026-09-25 22:36:42,231 INFO    HTTP Request: GET http://localhost:9000/wp-json/wc/store/v1/products/1001 "HTTP/1.1 200 OK"
2026-09-25 22:36:42,236 INFO    HTTP Request: GET http://localhost:9000/wp-json/wc/store/v1/products/1001 "HTTP/1.1 200 OK"
2026-09-25 22:36:42,291 INFO    HTTP Request: GET http://localhost:9000/wp-json/wc/store/v1/products/1001 "HTTP/1.1 200 OK"
2026-09-25 22:36:42,294 INFO    HTTP Request: GET http://localhost:9000/wp-json/wc/store/v1/products/1001 "HTTP/1.1 200 OK"
2026-09-25 22:36:42,348 INFO    HTTP Request: GET http://localhost:9000/wp-json/wc/store/v1/products/1001 "HTTP/1.1 200 OK"
2026-09-25 22:36:42,353 INFO    HTTP Request: GET http://localhost:9000/wp-json/wc/store/v1/products/1001 "HTTP/1.1 200 OK"
2026-09-25 22:36:42,354 INFO    [1001] summary: mode=contest tail=300ms rem=54.6s reads=50 p50=3ms p95=8ms writes=9 p50=6ms p95=9ms prop=9 p50=50ms p95=51ms bids=9 last=1,490,000 current=1,490,000
2026-09-25 22:36:42,407 INFO    HTTP Request: GET http://localhost:9000/wp-json/wc/store/v1/products/1001 "HTTP/1.1 200 OK"
2026-09-25 22:36:42,412 INFO    HTTP Request: GET http://localhost:9000/wp-json/wc/store/v1/products/1001 "HTTP/1.1 200 OK"
2026-09-25 22:36:42,466 INFO    HTTP Request: GET http://localhost:9000/wp-json/wc/store/v1/products/1001 "HTTP/1.1 200 OK"
2026-09-25 22:36:42,471 INFO    HTTP Request: GET http://localhost:9000/wp-json/wc/store/v1/products/1001 "HTTP/1.1 200 OK"
2026-09-25 22:36:42,525 INFO    HTTP Request: GET http://localhost:9000/wp-json/wc/store/v1/products/1001 "HTTP/1.1 200 OK"
2026-09-25 22:36:42,529 INFO    HTTP Request: GET http://localhost:9000/wp-json/wc/store/v1/products/1001 "HTTP/1.1 200 OK"
2026-09-25 22:36:42,583 INFO    HTTP Request: GET http://localhost:9000/wp-json/wc/store/v1/products/1001 "HTTP/1.1 200 OK"
2026-09-25 22:36:42,589 INFO    HTTP Request: GET http://localhost:9000/wp-json/wc/store/v1/products/1001 "HTTP/1.1 200 OK"
2026-09-25 22:36:42,643 INFO    HTTP Request: GET http://localhost:9000/wp-json/wc/store/v1/products/1001 "HTTP/1.1 200 OK"
2026-09-25 22:36:42,647 INFO    HTTP Request: GET http://localhost:9000/wp-json/wc/store/v1/products/1001 "HTTP/1.1 200 OK"
2026-09-25 22:36:42,701 INFO    HTTP Request: GET http://localhost:9000/wp-json/wc/store/v1/products/1001 "HTTP/1.1 200 OK"
2026-09-25 22:36:42,709 INFO    HTTP Request: GET http://localhost:9000/wp-json/wc/store/v1/products/1001 "HTTP/1.1 200 OK"
2026-09-25 22:36:42,764 INFO    HTTP Request: GET http://localhost:9000/wp-json/wc/store/v1/products/1001 "HTTP/1.1 200 OK"
2026-09-25 22:36:42,772 INFO    HTTP Request: GET http://localhost:9000/wp-json/wc/store/v1/products/1001 "HTTP/1.1 200 OK"
2026-09-25 22:36:42,828 INFO    HTTP Request: GET http://localhost:9000/wp-json/wc/store/v1/products/1001 "HTTP/1.1 200 OK"
2026-09-25 22:36:42,830 INFO    HTTP Request: GET http://localhost:9000/wp-json/wc/store/v1/products/1001 "HTTP/1.1 200 OK"
2026-09-25 22:36:42,882 INFO    HTTP Request: GET http://localhost:9000/wp-json/wc/store/v1/products/1001 "HTTP/1.1 200 OK"
2026-09-25 22:36:42,884 INFO    HTTP Request: GET http://localhost:9000/wp-json/wc/store/v1/products/1001 "HTTP/1.1 200 OK"
2026-09-25 22:36:42,939 INFO    HTTP Request: GET http://localhost:9000/wp-json/wc/store/v1/products/1001 "HTTP/1.1 200 OK"
2026-09-25 22:36:42,942 INFO    HTTP Request: GET http://localhost:9000/wp-json/wc/store/v1/products/1001 "HTTP/1.1 200 OK"
2026-09-25 22:36:42,994 INFO    HTTP Request: GET http://localhost:9000/wp-json/wc/store/v1/products/1001 "HTTP/1.1 200 OK"
2026-09-25 22:36:42,997 INFO    HTTP Request: GET http://localhost:9000/wp-json/wc/store/v1/products/1001 "HTTP/1.1 200 OK"
2026-09-25 22:36:43,049 INFO    HTTP Request: GET http://localhost:9000/wp-json/wc/store/v1/products/1001 "HTTP/1.1 200 OK"
2026-09-25 22:36:43,052 INFO    HTTP Request: GET http://localhost:9000/wp-json/wc/store/v1/products/1001 "HTTP/1.1 200 OK"
2026-09-25 22:36:43,054 INFO    [1001] price 1,500,000 (my_last=1,490,000, bids=9, rem=53.9s)
2026-09-25 22:36:43,058 INFO    HTTP Request: POST http://localhost:9000/wp-admin/admin-ajax "HTTP/1.1 200 OK"
2026-09-25 22:36:43,062 INFO    [1001] fire 1,505,000 (contest) → success=True (0.005s)
2026-09-25 22:36:43,117 INFO    HTTP Request: GET http://localhost:9000/wp-json/wc/store/v1/products/1001 "HTTP/1.1 200 OK"
2026-09-25 22:36:43,123 INFO    HTTP Request: GET http://localhost:9000/wp-json/wc/store/v1/products/1001 "HTTP/1.1 200 OK"
2026-09-25 22:36:43,124 INFO    [1001] propagation 0.050s (bid=1,505,000 now_visible)
2026-09-25 22:36:43,124 INFO    [1001] price 1,505,000 (my_last=1,505,000, bids=10, rem=53.8s)
2026-09-25 22:36:43,182 INFO    HTTP Request: GET http://localhost:9000/wp-json/wc/store/v1/products/1001 "HTTP/1.1 200 OK"
2026-09-25 22:36:43,192 INFO    HTTP Request: GET http://localhost:9000/wp-json/wc/store/v1/products/1001 "HTTP/1.1 200 OK"
2026-09-25 22:36:43,246 INFO    HTTP Request: GET http://localhost:9000/wp-json/wc/store/v1/products/1001 "HTTP/1.1 200 OK"
2026-09-25 22:36:43,250 INFO    HTTP Request: GET http://localhost:9000/wp-json/wc/store/v1/products/1001 "HTTP/1.1 200 OK"
2026-09-25 22:36:43,309 INFO    HTTP Request: GET http://localhost:9000/wp-json/wc/store/v1/products/1001 "HTTP/1.1 200 OK"
2026-09-25 22:36:43,315 INFO    HTTP Request: GET http://localhost:9000/wp-json/wc/store/v1/products/1001 "HTTP/1.1 200 OK"
2026-09-25 22:36:43,369 INFO    HTTP Request: GET http://localhost:9000/wp-json/wc/store/v1/products/1001 "HTTP/1.1 200 OK"
2026-09-25 22:36:43,375 INFO    HTTP Request: GET http://localhost:9000/wp-json/wc/store/v1/products/1001 "HTTP/1.1 200 OK"
2026-09-25 22:36:43,430 INFO    HTTP Request: GET http://localhost:9000/wp-json/wc/store/v1/products/1001 "HTTP/1.1 200 OK"
2026-09-25 22:36:43,433 INFO    HTTP Request: GET http://localhost:9000/wp-json/wc/store/v1/products/1001 "HTTP/1.1 200 OK"
2026-09-25 22:36:43,494 INFO    HTTP Request: GET http://localhost:9000/wp-json/wc/store/v1/products/1001 "HTTP/1.1 200 OK"
2026-09-25 22:36:43,498 INFO    HTTP Request: GET http://localhost:9000/wp-json/wc/store/v1/products/1001 "HTTP/1.1 200 OK"
2026-09-25 22:36:43,555 INFO    HTTP Request: GET http://localhost:9000/wp-json/wc/store/v1/products/1001 "HTTP/1.1 200 OK"
2026-09-25 22:36:43,562 INFO    HTTP Request: GET http://localhost:9000/wp-json/wc/store/v1/products/1001 "HTTP/1.1 200 OK"
2026-09-25 22:36:43,615 INFO    HTTP Request: GET http://localhost:9000/wp-json/wc/store/v1/products/1001 "HTTP/1.1 200 OK"
2026-09-25 22:36:43,620 INFO    HTTP Request: GET http://localhost:9000/wp-json/wc/store/v1/products/1001 "HTTP/1.1 200 OK"
2026-09-25 22:36:43,678 INFO    HTTP Request: GET http://localhost:9000/wp-json/wc/store/v1/products/1001 "HTTP/1.1 200 OK"
2026-09-25 22:36:43,680 INFO    HTTP Request: GET http://localhost:9000/wp-json/wc/store/v1/products/1001 "HTTP/1.1 200 OK"
2026-09-25 22:36:43,732 INFO    HTTP Request: GET http://localhost:9000/wp-json/wc/store/v1/products/1001 "HTTP/1.1 200 OK"
2026-09-25 22:36:43,740 INFO    HTTP Request: GET http://localhost:9000/wp-json/wc/store/v1/products/1001 "HTTP/1.1 200 OK"
2026-09-25 22:36:43,795 INFO    HTTP Request: GET http://localhost:9000/wp-json/wc/store/v1/products/1001 "HTTP/1.1 200 OK"
2026-09-25 22:36:43,798 INFO    HTTP Request: GET http://localhost:9000/wp-json/wc/store/v1/products/1001 "HTTP/1.1 200 OK"
2026-09-25 22:36:43,851 INFO    HTTP Request: GET http://localhost:9000/wp-json/wc/store/v1/products/1001 "HTTP/1.1 200 OK"
2026-09-25 22:36:43,858 INFO    HTTP Request: GET http://localhost:9000/wp-json/wc/store/v1/products/1001 "HTTP/1.1 200 OK"
2026-09-25 22:36:43,911 INFO    HTTP Request: GET http://localhost:9000/wp-json/wc/store/v1/products/1001 "HTTP/1.1 200 OK"
2026-09-25 22:36:43,913 INFO    HTTP Request: GET http://localhost:9000/wp-json/wc/store/v1/products/1001 "HTTP/1.1 200 OK"
2026-09-25 22:36:43,966 INFO    HTTP Request: GET http://localhost:9000/wp-json/wc/store/v1/products/1001 "HTTP/1.1 200 OK"
2026-09-25 22:36:43,973 INFO    HTTP Request: GET http://localhost:9000/wp-json/wc/store/v1/products/1001 "HTTP/1.1 200 OK"
2026-09-25 22:36:44,030 INFO    HTTP Request: GET http://localhost:9000/wp-json/wc/store/v1/products/1001 "HTTP/1.1 200 OK"
2026-09-25 22:36:44,033 INFO    HTTP Request: GET http://localhost:9000/wp-json/wc/store/v1/products/1001 "HTTP/1.1 200 OK"
2026-09-25 22:36:44,093 INFO    HTTP Request: GET http://localhost:9000/wp-json/wc/store/v1/products/1001 "HTTP/1.1 200 OK"
2026-09-25 22:36:44,096 INFO    HTTP Request: GET http://localhost:9000/wp-json/wc/store/v1/products/1001 "HTTP/1.1 200 OK"
2026-09-25 22:36:44,149 INFO    HTTP Request: GET http://localhost:9000/wp-json/wc/store/v1/products/1001 "HTTP/1.1 200 OK"
2026-09-25 22:36:44,155 INFO    HTTP Request: GET http://localhost:9000/wp-json/wc/store/v1/products/1001 "HTTP/1.1 200 OK"
2026-09-25 22:36:44,208 INFO    HTTP Request: GET http://localhost:9000/wp-json/wc/store/v1/products/1001 "HTTP/1.1 200 OK"
2026-09-25 22:36:44,210 INFO    HTTP Request: GET http://localhost:9000/wp-json/wc/store/v1/products/1001 "HTTP/1.1 200 OK"
2026-09-25 22:36:44,262 INFO    HTTP Request: GET http://localhost:9000/wp-json/wc/store/v1/products/1001 "HTTP/1.1 200 OK"
2026-09-25 22:36:44,264 INFO    HTTP Request: GET http://localhost:9000/wp-json/wc/store/v1/products/1001 "HTTP/1.1 200 OK"
2026-09-25 22:36:44,316 INFO    HTTP Request: GET http://localhost:9000/wp-json/wc/store/v1/products/1001 "HTTP/1.1 200 OK"
2026-09-25 22:36:44,320 INFO    HTTP Request: GET http://localhost:9000/wp-json/wc/store/v1/products/1001 "HTTP/1.1 200 OK"
2026-09-25 22:36:44,375 INFO    HTTP Request: GET http://localhost:9000/wp-json/wc/store/v1/products/1001 "HTTP/1.1 200 OK"
2026-09-25 22:36:44,377 INFO    HTTP Request: GET http://localhost:9000/wp-json/wc/store/v1/products/1001 "HTTP/1.1 200 OK"
2026-09-25 22:36:44,429 INFO    HTTP Request: GET http://localhost:9000/wp-json/wc/store/v1/products/1001 "HTTP/1.1 200 OK"
2026-09-25 22:36:44,431 INFO    HTTP Request: GET http://localhost:9000/wp-json/wc/store/v1/products/1001 "HTTP/1.1 200 OK"
2026-09-25 22:36:44,483 INFO    HTTP Request: GET http://localhost:9000/wp-json/wc/store/v1/products/1001 "HTTP/1.1 200 OK"
2026-09-25 22:36:44,490 INFO    HTTP Request: GET http://localhost:9000/wp-json/wc/store/v1/products/1001 "HTTP/1.1 200 OK"
2026-09-25 22:36:44,543 INFO    HTTP Request: GET http://localhost:9000/wp-json/wc/store/v1/products/1001 "HTTP/1.1 200 OK"
2026-09-25 22:36:44,544 INFO    HTTP Request: GET http://localhost:9000/wp-json/wc/store/v1/products/1001 "HTTP/1.1 200 OK"
2026-09-25 22:36:44,597 INFO    HTTP Request: GET http://localhost:9000/wp-json/wc/store/v1/products/1001 "HTTP/1.1 200 OK"
2026-09-25 22:36:44,599 INFO    HTTP Request: GET http://localhost:9000/wp-json/wc/store/v1/products/1001 "HTTP/1.1 200 OK"
2026-09-25 22:36:44,659 INFO    HTTP Request: GET http://localhost:9000/wp-json/wc/store/v1/products/1001 "HTTP/1.1 200 OK"
2026-09-25 22:36:44,666 INFO    HTTP Request: GET http://localhost:9000/wp-json/wc/store/v1/products/1001 "HTTP/1.1 200 OK"
2026-09-25 22:36:44,728 INFO    HTTP Request: GET http://localhost:9000/wp-json/wc/store/v1/products/1001 "HTTP/1.1 200 OK"
2026-09-25 22:36:44,745 INFO    HTTP Request: GET http://localhost:9000/wp-json/wc/store/v1/products/1001 "HTTP/1.1 200 OK"
2026-09-25 22:36:44,800 INFO    HTTP Request: GET http://localhost:9000/wp-json/wc/store/v1/products/1001 "HTTP/1.1 200 OK"
2026-09-25 22:36:44,807 INFO    HTTP Request: GET http://localhost:9000/wp-json/wc/store/v1/products/1001 "HTTP/1.1 200 OK"
2026-09-25 22:36:44,859 INFO    HTTP Request: GET http://localhost:9000/wp-json/wc/store/v1/products/1001 "HTTP/1.1 200 OK"
2026-09-25 22:36:44,862 INFO    HTTP Request: GET http://localhost:9000/wp-json/wc/store/v1/products/1001 "HTTP/1.1 200 OK"
2026-09-25 22:36:44,914 INFO    HTTP Request: GET http://localhost:9000/wp-json/wc/store/v1/products/1001 "HTTP/1.1 200 OK"
2026-09-25 22:36:44,917 INFO    HTTP Request: GET http://localhost:9000/wp-json/wc/store/v1/products/1001 "HTTP/1.1 200 OK"
2026-09-25 22:36:44,971 INFO    HTTP Request: GET http://localhost:9000/wp-json/wc/store/v1/products/1001 "HTTP/1.1 200 OK"
2026-09-25 22:36:44,974 INFO    HTTP Request: GET http://localhost:9000/wp-json/wc/store/v1/products/1001 "HTTP/1.1 200 OK"
2026-09-25 22:36:45,027 INFO    HTTP Request: GET http://localhost:9000/wp-json/wc/store/v1/products/1001 "HTTP/1.1 200 OK"
2026-09-25 22:36:45,030 INFO    HTTP Request: GET http://localhost:9000/wp-json/wc/store/v1/products/1001 "HTTP/1.1 200 OK"
2026-09-25 22:36:45,082 INFO    HTTP Request: GET http://localhost:9000/wp-json/wc/store/v1/products/1001 "HTTP/1.1 200 OK"
2026-09-25 22:36:45,088 INFO    HTTP Request: GET http://localhost:9000/wp-json/wc/store/v1/products/1001 "HTTP/1.1 200 OK"
2026-09-25 22:36:45,140 INFO    HTTP Request: GET http://localhost:9000/wp-json/wc/store/v1/products/1001 "HTTP/1.1 200 OK"
2026-09-25 22:36:45,143 INFO    HTTP Request: GET http://localhost:9000/wp-json/wc/store/v1/products/1001 "HTTP/1.1 200 OK"
2026-09-25 22:36:45,196 INFO    HTTP Request: GET http://localhost:9000/wp-json/wc/store/v1/products/1001 "HTTP/1.1 200 OK"
2026-09-25 22:36:45,198 INFO    HTTP Request: GET http://localhost:9000/wp-json/wc/store/v1/products/1001 "HTTP/1.1 200 OK"
2026-09-25 22:36:45,251 INFO    HTTP Request: GET http://localhost:9000/wp-json/wc/store/v1/products/1001 "HTTP/1.1 200 OK"
2026-09-25 22:36:45,258 INFO    HTTP Request: GET http://localhost:9000/wp-json/wc/store/v1/products/1001 "HTTP/1.1 200 OK"
2026-09-25 22:36:45,311 INFO    HTTP Request: GET http://localhost:9000/wp-json/wc/store/v1/products/1001 "HTTP/1.1 200 OK"
2026-09-25 22:36:45,317 INFO    HTTP Request: GET http://localhost:9000/wp-json/wc/store/v1/products/1001 "HTTP/1.1 200 OK"
2026-09-25 22:36:45,373 INFO    HTTP Request: GET http://localhost:9000/wp-json/wc/store/v1/products/1001 "HTTP/1.1 200 OK"
2026-09-25 22:36:45,376 INFO    HTTP Request: GET http://localhost:9000/wp-json/wc/store/v1/products/1001 "HTTP/1.1 200 OK"
2026-09-25 22:36:45,428 INFO    HTTP Request: GET http://localhost:9000/wp-json/wc/store/v1/products/1001 "HTTP/1.1 200 OK"
2026-09-25 22:36:45,430 INFO    HTTP Request: GET http://localhost:9000/wp-json/wc/store/v1/products/1001 "HTTP/1.1 200 OK"
2026-09-25 22:36:45,483 INFO    HTTP Request: GET http://localhost:9000/wp-json/wc/store/v1/products/1001 "HTTP/1.1 200 OK"
2026-09-25 22:36:45,490 INFO    HTTP Request: GET http://localhost:9000/wp-json/wc/store/v1/products/1001 "HTTP/1.1 200 OK"
2026-09-25 22:36:45,543 INFO    HTTP Request: GET http://localhost:9000/wp-json/wc/store/v1/products/1001 "HTTP/1.1 200 OK"
2026-09-25 22:36:45,548 INFO    HTTP Request: GET http://localhost:9000/wp-json/wc/store/v1/products/1001 "HTTP/1.1 200 OK"
2026-09-25 22:36:45,609 INFO    HTTP Request: GET http://localhost:9000/wp-json/wc/store/v1/products/1001 "HTTP/1.1 200 OK"
2026-09-25 22:36:45,612 INFO    HTTP Request: GET http://localhost:9000/wp-json/wc/store/v1/products/1001 "HTTP/1.1 200 OK"
2026-09-25 22:36:45,665 INFO    HTTP Request: GET http://localhost:9000/wp-json/wc/store/v1/products/1001 "HTTP/1.1 200 OK"
2026-09-25 22:36:45,669 INFO    HTTP Request: GET http://localhost:9000/wp-json/wc/store/v1/products/1001 "HTTP/1.1 200 OK"
2026-09-25 22:36:45,727 INFO    HTTP Request: GET http://localhost:9000/wp-json/wc/store/v1/products/1001 "HTTP/1.1 200 OK"
2026-09-25 22:36:45,729 INFO    HTTP Request: GET http://localhost:9000/wp-json/wc/store/v1/products/1001 "HTTP/1.1 200 OK"
2026-09-25 22:36:45,782 INFO    HTTP Request: GET http://localhost:9000/wp-json/wc/store/v1/products/1001 "HTTP/1.1 200 OK"
2026-09-25 22:36:45,787 INFO    HTTP Request: GET http://localhost:9000/wp-json/wc/store/v1/products/1001 "HTTP/1.1 200 OK"
2026-09-25 22:36:45,845 INFO    HTTP Request: GET http://localhost:9000/wp-json/wc/store/v1/products/1001 "HTTP/1.1 200 OK"
2026-09-25 22:36:45,857 INFO    HTTP Request: GET http://localhost:9000/wp-json/wc/store/v1/products/1001 "HTTP/1.1 200 OK"
2026-09-25 22:36:45,914 INFO    HTTP Request: GET http://localhost:9000/wp-json/wc/store/v1/products/1001 "HTTP/1.1 200 OK"
2026-09-25 22:36:45,925 INFO    HTTP Request: GET http://localhost:9000/wp-json/wc/store/v1/products/1001 "HTTP/1.1 200 OK"
2026-09-25 22:36:45,980 INFO    HTTP Request: GET http://localhost:9000/wp-json/wc/store/v1/products/1001 "HTTP/1.1 200 OK"
2026-09-25 22:36:45,984 INFO    HTTP Request: GET http://localhost:9000/wp-json/wc/store/v1/products/1001 "HTTP/1.1 200 OK"
2026-09-25 22:36:46,039 INFO    HTTP Request: GET http://localhost:9000/wp-json/wc/store/v1/products/1001 "HTTP/1.1 200 OK"
2026-09-25 22:36:46,041 INFO    HTTP Request: GET http://localhost:9000/wp-json/wc/store/v1/products/1001 "HTTP/1.1 200 OK"
2026-09-25 22:36:46,093 INFO    HTTP Request: GET http://localhost:9000/wp-json/wc/store/v1/products/1001 "HTTP/1.1 200 OK"
2026-09-25 22:36:46,095 INFO    HTTP Request: GET http://localhost:9000/wp-json/wc/store/v1/products/1001 "HTTP/1.1 200 OK"
2026-09-25 22:36:46,147 INFO    HTTP Request: GET http://localhost:9000/wp-json/wc/store/v1/products/1001 "HTTP/1.1 200 OK"
2026-09-25 22:36:46,149 INFO    HTTP Request: GET http://localhost:9000/wp-json/wc/store/v1/products/1001 "HTTP/1.1 200 OK"
2026-09-25 22:36:46,205 INFO    HTTP Request: GET http://localhost:9000/wp-json/wc/store/v1/products/1001 "HTTP/1.1 200 OK"
2026-09-25 22:36:46,208 INFO    HTTP Request: GET http://localhost:9000/wp-json/wc/store/v1/products/1001 "HTTP/1.1 200 OK"
2026-09-25 22:36:46,264 INFO    HTTP Request: GET http://localhost:9000/wp-json/wc/store/v1/products/1001 "HTTP/1.1 200 OK"
2026-09-25 22:36:46,271 INFO    HTTP Request: GET http://localhost:9000/wp-json/wc/store/v1/products/1001 "HTTP/1.1 200 OK"
2026-09-25 22:36:46,334 INFO    HTTP Request: GET http://localhost:9000/wp-json/wc/store/v1/products/1001 "HTTP/1.1 200 OK"
2026-09-25 22:36:46,345 INFO    HTTP Request: GET http://localhost:9000/wp-json/wc/store/v1/products/1001 "HTTP/1.1 200 OK"
2026-09-25 22:36:46,400 INFO    HTTP Request: GET http://localhost:9000/wp-json/wc/store/v1/products/1001 "HTTP/1.1 200 OK"
2026-09-25 22:36:46,410 INFO    HTTP Request: GET http://localhost:9000/wp-json/wc/store/v1/products/1001 "HTTP/1.1 200 OK"
2026-09-25 22:36:46,465 INFO    HTTP Request: GET http://localhost:9000/wp-json/wc/store/v1/products/1001 "HTTP/1.1 200 OK"
2026-09-25 22:36:46,471 INFO    HTTP Request: GET http://localhost:9000/wp-json/wc/store/v1/products/1001 "HTTP/1.1 200 OK"
2026-09-25 22:36:46,526 INFO    HTTP Request: GET http://localhost:9000/wp-json/wc/store/v1/products/1001 "HTTP/1.1 200 OK"
2026-09-25 22:36:46,529 INFO    HTTP Request: GET http://localhost:9000/wp-json/wc/store/v1/products/1001 "HTTP/1.1 200 OK"
2026-09-25 22:36:46,582 INFO    HTTP Request: GET http://localhost:9000/wp-json/wc/store/v1/products/1001 "HTTP/1.1 200 OK"
2026-09-25 22:36:46,585 INFO    HTTP Request: GET http://localhost:9000/wp-json/wc/store/v1/products/1001 "HTTP/1.1 200 OK"
2026-09-25 22:36:46,639 INFO    HTTP Request: GET http://localhost:9000/wp-json/wc/store/v1/products/1001 "HTTP/1.1 200 OK"
2026-09-25 22:36:46,641 INFO    HTTP Request: GET http://localhost:9000/wp-json/wc/store/v1/products/1001 "HTTP/1.1 200 OK"
2026-09-25 22:36:46,693 INFO    HTTP Request: GET http://localhost:9000/wp-json/wc/store/v1/products/1001 "HTTP/1.1 200 OK"
2026-09-25 22:36:46,695 INFO    HTTP Request: GET http://localhost:9000/wp-json/wc/store/v1/products/1001 "HTTP/1.1 200 OK"
2026-09-25 22:36:46,747 INFO    HTTP Request: GET http://localhost:9000/wp-json/wc/store/v1/products/1001 "HTTP/1.1 200 OK"
2026-09-25 22:36:46,749 INFO    HTTP Request: GET http://localhost:9000/wp-json/wc/store/v1/products/1001 "HTTP/1.1 200 OK"
2026-09-25 22:36:46,806 INFO    HTTP Request: GET http://localhost:9000/wp-json/wc/store/v1/products/1001 "HTTP/1.1 200 OK"
2026-09-25 22:36:46,809 INFO    HTTP Request: GET http://localhost:9000/wp-json/wc/store/v1/products/1001 "HTTP/1.1 200 OK"
2026-09-25 22:36:46,862 INFO    HTTP Request: GET http://localhost:9000/wp-json/wc/store/v1/products/1001 "HTTP/1.1 200 OK"
2026-09-25 22:36:46,865 INFO    HTTP Request: GET http://localhost:9000/wp-json/wc/store/v1/products/1001 "HTTP/1.1 200 OK"
2026-09-25 22:36:46,922 INFO    HTTP Request: GET http://localhost:9000/wp-json/wc/store/v1/products/1001 "HTTP/1.1 200 OK"
2026-09-25 22:36:46,925 INFO    HTTP Request: GET http://localhost:9000/wp-json/wc/store/v1/products/1001 "HTTP/1.1 200 OK"
2026-09-25 22:36:46,981 INFO    HTTP Request: GET http://localhost:9000/wp-json/wc/store/v1/products/1001 "HTTP/1.1 200 OK"
2026-09-25 22:36:46,991 INFO    HTTP Request: GET http://localhost:9000/wp-json/wc/store/v1/products/1001 "HTTP/1.1 200 OK"
2026-09-25 22:36:47,047 INFO    HTTP Request: GET http://localhost:9000/wp-json/wc/store/v1/products/1001 "HTTP/1.1 200 OK"
2026-09-25 22:36:47,060 INFO    HTTP Request: GET http://localhost:9000/wp-json/wc/store/v1/products/1001 "HTTP/1.1 200 OK"
2026-09-25 22:36:47,114 INFO    HTTP Request: GET http://localhost:9000/wp-json/wc/store/v1/products/1001 "HTTP/1.1 200 OK"
2026-09-25 22:36:47,124 INFO    HTTP Request: GET http://localhost:9000/wp-json/wc/store/v1/products/1001 "HTTP/1.1 200 OK"
2026-09-25 22:36:47,178 INFO    HTTP Request: GET http://localhost:9000/wp-json/wc/store/v1/products/1001 "HTTP/1.1 200 OK"
2026-09-25 22:36:47,181 INFO    HTTP Request: GET http://localhost:9000/wp-json/wc/store/v1/products/1001 "HTTP/1.1 200 OK"
2026-09-25 22:36:47,240 INFO    HTTP Request: GET http://localhost:9000/wp-json/wc/store/v1/products/1001 "HTTP/1.1 200 OK"
2026-09-25 22:36:47,247 INFO    HTTP Request: GET http://localhost:9000/wp-json/wc/store/v1/products/1001 "HTTP/1.1 200 OK"
2026-09-25 22:36:47,311 INFO    HTTP Request: GET http://localhost:9000/wp-json/wc/store/v1/products/1001 "HTTP/1.1 200 OK"
2026-09-25 22:36:47,321 INFO    HTTP Request: GET http://localhost:9000/wp-json/wc/store/v1/products/1001 "HTTP/1.1 200 OK"
2026-09-25 22:36:47,374 INFO    HTTP Request: GET http://localhost:9000/wp-json/wc/store/v1/products/1001 "HTTP/1.1 200 OK"
2026-09-25 22:36:47,377 INFO    HTTP Request: GET http://localhost:9000/wp-json/wc/store/v1/products/1001 "HTTP/1.1 200 OK"
2026-09-25 22:36:47,377 INFO    [1001] summary: mode=contest tail=300ms rem=49.6s reads=50 p50=3ms p95=13ms writes=10 p50=6ms p95=9ms prop=10 p50=50ms p95=51ms bids=10 last=1,505,000 current=1,505,000
2026-09-25 22:36:47,429 INFO    HTTP Request: GET http://localhost:9000/wp-json/wc/store/v1/products/1001 "HTTP/1.1 200 OK"
2026-09-25 22:36:47,431 INFO    HTTP Request: GET http://localhost:9000/wp-json/wc/store/v1/products/1001 "HTTP/1.1 200 OK"
2026-09-25 22:36:47,483 INFO    HTTP Request: GET http://localhost:9000/wp-json/wc/store/v1/products/1001 "HTTP/1.1 200 OK"
2026-09-25 22:36:47,488 INFO    HTTP Request: GET http://localhost:9000/wp-json/wc/store/v1/products/1001 "HTTP/1.1 200 OK"
2026-09-25 22:36:47,541 INFO    HTTP Request: GET http://localhost:9000/wp-json/wc/store/v1/products/1001 "HTTP/1.1 200 OK"
2026-09-25 22:36:47,544 INFO    HTTP Request: GET http://localhost:9000/wp-json/wc/store/v1/products/1001 "HTTP/1.1 200 OK"
2026-09-25 22:36:47,598 INFO    HTTP Request: GET http://localhost:9000/wp-json/wc/store/v1/products/1001 "HTTP/1.1 200 OK"
2026-09-25 22:36:47,602 INFO    HTTP Request: GET http://localhost:9000/wp-json/wc/store/v1/products/1001 "HTTP/1.1 200 OK"
2026-09-25 22:36:47,657 INFO    HTTP Request: GET http://localhost:9000/wp-json/wc/store/v1/products/1001 "HTTP/1.1 200 OK"
2026-09-25 22:36:47,660 INFO    HTTP Request: GET http://localhost:9000/wp-json/wc/store/v1/products/1001 "HTTP/1.1 200 OK"
2026-09-25 22:36:47,713 INFO    HTTP Request: GET http://localhost:9000/wp-json/wc/store/v1/products/1001 "HTTP/1.1 200 OK"
2026-09-25 22:36:47,720 INFO    HTTP Request: GET http://localhost:9000/wp-json/wc/store/v1/products/1001 "HTTP/1.1 200 OK"
2026-09-25 22:36:47,774 INFO    HTTP Request: GET http://localhost:9000/wp-json/wc/store/v1/products/1001 "HTTP/1.1 200 OK"
2026-09-25 22:36:47,778 INFO    HTTP Request: GET http://localhost:9000/wp-json/wc/store/v1/products/1001 "HTTP/1.1 200 OK"
2026-09-25 22:36:47,831 INFO    HTTP Request: GET http://localhost:9000/wp-json/wc/store/v1/products/1001 "HTTP/1.1 200 OK"
2026-09-25 22:36:47,834 INFO    HTTP Request: GET http://localhost:9000/wp-json/wc/store/v1/products/1001 "HTTP/1.1 200 OK"
2026-09-25 22:36:47,894 INFO    HTTP Request: GET http://localhost:9000/wp-json/wc/store/v1/products/1001 "HTTP/1.1 200 OK"
2026-09-25 22:36:47,900 INFO    HTTP Request: GET http://localhost:9000/wp-json/wc/store/v1/products/1001 "HTTP/1.1 200 OK"
2026-09-25 22:36:47,961 INFO    HTTP Request: GET http://localhost:9000/wp-json/wc/store/v1/products/1001 "HTTP/1.1 200 OK"
2026-09-25 22:36:47,973 INFO    HTTP Request: GET http://localhost:9000/wp-json/wc/store/v1/products/1001 "HTTP/1.1 200 OK"
2026-09-25 22:36:48,029 INFO    HTTP Request: GET http://localhost:9000/wp-json/wc/store/v1/products/1001 "HTTP/1.1 200 OK"
2026-09-25 22:36:48,033 INFO    HTTP Request: GET http://localhost:9000/wp-json/wc/store/v1/products/1001 "HTTP/1.1 200 OK"
2026-09-25 22:36:48,090 INFO    HTTP Request: GET http://localhost:9000/wp-json/wc/store/v1/products/1001 "HTTP/1.1 200 OK"
2026-09-25 22:36:48,094 INFO    HTTP Request: GET http://localhost:9000/wp-json/wc/store/v1/products/1001 "HTTP/1.1 200 OK"
2026-09-25 22:36:48,151 INFO    HTTP Request: GET http://localhost:9000/wp-json/wc/store/v1/products/1001 "HTTP/1.1 200 OK"
2026-09-25 22:36:48,157 INFO    HTTP Request: GET http://localhost:9000/wp-json/wc/store/v1/products/1001 "HTTP/1.1 200 OK"
2026-09-25 22:36:48,211 INFO    HTTP Request: GET http://localhost:9000/wp-json/wc/store/v1/products/1001 "HTTP/1.1 200 OK"
2026-09-25 22:36:48,215 INFO    HTTP Request: GET http://localhost:9000/wp-json/wc/store/v1/products/1001 "HTTP/1.1 200 OK"
2026-09-25 22:36:48,272 INFO    HTTP Request: GET http://localhost:9000/wp-json/wc/store/v1/products/1001 "HTTP/1.1 200 OK"
2026-09-25 22:36:48,276 INFO    HTTP Request: GET http://localhost:9000/wp-json/wc/store/v1/products/1001 "HTTP/1.1 200 OK"
2026-09-25 22:36:48,330 INFO    HTTP Request: GET http://localhost:9000/wp-json/wc/store/v1/products/1001 "HTTP/1.1 200 OK"
2026-09-25 22:36:48,336 INFO    HTTP Request: GET http://localhost:9000/wp-json/wc/store/v1/products/1001 "HTTP/1.1 200 OK"
2026-09-25 22:36:48,392 INFO    HTTP Request: GET http://localhost:9000/wp-json/wc/store/v1/products/1001 "HTTP/1.1 200 OK"
2026-09-25 22:36:48,396 INFO    HTTP Request: GET http://localhost:9000/wp-json/wc/store/v1/products/1001 "HTTP/1.1 200 OK"
2026-09-25 22:36:48,451 INFO    HTTP Request: GET http://localhost:9000/wp-json/wc/store/v1/products/1001 "HTTP/1.1 200 OK"
2026-09-25 22:36:48,458 INFO    HTTP Request: GET http://localhost:9000/wp-json/wc/store/v1/products/1001 "HTTP/1.1 200 OK"
2026-09-25 22:36:48,512 INFO    HTTP Request: GET http://localhost:9000/wp-json/wc/store/v1/products/1001 "HTTP/1.1 200 OK"
2026-09-25 22:36:48,516 INFO    HTTP Request: GET http://localhost:9000/wp-json/wc/store/v1/products/1001 "HTTP/1.1 200 OK"
2026-09-25 22:36:48,574 INFO    HTTP Request: GET http://localhost:9000/wp-json/wc/store/v1/products/1001 "HTTP/1.1 200 OK"
2026-09-25 22:36:48,578 INFO    HTTP Request: GET http://localhost:9000/wp-json/wc/store/v1/products/1001 "HTTP/1.1 200 OK"
2026-09-25 22:36:48,633 INFO    HTTP Request: GET http://localhost:9000/wp-json/wc/store/v1/products/1001 "HTTP/1.1 200 OK"
2026-09-25 22:36:48,639 INFO    HTTP Request: GET http://localhost:9000/wp-json/wc/store/v1/products/1001 "HTTP/1.1 200 OK"
2026-09-25 22:36:48,695 INFO    HTTP Request: GET http://localhost:9000/wp-json/wc/store/v1/products/1001 "HTTP/1.1 200 OK"
2026-09-25 22:36:48,699 INFO    HTTP Request: GET http://localhost:9000/wp-json/wc/store/v1/products/1001 "HTTP/1.1 200 OK"
2026-09-25 22:36:48,754 INFO    HTTP Request: GET http://localhost:9000/wp-json/wc/store/v1/products/1001 "HTTP/1.1 200 OK"
2026-09-25 22:36:48,758 INFO    HTTP Request: GET http://localhost:9000/wp-json/wc/store/v1/products/1001 "HTTP/1.1 200 OK"
2026-09-25 22:36:48,811 INFO    HTTP Request: GET http://localhost:9000/wp-json/wc/store/v1/products/1001 "HTTP/1.1 200 OK"
2026-09-25 22:36:48,815 INFO    HTTP Request: GET http://localhost:9000/wp-json/wc/store/v1/products/1001 "HTTP/1.1 200 OK"
2026-09-25 22:36:48,872 INFO    HTTP Request: GET http://localhost:9000/wp-json/wc/store/v1/products/1001 "HTTP/1.1 200 OK"
2026-09-25 22:36:48,876 INFO    HTTP Request: GET http://localhost:9000/wp-json/wc/store/v1/products/1001 "HTTP/1.1 200 OK"
2026-09-25 22:36:48,932 INFO    HTTP Request: GET http://localhost:9000/wp-json/wc/store/v1/products/1001 "HTTP/1.1 200 OK"
2026-09-25 22:36:48,941 INFO    HTTP Request: GET http://localhost:9000/wp-json/wc/store/v1/products/1001 "HTTP/1.1 200 OK"
2026-09-25 22:36:48,999 INFO    HTTP Request: GET http://localhost:9000/wp-json/wc/store/v1/products/1001 "HTTP/1.1 200 OK"
2026-09-25 22:36:49,010 INFO    HTTP Request: GET http://localhost:9000/wp-json/wc/store/v1/products/1001 "HTTP/1.1 200 OK"
2026-09-25 22:36:49,066 INFO    HTTP Request: GET http://localhost:9000/wp-json/wc/store/v1/products/1001 "HTTP/1.1 200 OK"
2026-09-25 22:36:49,070 INFO    HTTP Request: GET http://localhost:9000/wp-json/wc/store/v1/products/1001 "HTTP/1.1 200 OK"
2026-09-25 22:36:49,072 INFO    [1001] price 1,515,000 (my_last=1,505,000, bids=10, rem=47.9s)
2026-09-25 22:36:49,082 INFO    HTTP Request: POST http://localhost:9000/wp-admin/admin-ajax "HTTP/1.1 200 OK"
2026-09-25 22:36:49,087 INFO    [1001] fire 1,520,000 (contest) → success=True (0.008s)
2026-09-25 22:36:49,142 INFO    HTTP Request: GET http://localhost:9000/wp-json/wc/store/v1/products/1001 "HTTP/1.1 200 OK"
2026-09-25 22:36:49,145 INFO    HTTP Request: GET http://localhost:9000/wp-json/wc/store/v1/products/1001 "HTTP/1.1 200 OK"
2026-09-25 22:36:49,146 INFO    [1001] propagation 0.050s (bid=1,520,000 now_visible)
2026-09-25 22:36:49,146 INFO    [1001] price 1,520,000 (my_last=1,520,000, bids=11, rem=47.8s)
2026-09-25 22:36:49,198 INFO    HTTP Request: GET http://localhost:9000/wp-json/wc/store/v1/products/1001 "HTTP/1.1 200 OK"
2026-09-25 22:36:49,202 INFO    HTTP Request: GET http://localhost:9000/wp-json/wc/store/v1/products/1001 "HTTP/1.1 200 OK"
2026-09-25 22:36:49,255 INFO    HTTP Request: GET http://localhost:9000/wp-json/wc/store/v1/products/1001 "HTTP/1.1 200 OK"
2026-09-25 22:36:49,257 INFO    HTTP Request: GET http://localhost:9000/wp-json/wc/store/v1/products/1001 "HTTP/1.1 200 OK"
2026-09-25 22:36:49,310 INFO    HTTP Request: GET http://localhost:9000/wp-json/wc/store/v1/products/1001 "HTTP/1.1 200 OK"
2026-09-25 22:36:49,312 INFO    HTTP Request: GET http://localhost:9000/wp-json/wc/store/v1/products/1001 "HTTP/1.1 200 OK"
2026-09-25 22:36:49,365 INFO    HTTP Request: GET http://localhost:9000/wp-json/wc/store/v1/products/1001 "HTTP/1.1 200 OK"
2026-09-25 22:36:49,373 INFO    HTTP Request: GET http://localhost:9000/wp-json/wc/store/v1/products/1001 "HTTP/1.1 200 OK"
2026-09-25 22:36:49,427 INFO    HTTP Request: GET http://localhost:9000/wp-json/wc/store/v1/products/1001 "HTTP/1.1 200 OK"
2026-09-25 22:36:49,430 INFO    HTTP Request: GET http://localhost:9000/wp-json/wc/store/v1/products/1001 "HTTP/1.1 200 OK"
2026-09-25 22:36:49,484 INFO    HTTP Request: GET http://localhost:9000/wp-json/wc/store/v1/products/1001 "HTTP/1.1 200 OK"
2026-09-25 22:36:49,492 INFO    HTTP Request: GET http://localhost:9000/wp-json/wc/store/v1/products/1001 "HTTP/1.1 200 OK"
2026-09-25 22:36:49,545 INFO    HTTP Request: GET http://localhost:9000/wp-json/wc/store/v1/products/1001 "HTTP/1.1 200 OK"
2026-09-25 22:36:49,547 INFO    HTTP Request: GET http://localhost:9000/wp-json/wc/store/v1/products/1001 "HTTP/1.1 200 OK"
2026-09-25 22:36:49,599 INFO    HTTP Request: GET http://localhost:9000/wp-json/wc/store/v1/products/1001 "HTTP/1.1 200 OK"
2026-09-25 22:36:49,605 INFO    HTTP Request: GET http://localhost:9000/wp-json/wc/store/v1/products/1001 "HTTP/1.1 200 OK"
2026-09-25 22:36:49,657 INFO    HTTP Request: GET http://localhost:9000/wp-json/wc/store/v1/products/1001 "HTTP/1.1 200 OK"
2026-09-25 22:36:49,659 INFO    HTTP Request: GET http://localhost:9000/wp-json/wc/store/v1/products/1001 "HTTP/1.1 200 OK"
2026-09-25 22:36:49,711 INFO    HTTP Request: GET http://localhost:9000/wp-json/wc/store/v1/products/1001 "HTTP/1.1 200 OK"
2026-09-25 22:36:49,713 INFO    HTTP Request: GET http://localhost:9000/wp-json/wc/store/v1/products/1001 "HTTP/1.1 200 OK"
2026-09-25 22:36:49,766 INFO    HTTP Request: GET http://localhost:9000/wp-json/wc/store/v1/products/1001 "HTTP/1.1 200 OK"
2026-09-25 22:36:49,774 INFO    HTTP Request: GET http://localhost:9000/wp-json/wc/store/v1/products/1001 "HTTP/1.1 200 OK"
2026-09-25 22:36:49,827 INFO    HTTP Request: GET http://localhost:9000/wp-json/wc/store/v1/products/1001 "HTTP/1.1 200 OK"
2026-09-25 22:36:49,829 INFO    HTTP Request: GET http://localhost:9000/wp-json/wc/store/v1/products/1001 "HTTP/1.1 200 OK"
2026-09-25 22:36:49,882 INFO    HTTP Request: GET http://localhost:9000/wp-json/wc/store/v1/products/1001 "HTTP/1.1 200 OK"
2026-09-25 22:36:49,887 INFO    HTTP Request: GET http://localhost:9000/wp-json/wc/store/v1/products/1001 "HTTP/1.1 200 OK"
2026-09-25 22:36:49,941 INFO    HTTP Request: GET http://localhost:9000/wp-json/wc/store/v1/products/1001 "HTTP/1.1 200 OK"
2026-09-25 22:36:49,944 INFO    HTTP Request: GET http://localhost:9000/wp-json/wc/store/v1/products/1001 "HTTP/1.1 200 OK"
2026-09-25 22:36:49,997 INFO    HTTP Request: GET http://localhost:9000/wp-json/wc/store/v1/products/1001 "HTTP/1.1 200 OK"
2026-09-25 22:36:50,000 INFO    HTTP Request: GET http://localhost:9000/wp-json/wc/store/v1/products/1001 "HTTP/1.1 200 OK"
2026-09-25 22:36:50,059 INFO    HTTP Request: GET http://localhost:9000/wp-json/wc/store/v1/products/1001 "HTTP/1.1 200 OK"
2026-09-25 22:36:50,065 INFO    HTTP Request: GET http://localhost:9000/wp-json/wc/store/v1/products/1001 "HTTP/1.1 200 OK"
2026-09-25 22:36:50,123 INFO    HTTP Request: GET http://localhost:9000/wp-json/wc/store/v1/products/1001 "HTTP/1.1 200 OK"
2026-09-25 22:36:50,129 INFO    HTTP Request: GET http://localhost:9000/wp-json/wc/store/v1/products/1001 "HTTP/1.1 200 OK"
2026-09-25 22:36:50,189 INFO    HTTP Request: GET http://localhost:9000/wp-json/wc/store/v1/products/1001 "HTTP/1.1 200 OK"
2026-09-25 22:36:50,192 INFO    HTTP Request: GET http://localhost:9000/wp-json/wc/store/v1/products/1001 "HTTP/1.1 200 OK"
2026-09-25 22:36:50,244 INFO    HTTP Request: GET http://localhost:9000/wp-json/wc/store/v1/products/1001 "HTTP/1.1 200 OK"
2026-09-25 22:36:50,246 INFO    HTTP Request: GET http://localhost:9000/wp-json/wc/store/v1/products/1001 "HTTP/1.1 200 OK"
2026-09-25 22:36:50,298 INFO    HTTP Request: GET http://localhost:9000/wp-json/wc/store/v1/products/1001 "HTTP/1.1 200 OK"
2026-09-25 22:36:50,302 INFO    HTTP Request: GET http://localhost:9000/wp-json/wc/store/v1/products/1001 "HTTP/1.1 200 OK"
2026-09-25 22:36:50,357 INFO    HTTP Request: GET http://localhost:9000/wp-json/wc/store/v1/products/1001 "HTTP/1.1 200 OK"
2026-09-25 22:36:50,359 INFO    HTTP Request: GET http://localhost:9000/wp-json/wc/store/v1/products/1001 "HTTP/1.1 200 OK"
2026-09-25 22:36:50,412 INFO    HTTP Request: GET http://localhost:9000/wp-json/wc/store/v1/products/1001 "HTTP/1.1 200 OK"
2026-09-25 22:36:50,415 INFO    HTTP Request: GET http://localhost:9000/wp-json/wc/store/v1/products/1001 "HTTP/1.1 200 OK"
2026-09-25 22:36:50,471 INFO    HTTP Request: GET http://localhost:9000/wp-json/wc/store/v1/products/1001 "HTTP/1.1 200 OK"
2026-09-25 22:36:50,475 INFO    HTTP Request: GET http://localhost:9000/wp-json/wc/store/v1/products/1001 "HTTP/1.1 200 OK"
2026-09-25 22:36:50,528 INFO    HTTP Request: GET http://localhost:9000/wp-json/wc/store/v1/products/1001 "HTTP/1.1 200 OK"
2026-09-25 22:36:50,531 INFO    HTTP Request: GET http://localhost:9000/wp-json/wc/store/v1/products/1001 "HTTP/1.1 200 OK"
2026-09-25 22:36:50,587 INFO    HTTP Request: GET http://localhost:9000/wp-json/wc/store/v1/products/1001 "HTTP/1.1 200 OK"
2026-09-25 22:36:50,591 INFO    HTTP Request: GET http://localhost:9000/wp-json/wc/store/v1/products/1001 "HTTP/1.1 200 OK"
2026-09-25 22:36:50,644 INFO    HTTP Request: GET http://localhost:9000/wp-json/wc/store/v1/products/1001 "HTTP/1.1 200 OK"
2026-09-25 22:36:50,647 INFO    HTTP Request: GET http://localhost:9000/wp-json/wc/store/v1/products/1001 "HTTP/1.1 200 OK"
2026-09-25 22:36:50,700 INFO    HTTP Request: GET http://localhost:9000/wp-json/wc/store/v1/products/1001 "HTTP/1.1 200 OK"
2026-09-25 22:36:50,705 INFO    HTTP Request: GET http://localhost:9000/wp-json/wc/store/v1/products/1001 "HTTP/1.1 200 OK"
2026-09-25 22:36:50,757 INFO    HTTP Request: GET http://localhost:9000/wp-json/wc/store/v1/products/1001 "HTTP/1.1 200 OK"
2026-09-25 22:36:50,760 INFO    HTTP Request: GET http://localhost:9000/wp-json/wc/store/v1/products/1001 "HTTP/1.1 200 OK"
2026-09-25 22:36:50,811 INFO    HTTP Request: GET http://localhost:9000/wp-json/wc/store/v1/products/1001 "HTTP/1.1 200 OK"
2026-09-25 22:36:50,813 INFO    HTTP Request: GET http://localhost:9000/wp-json/wc/store/v1/products/1001 "HTTP/1.1 200 OK"
2026-09-25 22:36:50,865 INFO    HTTP Request: GET http://localhost:9000/wp-json/wc/store/v1/products/1001 "HTTP/1.1 200 OK"
2026-09-25 22:36:50,871 INFO    HTTP Request: GET http://localhost:9000/wp-json/wc/store/v1/products/1001 "HTTP/1.1 200 OK"
2026-09-25 22:36:50,924 INFO    HTTP Request: GET http://localhost:9000/wp-json/wc/store/v1/products/1001 "HTTP/1.1 200 OK"
2026-09-25 22:36:50,926 INFO    HTTP Request: GET http://localhost:9000/wp-json/wc/store/v1/products/1001 "HTTP/1.1 200 OK"
2026-09-25 22:36:50,978 INFO    HTTP Request: GET http://localhost:9000/wp-json/wc/store/v1/products/1001 "HTTP/1.1 200 OK"
2026-09-25 22:36:50,980 INFO    HTTP Request: GET http://localhost:9000/wp-json/wc/store/v1/products/1001 "HTTP/1.1 200 OK"
2026-09-25 22:36:51,032 INFO    HTTP Request: GET http://localhost:9000/wp-json/wc/store/v1/products/1001 "HTTP/1.1 200 OK"
2026-09-25 22:36:51,041 INFO    HTTP Request: GET http://localhost:9000/wp-json/wc/store/v1/products/1001 "HTTP/1.1 200 OK"
2026-09-25 22:36:51,096 INFO    HTTP Request: GET http://localhost:9000/wp-json/wc/store/v1/products/1001 "HTTP/1.1 200 OK"
2026-09-25 22:36:51,098 INFO    HTTP Request: GET http://localhost:9000/wp-json/wc/store/v1/products/1001 "HTTP/1.1 200 OK"
2026-09-25 22:36:51,158 INFO    HTTP Request: GET http://localhost:9000/wp-json/wc/store/v1/products/1001 "HTTP/1.1 200 OK"
2026-09-25 22:36:51,165 INFO    HTTP Request: GET http://localhost:9000/wp-json/wc/store/v1/products/1001 "HTTP/1.1 200 OK"
2026-09-25 22:36:51,224 INFO    HTTP Request: GET http://localhost:9000/wp-json/wc/store/v1/products/1001 "HTTP/1.1 200 OK"
2026-09-25 22:36:51,227 INFO    HTTP Request: GET http://localhost:9000/wp-json/wc/store/v1/products/1001 "HTTP/1.1 200 OK"
2026-09-25 22:36:51,280 INFO    HTTP Request: GET http://localhost:9000/wp-json/wc/store/v1/products/1001 "HTTP/1.1 200 OK"
2026-09-25 22:36:51,282 INFO    HTTP Request: GET http://localhost:9000/wp-json/wc/store/v1/products/1001 "HTTP/1.1 200 OK"
2026-09-25 22:36:51,338 INFO    HTTP Request: GET http://localhost:9000/wp-json/wc/store/v1/products/1001 "HTTP/1.1 200 OK"
2026-09-25 22:36:51,341 INFO    HTTP Request: GET http://localhost:9000/wp-json/wc/store/v1/products/1001 "HTTP/1.1 200 OK"
2026-09-25 22:36:51,393 INFO    HTTP Request: GET http://localhost:9000/wp-json/wc/store/v1/products/1001 "HTTP/1.1 200 OK"
2026-09-25 22:36:51,395 INFO    HTTP Request: GET http://localhost:9000/wp-json/wc/store/v1/products/1001 "HTTP/1.1 200 OK"
2026-09-25 22:36:51,447 INFO    HTTP Request: GET http://localhost:9000/wp-json/wc/store/v1/products/1001 "HTTP/1.1 200 OK"
2026-09-25 22:36:51,450 INFO    HTTP Request: GET http://localhost:9000/wp-json/wc/store/v1/products/1001 "HTTP/1.1 200 OK"
2026-09-25 22:36:51,506 INFO    HTTP Request: GET http://localhost:9000/wp-json/wc/store/v1/products/1001 "HTTP/1.1 200 OK"
2026-09-25 22:36:51,509 INFO    HTTP Request: GET http://localhost:9000/wp-json/wc/store/v1/products/1001 "HTTP/1.1 200 OK"
2026-09-25 22:36:51,561 INFO    HTTP Request: GET http://localhost:9000/wp-json/wc/store/v1/products/1001 "HTTP/1.1 200 OK"
2026-09-25 22:36:51,565 INFO    HTTP Request: GET http://localhost:9000/wp-json/wc/store/v1/products/1001 "HTTP/1.1 200 OK"
2026-09-25 22:36:51,619 INFO    HTTP Request: GET http://localhost:9000/wp-json/wc/store/v1/products/1001 "HTTP/1.1 200 OK"
2026-09-25 22:36:51,623 INFO    HTTP Request: GET http://localhost:9000/wp-json/wc/store/v1/products/1001 "HTTP/1.1 200 OK"
2026-09-25 22:36:51,676 INFO    HTTP Request: GET http://localhost:9000/wp-json/wc/store/v1/products/1001 "HTTP/1.1 200 OK"
2026-09-25 22:36:51,678 INFO    HTTP Request: GET http://localhost:9000/wp-json/wc/store/v1/products/1001 "HTTP/1.1 200 OK"
2026-09-25 22:36:51,736 INFO    HTTP Request: GET http://localhost:9000/wp-json/wc/store/v1/products/1001 "HTTP/1.1 200 OK"
2026-09-25 22:36:51,743 INFO    HTTP Request: GET http://localhost:9000/wp-json/wc/store/v1/products/1001 "HTTP/1.1 200 OK"
2026-09-25 22:36:51,807 INFO    HTTP Request: GET http://localhost:9000/wp-json/wc/store/v1/products/1001 "HTTP/1.1 200 OK"
2026-09-25 22:36:51,812 INFO    HTTP Request: GET http://localhost:9000/wp-json/wc/store/v1/products/1001 "HTTP/1.1 200 OK"
2026-09-25 22:36:51,874 INFO    HTTP Request: GET http://localhost:9000/wp-json/wc/store/v1/products/1001 "HTTP/1.1 200 OK"
2026-09-25 22:36:51,882 INFO    HTTP Request: GET http://localhost:9000/wp-json/wc/store/v1/products/1001 "HTTP/1.1 200 OK"
2026-09-25 22:36:51,943 INFO    HTTP Request: GET http://localhost:9000/wp-json/wc/store/v1/products/1001 "HTTP/1.1 200 OK"
2026-09-25 22:36:51,946 INFO    HTTP Request: GET http://localhost:9000/wp-json/wc/store/v1/products/1001 "HTTP/1.1 200 OK"
2026-09-25 22:36:51,998 INFO    HTTP Request: GET http://localhost:9000/wp-json/wc/store/v1/products/1001 "HTTP/1.1 200 OK"
2026-09-25 22:36:52,005 INFO    HTTP Request: GET http://localhost:9000/wp-json/wc/store/v1/products/1001 "HTTP/1.1 200 OK"
2026-09-25 22:36:52,058 INFO    HTTP Request: GET http://localhost:9000/wp-json/wc/store/v1/products/1001 "HTTP/1.1 200 OK"
2026-09-25 22:36:52,060 INFO    HTTP Request: GET http://localhost:9000/wp-json/wc/store/v1/products/1001 "HTTP/1.1 200 OK"
2026-09-25 22:36:52,112 INFO    HTTP Request: GET http://localhost:9000/wp-json/wc/store/v1/products/1001 "HTTP/1.1 200 OK"
2026-09-25 22:36:52,115 INFO    HTTP Request: GET http://localhost:9000/wp-json/wc/store/v1/products/1001 "HTTP/1.1 200 OK"
2026-09-25 22:36:52,171 INFO    HTTP Request: GET http://localhost:9000/wp-json/wc/store/v1/products/1001 "HTTP/1.1 200 OK"
2026-09-25 22:36:52,173 INFO    HTTP Request: GET http://localhost:9000/wp-json/wc/store/v1/products/1001 "HTTP/1.1 200 OK"
2026-09-25 22:36:52,226 INFO    HTTP Request: GET http://localhost:9000/wp-json/wc/store/v1/products/1001 "HTTP/1.1 200 OK"
2026-09-25 22:36:52,229 INFO    HTTP Request: GET http://localhost:9000/wp-json/wc/store/v1/products/1001 "HTTP/1.1 200 OK"
2026-09-25 22:36:52,282 INFO    HTTP Request: GET http://localhost:9000/wp-json/wc/store/v1/products/1001 "HTTP/1.1 200 OK"
2026-09-25 22:36:52,287 INFO    HTTP Request: GET http://localhost:9000/wp-json/wc/store/v1/products/1001 "HTTP/1.1 200 OK"
2026-09-25 22:36:52,340 INFO    HTTP Request: GET http://localhost:9000/wp-json/wc/store/v1/products/1001 "HTTP/1.1 200 OK"
2026-09-25 22:36:52,343 INFO    HTTP Request: GET http://localhost:9000/wp-json/wc/store/v1/products/1001 "HTTP/1.1 200 OK"
2026-09-25 22:36:52,396 INFO    HTTP Request: GET http://localhost:9000/wp-json/wc/store/v1/products/1001 "HTTP/1.1 200 OK"
2026-09-25 22:36:52,399 INFO    HTTP Request: GET http://localhost:9000/wp-json/wc/store/v1/products/1001 "HTTP/1.1 200 OK"
2026-09-25 22:36:52,400 INFO    [1001] summary: mode=contest tail=300ms rem=44.6s reads=50 p50=3ms p95=11ms writes=11 p50=6ms p95=9ms prop=11 p50=50ms p95=51ms bids=11 last=1,520,000 current=1,520,000
2026-09-25 22:36:52,456 INFO    HTTP Request: GET http://localhost:9000/wp-json/wc/store/v1/products/1001 "HTTP/1.1 200 OK"
2026-09-25 22:36:52,459 INFO    HTTP Request: GET http://localhost:9000/wp-json/wc/store/v1/products/1001 "HTTP/1.1 200 OK"
2026-09-25 22:36:52,512 INFO    HTTP Request: GET http://localhost:9000/wp-json/wc/store/v1/products/1001 "HTTP/1.1 200 OK"
2026-09-25 22:36:52,515 INFO    HTTP Request: GET http://localhost:9000/wp-json/wc/store/v1/products/1001 "HTTP/1.1 200 OK"
2026-09-25 22:36:52,572 INFO    HTTP Request: GET http://localhost:9000/wp-json/wc/store/v1/products/1001 "HTTP/1.1 200 OK"
2026-09-25 22:36:52,575 INFO    HTTP Request: GET http://localhost:9000/wp-json/wc/store/v1/products/1001 "HTTP/1.1 200 OK"
2026-09-25 22:36:52,628 INFO    HTTP Request: GET http://localhost:9000/wp-json/wc/store/v1/products/1001 "HTTP/1.1 200 OK"
2026-09-25 22:36:52,631 INFO    HTTP Request: GET http://localhost:9000/wp-json/wc/store/v1/products/1001 "HTTP/1.1 200 OK"
2026-09-25 22:36:52,688 INFO    HTTP Request: GET http://localhost:9000/wp-json/wc/store/v1/products/1001 "HTTP/1.1 200 OK"
2026-09-25 22:36:52,691 INFO    HTTP Request: GET http://localhost:9000/wp-json/wc/store/v1/products/1001 "HTTP/1.1 200 OK"
2026-09-25 22:36:52,748 INFO    HTTP Request: GET http://localhost:9000/wp-json/wc/store/v1/products/1001 "HTTP/1.1 200 OK"
2026-09-25 22:36:52,755 INFO    HTTP Request: GET http://localhost:9000/wp-json/wc/store/v1/products/1001 "HTTP/1.1 200 OK"
2026-09-25 22:36:52,812 INFO    HTTP Request: GET http://localhost:9000/wp-json/wc/store/v1/products/1001 "HTTP/1.1 200 OK"
2026-09-25 22:36:52,814 INFO    HTTP Request: GET http://localhost:9000/wp-json/wc/store/v1/products/1001 "HTTP/1.1 200 OK"
2026-09-25 22:36:52,866 INFO    HTTP Request: GET http://localhost:9000/wp-json/wc/store/v1/products/1001 "HTTP/1.1 200 OK"
2026-09-25 22:36:52,870 INFO    HTTP Request: GET http://localhost:9000/wp-json/wc/store/v1/products/1001 "HTTP/1.1 200 OK"
2026-09-25 22:36:52,922 INFO    HTTP Request: GET http://localhost:9000/wp-json/wc/store/v1/products/1001 "HTTP/1.1 200 OK"
2026-09-25 22:36:52,925 INFO    HTTP Request: GET http://localhost:9000/wp-json/wc/store/v1/products/1001 "HTTP/1.1 200 OK"
2026-09-25 22:36:52,977 INFO    HTTP Request: GET http://localhost:9000/wp-json/wc/store/v1/products/1001 "HTTP/1.1 200 OK"
2026-09-25 22:36:52,979 INFO    HTTP Request: GET http://localhost:9000/wp-json/wc/store/v1/products/1001 "HTTP/1.1 200 OK"
2026-09-25 22:36:53,031 INFO    HTTP Request: GET http://localhost:9000/wp-json/wc/store/v1/products/1001 "HTTP/1.1 200 OK"
2026-09-25 22:36:53,034 INFO    HTTP Request: GET http://localhost:9000/wp-json/wc/store/v1/products/1001 "HTTP/1.1 200 OK"
2026-09-25 22:36:53,090 INFO    HTTP Request: GET http://localhost:9000/wp-json/wc/store/v1/products/1001 "HTTP/1.1 200 OK"
2026-09-25 22:36:53,092 INFO    HTTP Request: GET http://localhost:9000/wp-json/wc/store/v1/products/1001 "HTTP/1.1 200 OK"
2026-09-25 22:36:53,148 INFO    HTTP Request: GET http://localhost:9000/wp-json/wc/store/v1/products/1001 "HTTP/1.1 200 OK"
2026-09-25 22:36:53,160 INFO    HTTP Request: GET http://localhost:9000/wp-json/wc/store/v1/products/1001 "HTTP/1.1 200 OK"
2026-09-25 22:36:53,216 INFO    HTTP Request: GET http://localhost:9000/wp-json/wc/store/v1/products/1001 "HTTP/1.1 200 OK"
2026-09-25 22:36:53,229 INFO    HTTP Request: GET http://localhost:9000/wp-json/wc/store/v1/products/1001 "HTTP/1.1 200 OK"
2026-09-25 22:36:53,289 INFO    HTTP Request: GET http://localhost:9000/wp-json/wc/store/v1/products/1001 "HTTP/1.1 200 OK"
2026-09-25 22:36:53,305 INFO    HTTP Request: GET http://localhost:9000/wp-json/wc/store/v1/products/1001 "HTTP/1.1 200 OK"
2026-09-25 22:36:53,361 INFO    HTTP Request: GET http://localhost:9000/wp-json/wc/store/v1/products/1001 "HTTP/1.1 200 OK"
2026-09-25 22:36:53,364 INFO    HTTP Request: GET http://localhost:9000/wp-json/wc/store/v1/products/1001 "HTTP/1.1 200 OK"
2026-09-25 22:36:53,422 INFO    HTTP Request: GET http://localhost:9000/wp-json/wc/store/v1/products/1001 "HTTP/1.1 200 OK"
2026-09-25 22:36:53,425 INFO    HTTP Request: GET http://localhost:9000/wp-json/wc/store/v1/products/1001 "HTTP/1.1 200 OK"
2026-09-25 22:36:53,481 INFO    HTTP Request: GET http://localhost:9000/wp-json/wc/store/v1/products/1001 "HTTP/1.1 200 OK"
2026-09-25 22:36:53,491 INFO    HTTP Request: GET http://localhost:9000/wp-json/wc/store/v1/products/1001 "HTTP/1.1 200 OK"
2026-09-25 22:36:53,547 INFO    HTTP Request: GET http://localhost:9000/wp-json/wc/store/v1/products/1001 "HTTP/1.1 200 OK"
2026-09-25 22:36:53,559 INFO    HTTP Request: GET http://localhost:9000/wp-json/wc/store/v1/products/1001 "HTTP/1.1 200 OK"
2026-09-25 22:36:53,613 INFO    HTTP Request: GET http://localhost:9000/wp-json/wc/store/v1/products/1001 "HTTP/1.1 200 OK"
2026-09-25 22:36:53,621 INFO    HTTP Request: GET http://localhost:9000/wp-json/wc/store/v1/products/1001 "HTTP/1.1 200 OK"
2026-09-25 22:36:53,675 INFO    HTTP Request: GET http://localhost:9000/wp-json/wc/store/v1/products/1001 "HTTP/1.1 200 OK"
2026-09-25 22:36:53,678 INFO    HTTP Request: GET http://localhost:9000/wp-json/wc/store/v1/products/1001 "HTTP/1.1 200 OK"
2026-09-25 22:36:53,731 INFO    HTTP Request: GET http://localhost:9000/wp-json/wc/store/v1/products/1001 "HTTP/1.1 200 OK"
2026-09-25 22:36:53,736 INFO    HTTP Request: GET http://localhost:9000/wp-json/wc/store/v1/products/1001 "HTTP/1.1 200 OK"
2026-09-25 22:36:53,790 INFO    HTTP Request: GET http://localhost:9000/wp-json/wc/store/v1/products/1001 "HTTP/1.1 200 OK"
2026-09-25 22:36:53,793 INFO    HTTP Request: GET http://localhost:9000/wp-json/wc/store/v1/products/1001 "HTTP/1.1 200 OK"
2026-09-25 22:36:53,861 INFO    HTTP Request: GET http://localhost:9000/wp-json/wc/store/v1/products/1001 "HTTP/1.1 200 OK"
2026-09-25 22:36:53,872 INFO    HTTP Request: GET http://localhost:9000/wp-json/wc/store/v1/products/1001 "HTTP/1.1 200 OK"
2026-09-25 22:36:53,928 INFO    HTTP Request: GET http://localhost:9000/wp-json/wc/store/v1/products/1001 "HTTP/1.1 200 OK"
2026-09-25 22:36:53,941 INFO    HTTP Request: GET http://localhost:9000/wp-json/wc/store/v1/products/1001 "HTTP/1.1 200 OK"
2026-09-25 22:36:53,998 INFO    HTTP Request: GET http://localhost:9000/wp-json/wc/store/v1/products/1001 "HTTP/1.1 200 OK"
2026-09-25 22:36:54,004 INFO    HTTP Request: GET http://localhost:9000/wp-json/wc/store/v1/products/1001 "HTTP/1.1 200 OK"
2026-09-25 22:36:54,057 INFO    HTTP Request: GET http://localhost:9000/wp-json/wc/store/v1/products/1001 "HTTP/1.1 200 OK"
2026-09-25 22:36:54,059 INFO    HTTP Request: GET http://localhost:9000/wp-json/wc/store/v1/products/1001 "HTTP/1.1 200 OK"
2026-09-25 22:36:54,111 INFO    HTTP Request: GET http://localhost:9000/wp-json/wc/store/v1/products/1001 "HTTP/1.1 200 OK"
2026-09-25 22:36:54,113 INFO    HTTP Request: GET http://localhost:9000/wp-json/wc/store/v1/products/1001 "HTTP/1.1 200 OK"
2026-09-25 22:36:54,165 INFO    HTTP Request: GET http://localhost:9000/wp-json/wc/store/v1/products/1001 "HTTP/1.1 200 OK"
2026-09-25 22:36:54,171 INFO    HTTP Request: GET http://localhost:9000/wp-json/wc/store/v1/products/1001 "HTTP/1.1 200 OK"
2026-09-25 22:36:54,224 INFO    HTTP Request: GET http://localhost:9000/wp-json/wc/store/v1/products/1001 "HTTP/1.1 200 OK"
2026-09-25 22:36:54,227 INFO    HTTP Request: GET http://localhost:9000/wp-json/wc/store/v1/products/1001 "HTTP/1.1 200 OK"
2026-09-25 22:36:54,282 INFO    HTTP Request: GET http://localhost:9000/wp-json/wc/store/v1/products/1001 "HTTP/1.1 200 OK"
2026-09-25 22:36:54,291 INFO    HTTP Request: GET http://localhost:9000/wp-json/wc/store/v1/products/1001 "HTTP/1.1 200 OK"
2026-09-25 22:36:54,348 INFO    HTTP Request: GET http://localhost:9000/wp-json/wc/store/v1/products/1001 "HTTP/1.1 200 OK"
2026-09-25 22:36:54,358 INFO    HTTP Request: GET http://localhost:9000/wp-json/wc/store/v1/products/1001 "HTTP/1.1 200 OK"
2026-09-25 22:36:54,412 INFO    HTTP Request: GET http://localhost:9000/wp-json/wc/store/v1/products/1001 "HTTP/1.1 200 OK"
2026-09-25 22:36:54,414 INFO    HTTP Request: GET http://localhost:9000/wp-json/wc/store/v1/products/1001 "HTTP/1.1 200 OK"
2026-09-25 22:36:54,469 INFO    HTTP Request: GET http://localhost:9000/wp-json/wc/store/v1/products/1001 "HTTP/1.1 200 OK"
2026-09-25 22:36:54,473 INFO    HTTP Request: GET http://localhost:9000/wp-json/wc/store/v1/products/1001 "HTTP/1.1 200 OK"
2026-09-25 22:36:54,525 INFO    HTTP Request: GET http://localhost:9000/wp-json/wc/store/v1/products/1001 "HTTP/1.1 200 OK"
2026-09-25 22:36:54,528 INFO    HTTP Request: GET http://localhost:9000/wp-json/wc/store/v1/products/1001 "HTTP/1.1 200 OK"
2026-09-25 22:36:54,580 INFO    HTTP Request: GET http://localhost:9000/wp-json/wc/store/v1/products/1001 "HTTP/1.1 200 OK"
2026-09-25 22:36:54,582 INFO    HTTP Request: GET http://localhost:9000/wp-json/wc/store/v1/products/1001 "HTTP/1.1 200 OK"
2026-09-25 22:36:54,639 INFO    HTTP Request: GET http://localhost:9000/wp-json/wc/store/v1/products/1001 "HTTP/1.1 200 OK"
2026-09-25 22:36:54,642 INFO    HTTP Request: GET http://localhost:9000/wp-json/wc/store/v1/products/1001 "HTTP/1.1 200 OK"
2026-09-25 22:36:54,696 INFO    HTTP Request: GET http://localhost:9000/wp-json/wc/store/v1/products/1001 "HTTP/1.1 200 OK"
2026-09-25 22:36:54,700 INFO    HTTP Request: GET http://localhost:9000/wp-json/wc/store/v1/products/1001 "HTTP/1.1 200 OK"
2026-09-25 22:36:54,759 INFO    HTTP Request: GET http://localhost:9000/wp-json/wc/store/v1/products/1001 "HTTP/1.1 200 OK"
2026-09-25 22:36:54,761 INFO    HTTP Request: GET http://localhost:9000/wp-json/wc/store/v1/products/1001 "HTTP/1.1 200 OK"
2026-09-25 22:36:54,814 INFO    HTTP Request: GET http://localhost:9000/wp-json/wc/store/v1/products/1001 "HTTP/1.1 200 OK"
2026-09-25 22:36:54,817 INFO    HTTP Request: GET http://localhost:9000/wp-json/wc/store/v1/products/1001 "HTTP/1.1 200 OK"
2026-09-25 22:36:54,876 INFO    HTTP Request: GET http://localhost:9000/wp-json/wc/store/v1/products/1001 "HTTP/1.1 200 OK"
2026-09-25 22:36:54,880 INFO    HTTP Request: GET http://localhost:9000/wp-json/wc/store/v1/products/1001 "HTTP/1.1 200 OK"
2026-09-25 22:36:54,932 INFO    HTTP Request: GET http://localhost:9000/wp-json/wc/store/v1/products/1001 "HTTP/1.1 200 OK"
2026-09-25 22:36:54,940 INFO    HTTP Request: GET http://localhost:9000/wp-json/wc/store/v1/products/1001 "HTTP/1.1 200 OK"
2026-09-25 22:36:54,994 INFO    HTTP Request: GET http://localhost:9000/wp-json/wc/store/v1/products/1001 "HTTP/1.1 200 OK"
2026-09-25 22:36:54,996 INFO    HTTP Request: GET http://localhost:9000/wp-json/wc/store/v1/products/1001 "HTTP/1.1 200 OK"
2026-09-25 22:36:55,049 INFO    HTTP Request: GET http://localhost:9000/wp-json/wc/store/v1/products/1001 "HTTP/1.1 200 OK"
2026-09-25 22:36:55,057 INFO    HTTP Request: GET http://localhost:9000/wp-json/wc/store/v1/products/1001 "HTTP/1.1 200 OK"
2026-09-25 22:36:55,112 INFO    HTTP Request: GET http://localhost:9000/wp-json/wc/store/v1/products/1001 "HTTP/1.1 200 OK"
2026-09-25 22:36:55,117 INFO    HTTP Request: GET http://localhost:9000/wp-json/wc/store/v1/products/1001 "HTTP/1.1 200 OK"
2026-09-25 22:36:55,174 INFO    HTTP Request: GET http://localhost:9000/wp-json/wc/store/v1/products/1001 "HTTP/1.1 200 OK"
2026-09-25 22:36:55,178 INFO    HTTP Request: GET http://localhost:9000/wp-json/wc/store/v1/products/1001 "HTTP/1.1 200 OK"
2026-09-25 22:36:55,231 INFO    HTTP Request: GET http://localhost:9000/wp-json/wc/store/v1/products/1001 "HTTP/1.1 200 OK"
2026-09-25 22:36:55,237 INFO    HTTP Request: GET http://localhost:9000/wp-json/wc/store/v1/products/1001 "HTTP/1.1 200 OK"
2026-09-25 22:36:55,300 INFO    HTTP Request: GET http://localhost:9000/wp-json/wc/store/v1/products/1001 "HTTP/1.1 200 OK"
2026-09-25 22:36:55,312 INFO    HTTP Request: GET http://localhost:9000/wp-json/wc/store/v1/products/1001 "HTTP/1.1 200 OK"
2026-09-25 22:36:55,374 INFO    HTTP Request: GET http://localhost:9000/wp-json/wc/store/v1/products/1001 "HTTP/1.1 200 OK"
2026-09-25 22:36:55,380 INFO    HTTP Request: GET http://localhost:9000/wp-json/wc/store/v1/products/1001 "HTTP/1.1 200 OK"
2026-09-25 22:36:55,441 INFO    HTTP Request: GET http://localhost:9000/wp-json/wc/store/v1/products/1001 "HTTP/1.1 200 OK"
2026-09-25 22:36:55,452 INFO    HTTP Request: GET http://localhost:9000/wp-json/wc/store/v1/products/1001 "HTTP/1.1 200 OK"
2026-09-25 22:36:55,507 INFO    HTTP Request: GET http://localhost:9000/wp-json/wc/store/v1/products/1001 "HTTP/1.1 200 OK"
2026-09-25 22:36:55,520 INFO    HTTP Request: GET http://localhost:9000/wp-json/wc/store/v1/products/1001 "HTTP/1.1 200 OK"
2026-09-25 22:36:55,578 INFO    HTTP Request: GET http://localhost:9000/wp-json/wc/store/v1/products/1001 "HTTP/1.1 200 OK"
2026-09-25 22:36:55,581 INFO    HTTP Request: GET http://localhost:9000/wp-json/wc/store/v1/products/1001 "HTTP/1.1 200 OK"
2026-09-25 22:36:55,634 INFO    HTTP Request: GET http://localhost:9000/wp-json/wc/store/v1/products/1001 "HTTP/1.1 200 OK"
2026-09-25 22:36:55,645 INFO    HTTP Request: GET http://localhost:9000/wp-json/wc/store/v1/products/1001 "HTTP/1.1 200 OK"
2026-09-25 22:36:55,698 INFO    HTTP Request: GET http://localhost:9000/wp-json/wc/store/v1/products/1001 "HTTP/1.1 200 OK"
2026-09-25 22:36:55,705 INFO    HTTP Request: GET http://localhost:9000/wp-json/wc/store/v1/products/1001 "HTTP/1.1 200 OK"
2026-09-25 22:36:55,760 INFO    HTTP Request: GET http://localhost:9000/wp-json/wc/store/v1/products/1001 "HTTP/1.1 200 OK"
2026-09-25 22:36:55,763 INFO    HTTP Request: GET http://localhost:9000/wp-json/wc/store/v1/products/1001 "HTTP/1.1 200 OK"
2026-09-25 22:36:55,821 INFO    HTTP Request: GET http://localhost:9000/wp-json/wc/store/v1/products/1001 "HTTP/1.1 200 OK"
2026-09-25 22:36:55,825 INFO    HTTP Request: GET http://localhost:9000/wp-json/wc/store/v1/products/1001 "HTTP/1.1 200 OK"
2026-09-25 22:36:55,879 INFO    HTTP Request: GET http://localhost:9000/wp-json/wc/store/v1/products/1001 "HTTP/1.1 200 OK"
2026-09-25 22:36:55,881 INFO    HTTP Request: GET http://localhost:9000/wp-json/wc/store/v1/products/1001 "HTTP/1.1 200 OK"
2026-09-25 22:36:55,939 INFO    HTTP Request: GET http://localhost:9000/wp-json/wc/store/v1/products/1001 "HTTP/1.1 200 OK"
2026-09-25 22:36:55,949 INFO    HTTP Request: GET http://localhost:9000/wp-json/wc/store/v1/products/1001 "HTTP/1.1 200 OK"
2026-09-25 22:36:56,007 INFO    HTTP Request: GET http://localhost:9000/wp-json/wc/store/v1/products/1001 "HTTP/1.1 200 OK"
2026-09-25 22:36:56,013 INFO    HTTP Request: GET http://localhost:9000/wp-json/wc/store/v1/products/1001 "HTTP/1.1 200 OK"
2026-09-25 22:36:56,071 INFO    HTTP Request: GET http://localhost:9000/wp-json/wc/store/v1/products/1001 "HTTP/1.1 200 OK"
2026-09-25 22:36:56,079 INFO    HTTP Request: GET http://localhost:9000/wp-json/wc/store/v1/products/1001 "HTTP/1.1 200 OK"
2026-09-25 22:36:56,136 INFO    HTTP Request: GET http://localhost:9000/wp-json/wc/store/v1/products/1001 "HTTP/1.1 200 OK"
2026-09-25 22:36:56,144 INFO    HTTP Request: GET http://localhost:9000/wp-json/wc/store/v1/products/1001 "HTTP/1.1 200 OK"
2026-09-25 22:36:56,200 INFO    HTTP Request: GET http://localhost:9000/wp-json/wc/store/v1/products/1001 "HTTP/1.1 200 OK"
2026-09-25 22:36:56,209 INFO    HTTP Request: GET http://localhost:9000/wp-json/wc/store/v1/products/1001 "HTTP/1.1 200 OK"
2026-09-25 22:36:56,261 INFO    HTTP Request: GET http://localhost:9000/wp-json/wc/store/v1/products/1001 "HTTP/1.1 200 OK"
2026-09-25 22:36:56,266 INFO    HTTP Request: GET http://localhost:9000/wp-json/wc/store/v1/products/1001 "HTTP/1.1 200 OK"
2026-09-25 22:36:56,324 INFO    HTTP Request: GET http://localhost:9000/wp-json/wc/store/v1/products/1001 "HTTP/1.1 200 OK"
2026-09-25 22:36:56,340 INFO    HTTP Request: GET http://localhost:9000/wp-json/wc/store/v1/products/1001 "HTTP/1.1 200 OK"
2026-09-25 22:36:56,394 INFO    HTTP Request: GET http://localhost:9000/wp-json/wc/store/v1/products/1001 "HTTP/1.1 200 OK"
2026-09-25 22:36:56,397 INFO    HTTP Request: GET http://localhost:9000/wp-json/wc/store/v1/products/1001 "HTTP/1.1 200 OK"
2026-09-25 22:36:56,452 INFO    HTTP Request: GET http://localhost:9000/wp-json/wc/store/v1/products/1001 "HTTP/1.1 200 OK"
2026-09-25 22:36:56,458 INFO    HTTP Request: GET http://localhost:9000/wp-json/wc/store/v1/products/1001 "HTTP/1.1 200 OK"
2026-09-25 22:36:56,514 INFO    HTTP Request: GET http://localhost:9000/wp-json/wc/store/v1/products/1001 "HTTP/1.1 200 OK"
2026-09-25 22:36:56,522 INFO    HTTP Request: GET http://localhost:9000/wp-json/wc/store/v1/products/1001 "HTTP/1.1 200 OK"
2026-09-25 22:36:56,579 INFO    HTTP Request: GET http://localhost:9000/wp-json/wc/store/v1/products/1001 "HTTP/1.1 200 OK"
2026-09-25 22:36:56,582 INFO    HTTP Request: GET http://localhost:9000/wp-json/wc/store/v1/products/1001 "HTTP/1.1 200 OK"
2026-09-25 22:36:56,642 INFO    HTTP Request: GET http://localhost:9000/wp-json/wc/store/v1/products/1001 "HTTP/1.1 200 OK"
2026-09-25 22:36:56,645 INFO    HTTP Request: GET http://localhost:9000/wp-json/wc/store/v1/products/1001 "HTTP/1.1 200 OK"
2026-09-25 22:36:56,697 INFO    HTTP Request: GET http://localhost:9000/wp-json/wc/store/v1/products/1001 "HTTP/1.1 200 OK"
2026-09-25 22:36:56,701 INFO    HTTP Request: GET http://localhost:9000/wp-json/wc/store/v1/products/1001 "HTTP/1.1 200 OK"
2026-09-25 22:36:56,756 INFO    HTTP Request: GET http://localhost:9000/wp-json/wc/store/v1/products/1001 "HTTP/1.1 200 OK"
2026-09-25 22:36:56,758 INFO    HTTP Request: GET http://localhost:9000/wp-json/wc/store/v1/products/1001 "HTTP/1.1 200 OK"
2026-09-25 22:36:56,810 INFO    HTTP Request: GET http://localhost:9000/wp-json/wc/store/v1/products/1001 "HTTP/1.1 200 OK"
2026-09-25 22:36:56,812 INFO    HTTP Request: GET http://localhost:9000/wp-json/wc/store/v1/products/1001 "HTTP/1.1 200 OK"
2026-09-25 22:36:56,864 INFO    HTTP Request: GET http://localhost:9000/wp-json/wc/store/v1/products/1001 "HTTP/1.1 200 OK"
2026-09-25 22:36:56,866 INFO    HTTP Request: GET http://localhost:9000/wp-json/wc/store/v1/products/1001 "HTTP/1.1 200 OK"
2026-09-25 22:36:56,922 INFO    HTTP Request: GET http://localhost:9000/wp-json/wc/store/v1/products/1001 "HTTP/1.1 200 OK"
2026-09-25 22:36:56,924 INFO    HTTP Request: GET http://localhost:9000/wp-json/wc/store/v1/products/1001 "HTTP/1.1 200 OK"
2026-09-25 22:36:56,977 INFO    HTTP Request: GET http://localhost:9000/wp-json/wc/store/v1/products/1001 "HTTP/1.1 200 OK"
2026-09-25 22:36:56,979 INFO    HTTP Request: GET http://localhost:9000/wp-json/wc/store/v1/products/1001 "HTTP/1.1 200 OK"
2026-09-25 22:36:57,031 INFO    HTTP Request: GET http://localhost:9000/wp-json/wc/store/v1/products/1001 "HTTP/1.1 200 OK"
2026-09-25 22:36:57,035 INFO    HTTP Request: GET http://localhost:9000/wp-json/wc/store/v1/products/1001 "HTTP/1.1 200 OK"
2026-09-25 22:36:57,089 INFO    HTTP Request: GET http://localhost:9000/wp-json/wc/store/v1/products/1001 "HTTP/1.1 200 OK"
2026-09-25 22:36:57,091 INFO    HTTP Request: GET http://localhost:9000/wp-json/wc/store/v1/products/1001 "HTTP/1.1 200 OK"
2026-09-25 22:36:57,144 INFO    HTTP Request: GET http://localhost:9000/wp-json/wc/store/v1/products/1001 "HTTP/1.1 200 OK"
2026-09-25 22:36:57,146 INFO    HTTP Request: GET http://localhost:9000/wp-json/wc/store/v1/products/1001 "HTTP/1.1 200 OK"
2026-09-25 22:36:57,199 INFO    HTTP Request: GET http://localhost:9000/wp-json/wc/store/v1/products/1001 "HTTP/1.1 200 OK"
2026-09-25 22:36:57,206 INFO    HTTP Request: GET http://localhost:9000/wp-json/wc/store/v1/products/1001 "HTTP/1.1 200 OK"
2026-09-25 22:36:57,259 INFO    HTTP Request: GET http://localhost:9000/wp-json/wc/store/v1/products/1001 "HTTP/1.1 200 OK"
2026-09-25 22:36:57,261 INFO    HTTP Request: GET http://localhost:9000/wp-json/wc/store/v1/products/1001 "HTTP/1.1 200 OK"
2026-09-25 22:36:57,314 INFO    HTTP Request: GET http://localhost:9000/wp-json/wc/store/v1/products/1001 "HTTP/1.1 200 OK"
2026-09-25 22:36:57,317 INFO    HTTP Request: GET http://localhost:9000/wp-json/wc/store/v1/products/1001 "HTTP/1.1 200 OK"
2026-09-25 22:36:57,372 INFO    HTTP Request: GET http://localhost:9000/wp-json/wc/store/v1/products/1001 "HTTP/1.1 200 OK"
2026-09-25 22:36:57,375 INFO    HTTP Request: GET http://localhost:9000/wp-json/wc/store/v1/products/1001 "HTTP/1.1 200 OK"
2026-09-25 22:36:57,427 INFO    HTTP Request: GET http://localhost:9000/wp-json/wc/store/v1/products/1001 "HTTP/1.1 200 OK"
2026-09-25 22:36:57,430 INFO    HTTP Request: GET http://localhost:9000/wp-json/wc/store/v1/products/1001 "HTTP/1.1 200 OK"
2026-09-25 22:36:57,430 INFO    [1001] summary: mode=contest tail=300ms rem=39.5s reads=50 p50=3ms p95=9ms writes=11 p50=6ms p95=9ms prop=11 p50=50ms p95=51ms bids=11 last=1,520,000 current=1,520,000
2026-09-25 22:36:57,483 INFO    HTTP Request: GET http://localhost:9000/wp-json/wc/store/v1/products/1001 "HTTP/1.1 200 OK"
2026-09-25 22:36:57,487 INFO    HTTP Request: GET http://localhost:9000/wp-json/wc/store/v1/products/1001 "HTTP/1.1 200 OK"
2026-09-25 22:36:57,541 INFO    HTTP Request: GET http://localhost:9000/wp-json/wc/store/v1/products/1001 "HTTP/1.1 200 OK"
2026-09-25 22:36:57,546 INFO    HTTP Request: GET http://localhost:9000/wp-json/wc/store/v1/products/1001 "HTTP/1.1 200 OK"
2026-09-25 22:36:57,603 INFO    HTTP Request: GET http://localhost:9000/wp-json/wc/store/v1/products/1001 "HTTP/1.1 200 OK"
2026-09-25 22:36:57,608 INFO    HTTP Request: GET http://localhost:9000/wp-json/wc/store/v1/products/1001 "HTTP/1.1 200 OK"
2026-09-25 22:36:57,662 INFO    HTTP Request: GET http://localhost:9000/wp-json/wc/store/v1/products/1001 "HTTP/1.1 200 OK"
2026-09-25 22:36:57,668 INFO    HTTP Request: GET http://localhost:9000/wp-json/wc/store/v1/products/1001 "HTTP/1.1 200 OK"
2026-09-25 22:36:57,724 INFO    HTTP Request: GET http://localhost:9000/wp-json/wc/store/v1/products/1001 "HTTP/1.1 200 OK"
2026-09-25 22:36:57,729 INFO    HTTP Request: GET http://localhost:9000/wp-json/wc/store/v1/products/1001 "HTTP/1.1 200 OK"
2026-09-25 22:36:57,782 INFO    HTTP Request: GET http://localhost:9000/wp-json/wc/store/v1/products/1001 "HTTP/1.1 200 OK"
2026-09-25 22:36:57,789 INFO    HTTP Request: GET http://localhost:9000/wp-json/wc/store/v1/products/1001 "HTTP/1.1 200 OK"
2026-09-25 22:36:57,841 INFO    HTTP Request: GET http://localhost:9000/wp-json/wc/store/v1/products/1001 "HTTP/1.1 200 OK"
2026-09-25 22:36:57,843 INFO    HTTP Request: GET http://localhost:9000/wp-json/wc/store/v1/products/1001 "HTTP/1.1 200 OK"
2026-09-25 22:36:57,895 INFO    HTTP Request: GET http://localhost:9000/wp-json/wc/store/v1/products/1001 "HTTP/1.1 200 OK"
2026-09-25 22:36:57,897 INFO    HTTP Request: GET http://localhost:9000/wp-json/wc/store/v1/products/1001 "HTTP/1.1 200 OK"
2026-09-25 22:36:57,950 INFO    HTTP Request: GET http://localhost:9000/wp-json/wc/store/v1/products/1001 "HTTP/1.1 200 OK"
2026-09-25 22:36:57,956 INFO    HTTP Request: GET http://localhost:9000/wp-json/wc/store/v1/products/1001 "HTTP/1.1 200 OK"
2026-09-25 22:36:58,009 INFO    HTTP Request: GET http://localhost:9000/wp-json/wc/store/v1/products/1001 "HTTP/1.1 200 OK"
2026-09-25 22:36:58,011 INFO    HTTP Request: GET http://localhost:9000/wp-json/wc/store/v1/products/1001 "HTTP/1.1 200 OK"
2026-09-25 22:36:58,064 INFO    HTTP Request: GET http://localhost:9000/wp-json/wc/store/v1/products/1001 "HTTP/1.1 200 OK"
2026-09-25 22:36:58,068 INFO    HTTP Request: GET http://localhost:9000/wp-json/wc/store/v1/products/1001 "HTTP/1.1 200 OK"
2026-09-25 22:36:58,123 INFO    HTTP Request: GET http://localhost:9000/wp-json/wc/store/v1/products/1001 "HTTP/1.1 200 OK"
2026-09-25 22:36:58,127 INFO    HTTP Request: GET http://localhost:9000/wp-json/wc/store/v1/products/1001 "HTTP/1.1 200 OK"
2026-09-25 22:36:58,180 INFO    HTTP Request: GET http://localhost:9000/wp-json/wc/store/v1/products/1001 "HTTP/1.1 200 OK"
2026-09-25 22:36:58,185 INFO    HTTP Request: GET http://localhost:9000/wp-json/wc/store/v1/products/1001 "HTTP/1.1 200 OK"
2026-09-25 22:36:58,240 INFO    HTTP Request: GET http://localhost:9000/wp-json/wc/store/v1/products/1001 "HTTP/1.1 200 OK"
2026-09-25 22:36:58,244 INFO    HTTP Request: GET http://localhost:9000/wp-json/wc/store/v1/products/1001 "HTTP/1.1 200 OK"
2026-09-25 22:36:58,298 INFO    HTTP Request: GET http://localhost:9000/wp-json/wc/store/v1/products/1001 "HTTP/1.1 200 OK"
2026-09-25 22:36:58,303 INFO    HTTP Request: GET http://localhost:9000/wp-json/wc/store/v1/products/1001 "HTTP/1.1 200 OK"
2026-09-25 22:36:58,357 INFO    HTTP Request: GET http://localhost:9000/wp-json/wc/store/v1/products/1001 "HTTP/1.1 200 OK"
2026-09-25 22:36:58,361 INFO    HTTP Request: GET http://localhost:9000/wp-json/wc/store/v1/products/1001 "HTTP/1.1 200 OK"
2026-09-25 22:36:58,415 INFO    HTTP Request: GET http://localhost:9000/wp-json/wc/store/v1/products/1001 "HTTP/1.1 200 OK"
2026-09-25 22:36:58,420 INFO    HTTP Request: GET http://localhost:9000/wp-json/wc/store/v1/products/1001 "HTTP/1.1 200 OK"
2026-09-25 22:36:58,474 INFO    HTTP Request: GET http://localhost:9000/wp-json/wc/store/v1/products/1001 "HTTP/1.1 200 OK"
2026-09-25 22:36:58,478 INFO    HTTP Request: GET http://localhost:9000/wp-json/wc/store/v1/products/1001 "HTTP/1.1 200 OK"
2026-09-25 22:36:58,531 INFO    HTTP Request: GET http://localhost:9000/wp-json/wc/store/v1/products/1001 "HTTP/1.1 200 OK"
2026-09-25 22:36:58,537 INFO    HTTP Request: GET http://localhost:9000/wp-json/wc/store/v1/products/1001 "HTTP/1.1 200 OK"
2026-09-25 22:36:58,591 INFO    HTTP Request: GET http://localhost:9000/wp-json/wc/store/v1/products/1001 "HTTP/1.1 200 OK"
2026-09-25 22:36:58,594 INFO    HTTP Request: GET http://localhost:9000/wp-json/wc/store/v1/products/1001 "HTTP/1.1 200 OK"
2026-09-25 22:36:58,650 INFO    HTTP Request: GET http://localhost:9000/wp-json/wc/store/v1/products/1001 "HTTP/1.1 200 OK"
2026-09-25 22:36:58,656 INFO    HTTP Request: GET http://localhost:9000/wp-json/wc/store/v1/products/1001 "HTTP/1.1 200 OK"
2026-09-25 22:36:58,710 INFO    HTTP Request: GET http://localhost:9000/wp-json/wc/store/v1/products/1001 "HTTP/1.1 200 OK"
2026-09-25 22:36:58,713 INFO    HTTP Request: GET http://localhost:9000/wp-json/wc/store/v1/products/1001 "HTTP/1.1 200 OK"
2026-09-25 22:36:58,768 INFO    HTTP Request: GET http://localhost:9000/wp-json/wc/store/v1/products/1001 "HTTP/1.1 200 OK"
2026-09-25 22:36:58,774 INFO    HTTP Request: GET http://localhost:9000/wp-json/wc/store/v1/products/1001 "HTTP/1.1 200 OK"
2026-09-25 22:36:58,828 INFO    HTTP Request: GET http://localhost:9000/wp-json/wc/store/v1/products/1001 "HTTP/1.1 200 OK"
2026-09-25 22:36:58,842 INFO    HTTP Request: GET http://localhost:9000/wp-json/wc/store/v1/products/1001 "HTTP/1.1 200 OK"
2026-09-25 22:36:58,896 INFO    HTTP Request: GET http://localhost:9000/wp-json/wc/store/v1/products/1001 "HTTP/1.1 200 OK"
2026-09-25 22:36:58,898 INFO    HTTP Request: GET http://localhost:9000/wp-json/wc/store/v1/products/1001 "HTTP/1.1 200 OK"
2026-09-25 22:36:58,950 INFO    HTTP Request: GET http://localhost:9000/wp-json/wc/store/v1/products/1001 "HTTP/1.1 200 OK"
2026-09-25 22:36:58,954 INFO    HTTP Request: GET http://localhost:9000/wp-json/wc/store/v1/products/1001 "HTTP/1.1 200 OK"
2026-09-25 22:36:59,007 INFO    HTTP Request: GET http://localhost:9000/wp-json/wc/store/v1/products/1001 "HTTP/1.1 200 OK"
2026-09-25 22:36:59,009 INFO    HTTP Request: GET http://localhost:9000/wp-json/wc/store/v1/products/1001 "HTTP/1.1 200 OK"
2026-09-25 22:36:59,061 INFO    HTTP Request: GET http://localhost:9000/wp-json/wc/store/v1/products/1001 "HTTP/1.1 200 OK"
2026-09-25 22:36:59,063 INFO    HTTP Request: GET http://localhost:9000/wp-json/wc/store/v1/products/1001 "HTTP/1.1 200 OK"
2026-09-25 22:36:59,115 INFO    HTTP Request: GET http://localhost:9000/wp-json/wc/store/v1/products/1001 "HTTP/1.1 200 OK"
2026-09-25 22:36:59,121 INFO    HTTP Request: GET http://localhost:9000/wp-json/wc/store/v1/products/1001 "HTTP/1.1 200 OK"
2026-09-25 22:36:59,173 INFO    HTTP Request: GET http://localhost:9000/wp-json/wc/store/v1/products/1001 "HTTP/1.1 200 OK"
2026-09-25 22:36:59,176 INFO    HTTP Request: GET http://localhost:9000/wp-json/wc/store/v1/products/1001 "HTTP/1.1 200 OK"
2026-09-25 22:36:59,228 INFO    HTTP Request: GET http://localhost:9000/wp-json/wc/store/v1/products/1001 "HTTP/1.1 200 OK"
2026-09-25 22:36:59,231 INFO    HTTP Request: GET http://localhost:9000/wp-json/wc/store/v1/products/1001 "HTTP/1.1 200 OK"
2026-09-25 22:36:59,288 INFO    HTTP Request: GET http://localhost:9000/wp-json/wc/store/v1/products/1001 "HTTP/1.1 200 OK"
2026-09-25 22:36:59,291 INFO    HTTP Request: GET http://localhost:9000/wp-json/wc/store/v1/products/1001 "HTTP/1.1 200 OK"
2026-09-25 22:36:59,344 INFO    HTTP Request: GET http://localhost:9000/wp-json/wc/store/v1/products/1001 "HTTP/1.1 200 OK"
2026-09-25 22:36:59,346 INFO    HTTP Request: GET http://localhost:9000/wp-json/wc/store/v1/products/1001 "HTTP/1.1 200 OK"
2026-09-25 22:36:59,399 INFO    HTTP Request: GET http://localhost:9000/wp-json/wc/store/v1/products/1001 "HTTP/1.1 200 OK"
2026-09-25 22:36:59,408 INFO    HTTP Request: GET http://localhost:9000/wp-json/wc/store/v1/products/1001 "HTTP/1.1 200 OK"
2026-09-25 22:36:59,461 INFO    HTTP Request: GET http://localhost:9000/wp-json/wc/store/v1/products/1001 "HTTP/1.1 200 OK"
2026-09-25 22:36:59,464 INFO    HTTP Request: GET http://localhost:9000/wp-json/wc/store/v1/products/1001 "HTTP/1.1 200 OK"
2026-09-25 22:36:59,521 INFO    HTTP Request: GET http://localhost:9000/wp-json/wc/store/v1/products/1001 "HTTP/1.1 200 OK"
2026-09-25 22:36:59,524 INFO    HTTP Request: GET http://localhost:9000/wp-json/wc/store/v1/products/1001 "HTTP/1.1 200 OK"
2026-09-25 22:36:59,577 INFO    HTTP Request: GET http://localhost:9000/wp-json/wc/store/v1/products/1001 "HTTP/1.1 200 OK"
2026-09-25 22:36:59,579 INFO    HTTP Request: GET http://localhost:9000/wp-json/wc/store/v1/products/1001 "HTTP/1.1 200 OK"
2026-09-25 22:36:59,632 INFO    HTTP Request: GET http://localhost:9000/wp-json/wc/store/v1/products/1001 "HTTP/1.1 200 OK"
2026-09-25 22:36:59,640 INFO    HTTP Request: GET http://localhost:9000/wp-json/wc/store/v1/products/1001 "HTTP/1.1 200 OK"
2026-09-25 22:36:59,693 INFO    HTTP Request: GET http://localhost:9000/wp-json/wc/store/v1/products/1001 "HTTP/1.1 200 OK"
2026-09-25 22:36:59,696 INFO    HTTP Request: GET http://localhost:9000/wp-json/wc/store/v1/products/1001 "HTTP/1.1 200 OK"
2026-09-25 22:36:59,749 INFO    HTTP Request: GET http://localhost:9000/wp-json/wc/store/v1/products/1001 "HTTP/1.1 200 OK"
2026-09-25 22:36:59,756 INFO    HTTP Request: GET http://localhost:9000/wp-json/wc/store/v1/products/1001 "HTTP/1.1 200 OK"
2026-09-25 22:36:59,810 INFO    HTTP Request: GET http://localhost:9000/wp-json/wc/store/v1/products/1001 "HTTP/1.1 200 OK"
2026-09-25 22:36:59,812 INFO    HTTP Request: GET http://localhost:9000/wp-json/wc/store/v1/products/1001 "HTTP/1.1 200 OK"
2026-09-25 22:36:59,864 INFO    HTTP Request: GET http://localhost:9000/wp-json/wc/store/v1/products/1001 "HTTP/1.1 200 OK"
2026-09-25 22:36:59,870 INFO    HTTP Request: GET http://localhost:9000/wp-json/wc/store/v1/products/1001 "HTTP/1.1 200 OK"
2026-09-25 22:36:59,924 INFO    HTTP Request: GET http://localhost:9000/wp-json/wc/store/v1/products/1001 "HTTP/1.1 200 OK"
2026-09-25 22:36:59,927 INFO    HTTP Request: GET http://localhost:9000/wp-json/wc/store/v1/products/1001 "HTTP/1.1 200 OK"
2026-09-25 22:36:59,979 INFO    HTTP Request: GET http://localhost:9000/wp-json/wc/store/v1/products/1001 "HTTP/1.1 200 OK"
2026-09-25 22:36:59,981 INFO    HTTP Request: GET http://localhost:9000/wp-json/wc/store/v1/products/1001 "HTTP/1.1 200 OK"
2026-09-25 22:37:00,040 INFO    HTTP Request: GET http://localhost:9000/wp-json/wc/store/v1/products/1001 "HTTP/1.1 200 OK"
2026-09-25 22:37:00,043 INFO    HTTP Request: GET http://localhost:9000/wp-json/wc/store/v1/products/1001 "HTTP/1.1 200 OK"
2026-09-25 22:37:00,096 INFO    HTTP Request: GET http://localhost:9000/wp-json/wc/store/v1/products/1001 "HTTP/1.1 200 OK"
2026-09-25 22:37:00,098 INFO    HTTP Request: GET http://localhost:9000/wp-json/wc/store/v1/products/1001 "HTTP/1.1 200 OK"
2026-09-25 22:37:00,154 INFO    HTTP Request: GET http://localhost:9000/wp-json/wc/store/v1/products/1001 "HTTP/1.1 200 OK"
2026-09-25 22:37:00,157 INFO    HTTP Request: GET http://localhost:9000/wp-json/wc/store/v1/products/1001 "HTTP/1.1 200 OK"
2026-09-25 22:37:00,209 INFO    HTTP Request: GET http://localhost:9000/wp-json/wc/store/v1/products/1001 "HTTP/1.1 200 OK"
2026-09-25 22:37:00,211 INFO    HTTP Request: GET http://localhost:9000/wp-json/wc/store/v1/products/1001 "HTTP/1.1 200 OK"
2026-09-25 22:37:00,271 INFO    HTTP Request: GET http://localhost:9000/wp-json/wc/store/v1/products/1001 "HTTP/1.1 200 OK"
2026-09-25 22:37:00,281 INFO    HTTP Request: GET http://localhost:9000/wp-json/wc/store/v1/products/1001 "HTTP/1.1 200 OK"
2026-09-25 22:37:00,344 INFO    HTTP Request: GET http://localhost:9000/wp-json/wc/store/v1/products/1001 "HTTP/1.1 200 OK"
2026-09-25 22:37:00,348 INFO    HTTP Request: GET http://localhost:9000/wp-json/wc/store/v1/products/1001 "HTTP/1.1 200 OK"
2026-09-25 22:37:00,405 INFO    HTTP Request: GET http://localhost:9000/wp-json/wc/store/v1/products/1001 "HTTP/1.1 200 OK"
2026-09-25 22:37:00,408 INFO    HTTP Request: GET http://localhost:9000/wp-json/wc/store/v1/products/1001 "HTTP/1.1 200 OK"
2026-09-25 22:37:00,461 INFO    HTTP Request: GET http://localhost:9000/wp-json/wc/store/v1/products/1001 "HTTP/1.1 200 OK"
2026-09-25 22:37:00,463 INFO    HTTP Request: GET http://localhost:9000/wp-json/wc/store/v1/products/1001 "HTTP/1.1 200 OK"
2026-09-25 22:37:00,515 INFO    HTTP Request: GET http://localhost:9000/wp-json/wc/store/v1/products/1001 "HTTP/1.1 200 OK"
2026-09-25 22:37:00,517 INFO    HTTP Request: GET http://localhost:9000/wp-json/wc/store/v1/products/1001 "HTTP/1.1 200 OK"
2026-09-25 22:37:00,571 INFO    HTTP Request: GET http://localhost:9000/wp-json/wc/store/v1/products/1001 "HTTP/1.1 200 OK"
2026-09-25 22:37:00,574 INFO    HTTP Request: GET http://localhost:9000/wp-json/wc/store/v1/products/1001 "HTTP/1.1 200 OK"
2026-09-25 22:37:00,629 INFO    HTTP Request: GET http://localhost:9000/wp-json/wc/store/v1/products/1001 "HTTP/1.1 200 OK"
2026-09-25 22:37:00,636 INFO    HTTP Request: GET http://localhost:9000/wp-json/wc/store/v1/products/1001 "HTTP/1.1 200 OK"
2026-09-25 22:37:00,696 INFO    HTTP Request: GET http://localhost:9000/wp-json/wc/store/v1/products/1001 "HTTP/1.1 200 OK"
2026-09-25 22:37:00,709 INFO    HTTP Request: GET http://localhost:9000/wp-json/wc/store/v1/products/1001 "HTTP/1.1 200 OK"
2026-09-25 22:37:00,770 INFO    HTTP Request: GET http://localhost:9000/wp-json/wc/store/v1/products/1001 "HTTP/1.1 200 OK"
2026-09-25 22:37:00,776 INFO    HTTP Request: GET http://localhost:9000/wp-json/wc/store/v1/products/1001 "HTTP/1.1 200 OK"
2026-09-25 22:37:00,828 INFO    HTTP Request: GET http://localhost:9000/wp-json/wc/store/v1/products/1001 "HTTP/1.1 200 OK"
2026-09-25 22:37:00,830 INFO    HTTP Request: GET http://localhost:9000/wp-json/wc/store/v1/products/1001 "HTTP/1.1 200 OK"
2026-09-25 22:37:00,884 INFO    HTTP Request: GET http://localhost:9000/wp-json/wc/store/v1/products/1001 "HTTP/1.1 200 OK"
2026-09-25 22:37:00,889 INFO    HTTP Request: GET http://localhost:9000/wp-json/wc/store/v1/products/1001 "HTTP/1.1 200 OK"
2026-09-25 22:37:00,942 INFO    HTTP Request: GET http://localhost:9000/wp-json/wc/store/v1/products/1001 "HTTP/1.1 200 OK"
2026-09-25 22:37:00,945 INFO    HTTP Request: GET http://localhost:9000/wp-json/wc/store/v1/products/1001 "HTTP/1.1 200 OK"
2026-09-25 22:37:00,997 INFO    HTTP Request: GET http://localhost:9000/wp-json/wc/store/v1/products/1001 "HTTP/1.1 200 OK"
2026-09-25 22:37:01,001 INFO    HTTP Request: GET http://localhost:9000/wp-json/wc/store/v1/products/1001 "HTTP/1.1 200 OK"
2026-09-25 22:37:01,055 INFO    HTTP Request: GET http://localhost:9000/wp-json/wc/store/v1/products/1001 "HTTP/1.1 200 OK"
2026-09-25 22:37:01,057 INFO    HTTP Request: GET http://localhost:9000/wp-json/wc/store/v1/products/1001 "HTTP/1.1 200 OK"
2026-09-25 22:37:01,058 INFO    [1001] price 1,530,000 (my_last=1,520,000, bids=11, rem=35.9s)
2026-09-25 22:37:01,060 INFO    HTTP Request: POST http://localhost:9000/wp-admin/admin-ajax "HTTP/1.1 200 OK"
2026-09-25 22:37:01,070 INFO    [1001] fire 1,535,000 (contest) → success=True (0.003s)
2026-09-25 22:37:01,124 INFO    HTTP Request: GET http://localhost:9000/wp-json/wc/store/v1/products/1001 "HTTP/1.1 200 OK"
2026-09-25 22:37:01,127 INFO    HTTP Request: GET http://localhost:9000/wp-json/wc/store/v1/products/1001 "HTTP/1.1 200 OK"
2026-09-25 22:37:01,127 INFO    [1001] propagation 0.050s (bid=1,535,000 now_visible)
2026-09-25 22:37:01,127 INFO    [1001] price 1,535,000 (my_last=1,535,000, bids=12, rem=35.8s)
2026-09-25 22:37:01,179 INFO    HTTP Request: GET http://localhost:9000/wp-json/wc/store/v1/products/1001 "HTTP/1.1 200 OK"
2026-09-25 22:37:01,181 INFO    HTTP Request: GET http://localhost:9000/wp-json/wc/store/v1/products/1001 "HTTP/1.1 200 OK"
2026-09-25 22:37:01,238 INFO    HTTP Request: GET http://localhost:9000/wp-json/wc/store/v1/products/1001 "HTTP/1.1 200 OK"
2026-09-25 22:37:01,241 INFO    HTTP Request: GET http://localhost:9000/wp-json/wc/store/v1/products/1001 "HTTP/1.1 200 OK"
2026-09-25 22:37:01,294 INFO    HTTP Request: GET http://localhost:9000/wp-json/wc/store/v1/products/1001 "HTTP/1.1 200 OK"
2026-09-25 22:37:01,297 INFO    HTTP Request: GET http://localhost:9000/wp-json/wc/store/v1/products/1001 "HTTP/1.1 200 OK"
2026-09-25 22:37:01,351 INFO    HTTP Request: GET http://localhost:9000/wp-json/wc/store/v1/products/1001 "HTTP/1.1 200 OK"
2026-09-25 22:37:01,356 INFO    HTTP Request: GET http://localhost:9000/wp-json/wc/store/v1/products/1001 "HTTP/1.1 200 OK"
2026-09-25 22:37:01,409 INFO    HTTP Request: GET http://localhost:9000/wp-json/wc/store/v1/products/1001 "HTTP/1.1 200 OK"
2026-09-25 22:37:01,412 INFO    HTTP Request: GET http://localhost:9000/wp-json/wc/store/v1/products/1001 "HTTP/1.1 200 OK"
2026-09-25 22:37:01,465 INFO    HTTP Request: GET http://localhost:9000/wp-json/wc/store/v1/products/1001 "HTTP/1.1 200 OK"
2026-09-25 22:37:01,470 INFO    HTTP Request: GET http://localhost:9000/wp-json/wc/store/v1/products/1001 "HTTP/1.1 200 OK"
2026-09-25 22:37:01,523 INFO    HTTP Request: GET http://localhost:9000/wp-json/wc/store/v1/products/1001 "HTTP/1.1 200 OK"
2026-09-25 22:37:01,526 INFO    HTTP Request: GET http://localhost:9000/wp-json/wc/store/v1/products/1001 "HTTP/1.1 200 OK"
2026-09-25 22:37:01,578 INFO    HTTP Request: GET http://localhost:9000/wp-json/wc/store/v1/products/1001 "HTTP/1.1 200 OK"
2026-09-25 22:37:01,581 INFO    HTTP Request: GET http://localhost:9000/wp-json/wc/store/v1/products/1001 "HTTP/1.1 200 OK"
2026-09-25 22:37:01,638 INFO    HTTP Request: GET http://localhost:9000/wp-json/wc/store/v1/products/1001 "HTTP/1.1 200 OK"
2026-09-25 22:37:01,641 INFO    HTTP Request: GET http://localhost:9000/wp-json/wc/store/v1/products/1001 "HTTP/1.1 200 OK"
2026-09-25 22:37:01,694 INFO    HTTP Request: GET http://localhost:9000/wp-json/wc/store/v1/products/1001 "HTTP/1.1 200 OK"
2026-09-25 22:37:01,697 INFO    HTTP Request: GET http://localhost:9000/wp-json/wc/store/v1/products/1001 "HTTP/1.1 200 OK"
2026-09-25 22:37:01,753 INFO    HTTP Request: GET http://localhost:9000/wp-json/wc/store/v1/products/1001 "HTTP/1.1 200 OK"
2026-09-25 22:37:01,757 INFO    HTTP Request: GET http://localhost:9000/wp-json/wc/store/v1/products/1001 "HTTP/1.1 200 OK"
2026-09-25 22:37:01,809 INFO    HTTP Request: GET http://localhost:9000/wp-json/wc/store/v1/products/1001 "HTTP/1.1 200 OK"
2026-09-25 22:37:01,812 INFO    HTTP Request: GET http://localhost:9000/wp-json/wc/store/v1/products/1001 "HTTP/1.1 200 OK"
2026-09-25 22:37:01,865 INFO    HTTP Request: GET http://localhost:9000/wp-json/wc/store/v1/products/1001 "HTTP/1.1 200 OK"
2026-09-25 22:37:01,870 INFO    HTTP Request: GET http://localhost:9000/wp-json/wc/store/v1/products/1001 "HTTP/1.1 200 OK"
2026-09-25 22:37:01,923 INFO    HTTP Request: GET http://localhost:9000/wp-json/wc/store/v1/products/1001 "HTTP/1.1 200 OK"
2026-09-25 22:37:01,926 INFO    HTTP Request: GET http://localhost:9000/wp-json/wc/store/v1/products/1001 "HTTP/1.1 200 OK"
2026-09-25 22:37:01,979 INFO    HTTP Request: GET http://localhost:9000/wp-json/wc/store/v1/products/1001 "HTTP/1.1 200 OK"
2026-09-25 22:37:01,982 INFO    HTTP Request: GET http://localhost:9000/wp-json/wc/store/v1/products/1001 "HTTP/1.1 200 OK"
2026-09-25 22:37:02,038 INFO    HTTP Request: GET http://localhost:9000/wp-json/wc/store/v1/products/1001 "HTTP/1.1 200 OK"
2026-09-25 22:37:02,041 INFO    HTTP Request: GET http://localhost:9000/wp-json/wc/store/v1/products/1001 "HTTP/1.1 200 OK"
2026-09-25 22:37:02,094 INFO    HTTP Request: GET http://localhost:9000/wp-json/wc/store/v1/products/1001 "HTTP/1.1 200 OK"
2026-09-25 22:37:02,097 INFO    HTTP Request: GET http://localhost:9000/wp-json/wc/store/v1/products/1001 "HTTP/1.1 200 OK"
2026-09-25 22:37:02,154 INFO    HTTP Request: GET http://localhost:9000/wp-json/wc/store/v1/products/1001 "HTTP/1.1 200 OK"
2026-09-25 22:37:02,157 INFO    HTTP Request: GET http://localhost:9000/wp-json/wc/store/v1/products/1001 "HTTP/1.1 200 OK"
2026-09-25 22:37:02,210 INFO    HTTP Request: GET http://localhost:9000/wp-json/wc/store/v1/products/1001 "HTTP/1.1 200 OK"
2026-09-25 22:37:02,213 INFO    HTTP Request: GET http://localhost:9000/wp-json/wc/store/v1/products/1001 "HTTP/1.1 200 OK"
2026-09-25 22:37:02,266 INFO    HTTP Request: GET http://localhost:9000/wp-json/wc/store/v1/products/1001 "HTTP/1.1 200 OK"
2026-09-25 22:37:02,271 INFO    HTTP Request: GET http://localhost:9000/wp-json/wc/store/v1/products/1001 "HTTP/1.1 200 OK"
2026-09-25 22:37:02,324 INFO    HTTP Request: GET http://localhost:9000/wp-json/wc/store/v1/products/1001 "HTTP/1.1 200 OK"
2026-09-25 22:37:02,327 INFO    HTTP Request: GET http://localhost:9000/wp-json/wc/store/v1/products/1001 "HTTP/1.1 200 OK"
2026-09-25 22:37:02,380 INFO    HTTP Request: GET http://localhost:9000/wp-json/wc/store/v1/products/1001 "HTTP/1.1 200 OK"
2026-09-25 22:37:02,383 INFO    HTTP Request: GET http://localhost:9000/wp-json/wc/store/v1/products/1001 "HTTP/1.1 200 OK"
2026-09-25 22:37:02,438 INFO    HTTP Request: GET http://localhost:9000/wp-json/wc/store/v1/products/1001 "HTTP/1.1 200 OK"
2026-09-25 22:37:02,441 INFO    HTTP Request: GET http://localhost:9000/wp-json/wc/store/v1/products/1001 "HTTP/1.1 200 OK"
2026-09-25 22:37:02,442 INFO    [1001] summary: mode=contest tail=300ms rem=34.5s reads=50 p50=3ms p95=7ms writes=12 p50=6ms p95=9ms prop=12 p50=50ms p95=51ms bids=12 last=1,535,000 current=1,535,000
2026-09-25 22:37:02,494 INFO    HTTP Request: GET http://localhost:9000/wp-json/wc/store/v1/products/1001 "HTTP/1.1 200 OK"
2026-09-25 22:37:02,497 INFO    HTTP Request: GET http://localhost:9000/wp-json/wc/store/v1/products/1001 "HTTP/1.1 200 OK"
2026-09-25 22:37:02,554 INFO    HTTP Request: GET http://localhost:9000/wp-json/wc/store/v1/products/1001 "HTTP/1.1 200 OK"
2026-09-25 22:37:02,558 INFO    HTTP Request: GET http://localhost:9000/wp-json/wc/store/v1/products/1001 "HTTP/1.1 200 OK"
2026-09-25 22:37:02,611 INFO    HTTP Request: GET http://localhost:9000/wp-json/wc/store/v1/products/1001 "HTTP/1.1 200 OK"
2026-09-25 22:37:02,615 INFO    HTTP Request: GET http://localhost:9000/wp-json/wc/store/v1/products/1001 "HTTP/1.1 200 OK"
2026-09-25 22:37:02,671 INFO    HTTP Request: GET http://localhost:9000/wp-json/wc/store/v1/products/1001 "HTTP/1.1 200 OK"
2026-09-25 22:37:02,674 INFO    HTTP Request: GET http://localhost:9000/wp-json/wc/store/v1/products/1001 "HTTP/1.1 200 OK"
2026-09-25 22:37:02,729 INFO    HTTP Request: GET http://localhost:9000/wp-json/wc/store/v1/products/1001 "HTTP/1.1 200 OK"
2026-09-25 22:37:02,735 INFO    HTTP Request: GET http://localhost:9000/wp-json/wc/store/v1/products/1001 "HTTP/1.1 200 OK"
2026-09-25 22:37:02,790 INFO    HTTP Request: GET http://localhost:9000/wp-json/wc/store/v1/products/1001 "HTTP/1.1 200 OK"
2026-09-25 22:37:02,793 INFO    HTTP Request: GET http://localhost:9000/wp-json/wc/store/v1/products/1001 "HTTP/1.1 200 OK"
2026-09-25 22:37:02,845 INFO    HTTP Request: GET http://localhost:9000/wp-json/wc/store/v1/products/1001 "HTTP/1.1 200 OK"
2026-09-25 22:37:02,847 INFO    HTTP Request: GET http://localhost:9000/wp-json/wc/store/v1/products/1001 "HTTP/1.1 200 OK"
2026-09-25 22:37:02,899 INFO    HTTP Request: GET http://localhost:9000/wp-json/wc/store/v1/products/1001 "HTTP/1.1 200 OK"
2026-09-25 22:37:02,903 INFO    HTTP Request: GET http://localhost:9000/wp-json/wc/store/v1/products/1001 "HTTP/1.1 200 OK"
2026-09-25 22:37:02,955 INFO    HTTP Request: GET http://localhost:9000/wp-json/wc/store/v1/products/1001 "HTTP/1.1 200 OK"
2026-09-25 22:37:02,957 INFO    HTTP Request: GET http://localhost:9000/wp-json/wc/store/v1/products/1001 "HTTP/1.1 200 OK"
2026-09-25 22:37:03,009 INFO    HTTP Request: GET http://localhost:9000/wp-json/wc/store/v1/products/1001 "HTTP/1.1 200 OK"
2026-09-25 22:37:03,011 INFO    HTTP Request: GET http://localhost:9000/wp-json/wc/store/v1/products/1001 "HTTP/1.1 200 OK"
2026-09-25 22:37:03,063 INFO    HTTP Request: GET http://localhost:9000/wp-json/wc/store/v1/products/1001 "HTTP/1.1 200 OK"
2026-09-25 22:37:03,065 INFO    HTTP Request: GET http://localhost:9000/wp-json/wc/store/v1/products/1001 "HTTP/1.1 200 OK"
2026-09-25 22:37:03,122 INFO    HTTP Request: GET http://localhost:9000/wp-json/wc/store/v1/products/1001 "HTTP/1.1 200 OK"
2026-09-25 22:37:03,126 INFO    HTTP Request: GET http://localhost:9000/wp-json/wc/store/v1/products/1001 "HTTP/1.1 200 OK"
2026-09-25 22:37:03,179 INFO    HTTP Request: GET http://localhost:9000/wp-json/wc/store/v1/products/1001 "HTTP/1.1 200 OK"
2026-09-25 22:37:03,184 INFO    HTTP Request: GET http://localhost:9000/wp-json/wc/store/v1/products/1001 "HTTP/1.1 200 OK"
2026-09-25 22:37:03,239 INFO    HTTP Request: GET http://localhost:9000/wp-json/wc/store/v1/products/1001 "HTTP/1.1 200 OK"
2026-09-25 22:37:03,243 INFO    HTTP Request: GET http://localhost:9000/wp-json/wc/store/v1/products/1001 "HTTP/1.1 200 OK"
2026-09-25 22:37:03,296 INFO    HTTP Request: GET http://localhost:9000/wp-json/wc/store/v1/products/1001 "HTTP/1.1 200 OK"
2026-09-25 22:37:03,300 INFO    HTTP Request: GET http://localhost:9000/wp-json/wc/store/v1/products/1001 "HTTP/1.1 200 OK"
2026-09-25 22:37:03,356 INFO    HTTP Request: GET http://localhost:9000/wp-json/wc/store/v1/products/1001 "HTTP/1.1 200 OK"
2026-09-25 22:37:03,360 INFO    HTTP Request: GET http://localhost:9000/wp-json/wc/store/v1/products/1001 "HTTP/1.1 200 OK"
2026-09-25 22:37:03,414 INFO    HTTP Request: GET http://localhost:9000/wp-json/wc/store/v1/products/1001 "HTTP/1.1 200 OK"
2026-09-25 22:37:03,419 INFO    HTTP Request: GET http://localhost:9000/wp-json/wc/store/v1/products/1001 "HTTP/1.1 200 OK"
2026-09-25 22:37:03,473 INFO    HTTP Request: GET http://localhost:9000/wp-json/wc/store/v1/products/1001 "HTTP/1.1 200 OK"
2026-09-25 22:37:03,477 INFO    HTTP Request: GET http://localhost:9000/wp-json/wc/store/v1/products/1001 "HTTP/1.1 200 OK"
2026-09-25 22:37:03,531 INFO    HTTP Request: GET http://localhost:9000/wp-json/wc/store/v1/products/1001 "HTTP/1.1 200 OK"
2026-09-25 22:37:03,536 INFO    HTTP Request: GET http://localhost:9000/wp-json/wc/store/v1/products/1001 "HTTP/1.1 200 OK"
2026-09-25 22:37:03,590 INFO    HTTP Request: GET http://localhost:9000/wp-json/wc/store/v1/products/1001 "HTTP/1.1 200 OK"
2026-09-25 22:37:03,593 INFO    HTTP Request: GET http://localhost:9000/wp-json/wc/store/v1/products/1001 "HTTP/1.1 200 OK"
2026-09-25 22:37:03,647 INFO    HTTP Request: GET http://localhost:9000/wp-json/wc/store/v1/products/1001 "HTTP/1.1 200 OK"
2026-09-25 22:37:03,652 INFO    HTTP Request: GET http://localhost:9000/wp-json/wc/store/v1/products/1001 "HTTP/1.1 200 OK"
2026-09-25 22:37:03,707 INFO    HTTP Request: GET http://localhost:9000/wp-json/wc/store/v1/products/1001 "HTTP/1.1 200 OK"
2026-09-25 22:37:03,710 INFO    HTTP Request: GET http://localhost:9000/wp-json/wc/store/v1/products/1001 "HTTP/1.1 200 OK"
2026-09-25 22:37:03,764 INFO    HTTP Request: GET http://localhost:9000/wp-json/wc/store/v1/products/1001 "HTTP/1.1 200 OK"
2026-09-25 22:37:03,769 INFO    HTTP Request: GET http://localhost:9000/wp-json/wc/store/v1/products/1001 "HTTP/1.1 200 OK"
2026-09-25 22:37:03,824 INFO    HTTP Request: GET http://localhost:9000/wp-json/wc/store/v1/products/1001 "HTTP/1.1 200 OK"
2026-09-25 22:37:03,827 INFO    HTTP Request: GET http://localhost:9000/wp-json/wc/store/v1/products/1001 "HTTP/1.1 200 OK"
2026-09-25 22:37:03,881 INFO    HTTP Request: GET http://localhost:9000/wp-json/wc/store/v1/products/1001 "HTTP/1.1 200 OK"
2026-09-25 22:37:03,888 INFO    HTTP Request: GET http://localhost:9000/wp-json/wc/store/v1/products/1001 "HTTP/1.1 200 OK"
2026-09-25 22:37:03,942 INFO    HTTP Request: GET http://localhost:9000/wp-json/wc/store/v1/products/1001 "HTTP/1.1 200 OK"
2026-09-25 22:37:03,946 INFO    HTTP Request: GET http://localhost:9000/wp-json/wc/store/v1/products/1001 "HTTP/1.1 200 OK"
2026-09-25 22:37:04,000 INFO    HTTP Request: GET http://localhost:9000/wp-json/wc/store/v1/products/1001 "HTTP/1.1 200 OK"
2026-09-25 22:37:04,005 INFO    HTTP Request: GET http://localhost:9000/wp-json/wc/store/v1/products/1001 "HTTP/1.1 200 OK"
2026-09-25 22:37:04,059 INFO    HTTP Request: GET http://localhost:9000/wp-json/wc/store/v1/products/1001 "HTTP/1.1 200 OK"
2026-09-25 22:37:04,063 INFO    HTTP Request: GET http://localhost:9000/wp-json/wc/store/v1/products/1001 "HTTP/1.1 200 OK"
2026-09-25 22:37:04,117 INFO    HTTP Request: GET http://localhost:9000/wp-json/wc/store/v1/products/1001 "HTTP/1.1 200 OK"
2026-09-25 22:37:04,123 INFO    HTTP Request: GET http://localhost:9000/wp-json/wc/store/v1/products/1001 "HTTP/1.1 200 OK"
2026-09-25 22:37:04,176 INFO    HTTP Request: GET http://localhost:9000/wp-json/wc/store/v1/products/1001 "HTTP/1.1 200 OK"
2026-09-25 22:37:04,180 INFO    HTTP Request: GET http://localhost:9000/wp-json/wc/store/v1/products/1001 "HTTP/1.1 200 OK"
2026-09-25 22:37:04,237 INFO    HTTP Request: GET http://localhost:9000/wp-json/wc/store/v1/products/1001 "HTTP/1.1 200 OK"
2026-09-25 22:37:04,241 INFO    HTTP Request: GET http://localhost:9000/wp-json/wc/store/v1/products/1001 "HTTP/1.1 200 OK"
2026-09-25 22:37:04,295 INFO    HTTP Request: GET http://localhost:9000/wp-json/wc/store/v1/products/1001 "HTTP/1.1 200 OK"
2026-09-25 22:37:04,299 INFO    HTTP Request: GET http://localhost:9000/wp-json/wc/store/v1/products/1001 "HTTP/1.1 200 OK"
2026-09-25 22:37:04,355 INFO    HTTP Request: GET http://localhost:9000/wp-json/wc/store/v1/products/1001 "HTTP/1.1 200 OK"
2026-09-25 22:37:04,359 INFO    HTTP Request: GET http://localhost:9000/wp-json/wc/store/v1/products/1001 "HTTP/1.1 200 OK"
2026-09-25 22:37:04,413 INFO    HTTP Request: GET http://localhost:9000/wp-json/wc/store/v1/products/1001 "HTTP/1.1 200 OK"
2026-09-25 22:37:04,417 INFO    HTTP Request: GET http://localhost:9000/wp-json/wc/store/v1/products/1001 "HTTP/1.1 200 OK"
2026-09-25 22:37:04,472 INFO    HTTP Request: GET http://localhost:9000/wp-json/wc/store/v1/products/1001 "HTTP/1.1 200 OK"
2026-09-25 22:37:04,476 INFO    HTTP Request: GET http://localhost:9000/wp-json/wc/store/v1/products/1001 "HTTP/1.1 200 OK"
2026-09-25 22:37:04,529 INFO    HTTP Request: GET http://localhost:9000/wp-json/wc/store/v1/products/1001 "HTTP/1.1 200 OK"
2026-09-25 22:37:04,535 INFO    HTTP Request: GET http://localhost:9000/wp-json/wc/store/v1/products/1001 "HTTP/1.1 200 OK"
2026-09-25 22:37:04,591 INFO    HTTP Request: GET http://localhost:9000/wp-json/wc/store/v1/products/1001 "HTTP/1.1 200 OK"
2026-09-25 22:37:04,598 INFO    HTTP Request: GET http://localhost:9000/wp-json/wc/store/v1/products/1001 "HTTP/1.1 200 OK"
2026-09-25 22:37:04,656 INFO    HTTP Request: GET http://localhost:9000/wp-json/wc/store/v1/products/1001 "HTTP/1.1 200 OK"
2026-09-25 22:37:04,661 INFO    HTTP Request: GET http://localhost:9000/wp-json/wc/store/v1/products/1001 "HTTP/1.1 200 OK"
2026-09-25 22:37:04,722 INFO    HTTP Request: GET http://localhost:9000/wp-json/wc/store/v1/products/1001 "HTTP/1.1 200 OK"
2026-09-25 22:37:04,738 INFO    HTTP Request: GET http://localhost:9000/wp-json/wc/store/v1/products/1001 "HTTP/1.1 200 OK"
2026-09-25 22:37:04,796 INFO    HTTP Request: GET http://localhost:9000/wp-json/wc/store/v1/products/1001 "HTTP/1.1 200 OK"
2026-09-25 22:37:04,803 INFO    HTTP Request: GET http://localhost:9000/wp-json/wc/store/v1/products/1001 "HTTP/1.1 200 OK"
2026-09-25 22:37:04,857 INFO    HTTP Request: GET http://localhost:9000/wp-json/wc/store/v1/products/1001 "HTTP/1.1 200 OK"
2026-09-25 22:37:04,859 INFO    HTTP Request: GET http://localhost:9000/wp-json/wc/store/v1/products/1001 "HTTP/1.1 200 OK"
2026-09-25 22:37:04,911 INFO    HTTP Request: GET http://localhost:9000/wp-json/wc/store/v1/products/1001 "HTTP/1.1 200 OK"
2026-09-25 22:37:04,913 INFO    HTTP Request: GET http://localhost:9000/wp-json/wc/store/v1/products/1001 "HTTP/1.1 200 OK"
2026-09-25 22:37:04,965 INFO    HTTP Request: GET http://localhost:9000/wp-json/wc/store/v1/products/1001 "HTTP/1.1 200 OK"
2026-09-25 22:37:04,972 INFO    HTTP Request: GET http://localhost:9000/wp-json/wc/store/v1/products/1001 "HTTP/1.1 200 OK"
2026-09-25 22:37:05,024 INFO    HTTP Request: GET http://localhost:9000/wp-json/wc/store/v1/products/1001 "HTTP/1.1 200 OK"
2026-09-25 22:37:05,027 INFO    HTTP Request: GET http://localhost:9000/wp-json/wc/store/v1/products/1001 "HTTP/1.1 200 OK"
2026-09-25 22:37:05,079 INFO    HTTP Request: GET http://localhost:9000/wp-json/wc/store/v1/products/1001 "HTTP/1.1 200 OK"
2026-09-25 22:37:05,081 INFO    HTTP Request: GET http://localhost:9000/wp-json/wc/store/v1/products/1001 "HTTP/1.1 200 OK"
2026-09-25 22:37:05,137 INFO    HTTP Request: GET http://localhost:9000/wp-json/wc/store/v1/products/1001 "HTTP/1.1 200 OK"
2026-09-25 22:37:05,140 INFO    HTTP Request: GET http://localhost:9000/wp-json/wc/store/v1/products/1001 "HTTP/1.1 200 OK"
2026-09-25 22:37:05,193 INFO    HTTP Request: GET http://localhost:9000/wp-json/wc/store/v1/products/1001 "HTTP/1.1 200 OK"
2026-09-25 22:37:05,195 INFO    HTTP Request: GET http://localhost:9000/wp-json/wc/store/v1/products/1001 "HTTP/1.1 200 OK"
2026-09-25 22:37:05,248 INFO    HTTP Request: GET http://localhost:9000/wp-json/wc/store/v1/products/1001 "HTTP/1.1 200 OK"
2026-09-25 22:37:05,252 INFO    HTTP Request: GET http://localhost:9000/wp-json/wc/store/v1/products/1001 "HTTP/1.1 200 OK"
2026-09-25 22:37:05,305 INFO    HTTP Request: GET http://localhost:9000/wp-json/wc/store/v1/products/1001 "HTTP/1.1 200 OK"
2026-09-25 22:37:05,307 INFO    HTTP Request: GET http://localhost:9000/wp-json/wc/store/v1/products/1001 "HTTP/1.1 200 OK"
2026-09-25 22:37:05,360 INFO    HTTP Request: GET http://localhost:9000/wp-json/wc/store/v1/products/1001 "HTTP/1.1 200 OK"
2026-09-25 22:37:05,363 INFO    HTTP Request: GET http://localhost:9000/wp-json/wc/store/v1/products/1001 "HTTP/1.1 200 OK"
2026-09-25 22:37:05,418 INFO    HTTP Request: GET http://localhost:9000/wp-json/wc/store/v1/products/1001 "HTTP/1.1 200 OK"
2026-09-25 22:37:05,423 INFO    HTTP Request: GET http://localhost:9000/wp-json/wc/store/v1/products/1001 "HTTP/1.1 200 OK"
2026-09-25 22:37:05,476 INFO    HTTP Request: GET http://localhost:9000/wp-json/wc/store/v1/products/1001 "HTTP/1.1 200 OK"
2026-09-25 22:37:05,478 INFO    HTTP Request: GET http://localhost:9000/wp-json/wc/store/v1/products/1001 "HTTP/1.1 200 OK"
2026-09-25 22:37:05,530 INFO    HTTP Request: GET http://localhost:9000/wp-json/wc/store/v1/products/1001 "HTTP/1.1 200 OK"
2026-09-25 22:37:05,532 INFO    HTTP Request: GET http://localhost:9000/wp-json/wc/store/v1/products/1001 "HTTP/1.1 200 OK"
2026-09-25 22:37:05,588 INFO    HTTP Request: GET http://localhost:9000/wp-json/wc/store/v1/products/1001 "HTTP/1.1 200 OK"
2026-09-25 22:37:05,590 INFO    HTTP Request: GET http://localhost:9000/wp-json/wc/store/v1/products/1001 "HTTP/1.1 200 OK"
2026-09-25 22:37:05,642 INFO    HTTP Request: GET http://localhost:9000/wp-json/wc/store/v1/products/1001 "HTTP/1.1 200 OK"
2026-09-25 22:37:05,644 INFO    HTTP Request: GET http://localhost:9000/wp-json/wc/store/v1/products/1001 "HTTP/1.1 200 OK"
2026-09-25 22:37:05,697 INFO    HTTP Request: GET http://localhost:9000/wp-json/wc/store/v1/products/1001 "HTTP/1.1 200 OK"
2026-09-25 22:37:05,702 INFO    HTTP Request: GET http://localhost:9000/wp-json/wc/store/v1/products/1001 "HTTP/1.1 200 OK"
2026-09-25 22:37:05,756 INFO    HTTP Request: GET http://localhost:9000/wp-json/wc/store/v1/products/1001 "HTTP/1.1 200 OK"
2026-09-25 22:37:05,759 INFO    HTTP Request: GET http://localhost:9000/wp-json/wc/store/v1/products/1001 "HTTP/1.1 200 OK"
2026-09-25 22:37:05,812 INFO    HTTP Request: GET http://localhost:9000/wp-json/wc/store/v1/products/1001 "HTTP/1.1 200 OK"
2026-09-25 22:37:05,815 INFO    HTTP Request: GET http://localhost:9000/wp-json/wc/store/v1/products/1001 "HTTP/1.1 200 OK"
2026-09-25 22:37:05,872 INFO    HTTP Request: GET http://localhost:9000/wp-json/wc/store/v1/products/1001 "HTTP/1.1 200 OK"
2026-09-25 22:37:05,875 INFO    HTTP Request: GET http://localhost:9000/wp-json/wc/store/v1/products/1001 "HTTP/1.1 200 OK"
2026-09-25 22:37:05,928 INFO    HTTP Request: GET http://localhost:9000/wp-json/wc/store/v1/products/1001 "HTTP/1.1 200 OK"
2026-09-25 22:37:05,931 INFO    HTTP Request: GET http://localhost:9000/wp-json/wc/store/v1/products/1001 "HTTP/1.1 200 OK"
2026-09-25 22:37:05,988 INFO    HTTP Request: GET http://localhost:9000/wp-json/wc/store/v1/products/1001 "HTTP/1.1 200 OK"
2026-09-25 22:37:05,991 INFO    HTTP Request: GET http://localhost:9000/wp-json/wc/store/v1/products/1001 "HTTP/1.1 200 OK"
2026-09-25 22:37:06,044 INFO    HTTP Request: GET http://localhost:9000/wp-json/wc/store/v1/products/1001 "HTTP/1.1 200 OK"
2026-09-25 22:37:06,048 INFO    HTTP Request: GET http://localhost:9000/wp-json/wc/store/v1/products/1001 "HTTP/1.1 200 OK"
2026-09-25 22:37:06,105 INFO    HTTP Request: GET http://localhost:9000/wp-json/wc/store/v1/products/1001 "HTTP/1.1 200 OK"
2026-09-25 22:37:06,108 INFO    HTTP Request: GET http://localhost:9000/wp-json/wc/store/v1/products/1001 "HTTP/1.1 200 OK"
2026-09-25 22:37:06,161 INFO    HTTP Request: GET http://localhost:9000/wp-json/wc/store/v1/products/1001 "HTTP/1.1 200 OK"
2026-09-25 22:37:06,164 INFO    HTTP Request: GET http://localhost:9000/wp-json/wc/store/v1/products/1001 "HTTP/1.1 200 OK"
2026-09-25 22:37:06,221 INFO    HTTP Request: GET http://localhost:9000/wp-json/wc/store/v1/products/1001 "HTTP/1.1 200 OK"
2026-09-25 22:37:06,224 INFO    HTTP Request: GET http://localhost:9000/wp-json/wc/store/v1/products/1001 "HTTP/1.1 200 OK"
2026-09-25 22:37:06,277 INFO    HTTP Request: GET http://localhost:9000/wp-json/wc/store/v1/products/1001 "HTTP/1.1 200 OK"
2026-09-25 22:37:06,281 INFO    HTTP Request: GET http://localhost:9000/wp-json/wc/store/v1/products/1001 "HTTP/1.1 200 OK"
2026-09-25 22:37:06,337 INFO    HTTP Request: GET http://localhost:9000/wp-json/wc/store/v1/products/1001 "HTTP/1.1 200 OK"
2026-09-25 22:37:06,342 INFO    HTTP Request: GET http://localhost:9000/wp-json/wc/store/v1/products/1001 "HTTP/1.1 200 OK"
2026-09-25 22:37:06,396 INFO    HTTP Request: GET http://localhost:9000/wp-json/wc/store/v1/products/1001 "HTTP/1.1 200 OK"
2026-09-25 22:37:06,399 INFO    HTTP Request: GET http://localhost:9000/wp-json/wc/store/v1/products/1001 "HTTP/1.1 200 OK"
2026-09-25 22:37:06,455 INFO    HTTP Request: GET http://localhost:9000/wp-json/wc/store/v1/products/1001 "HTTP/1.1 200 OK"
2026-09-25 22:37:06,458 INFO    HTTP Request: GET http://localhost:9000/wp-json/wc/store/v1/products/1001 "HTTP/1.1 200 OK"
2026-09-25 22:37:06,511 INFO    HTTP Request: GET http://localhost:9000/wp-json/wc/store/v1/products/1001 "HTTP/1.1 200 OK"
2026-09-25 22:37:06,514 INFO    HTTP Request: GET http://localhost:9000/wp-json/wc/store/v1/products/1001 "HTTP/1.1 200 OK"
2026-09-25 22:37:06,571 INFO    HTTP Request: GET http://localhost:9000/wp-json/wc/store/v1/products/1001 "HTTP/1.1 200 OK"
2026-09-25 22:37:06,575 INFO    HTTP Request: GET http://localhost:9000/wp-json/wc/store/v1/products/1001 "HTTP/1.1 200 OK"
2026-09-25 22:37:06,628 INFO    HTTP Request: GET http://localhost:9000/wp-json/wc/store/v1/products/1001 "HTTP/1.1 200 OK"
2026-09-25 22:37:06,632 INFO    HTTP Request: GET http://localhost:9000/wp-json/wc/store/v1/products/1001 "HTTP/1.1 200 OK"
2026-09-25 22:37:06,688 INFO    HTTP Request: GET http://localhost:9000/wp-json/wc/store/v1/products/1001 "HTTP/1.1 200 OK"
2026-09-25 22:37:06,691 INFO    HTTP Request: GET http://localhost:9000/wp-json/wc/store/v1/products/1001 "HTTP/1.1 200 OK"
2026-09-25 22:37:06,744 INFO    HTTP Request: GET http://localhost:9000/wp-json/wc/store/v1/products/1001 "HTTP/1.1 200 OK"
2026-09-25 22:37:06,747 INFO    HTTP Request: GET http://localhost:9000/wp-json/wc/store/v1/products/1001 "HTTP/1.1 200 OK"
2026-09-25 22:37:06,804 INFO    HTTP Request: GET http://localhost:9000/wp-json/wc/store/v1/products/1001 "HTTP/1.1 200 OK"
2026-09-25 22:37:06,807 INFO    HTTP Request: GET http://localhost:9000/wp-json/wc/store/v1/products/1001 "HTTP/1.1 200 OK"
2026-09-25 22:37:06,860 INFO    HTTP Request: GET http://localhost:9000/wp-json/wc/store/v1/products/1001 "HTTP/1.1 200 OK"
2026-09-25 22:37:06,864 INFO    HTTP Request: GET http://localhost:9000/wp-json/wc/store/v1/products/1001 "HTTP/1.1 200 OK"
2026-09-25 22:37:06,921 INFO    HTTP Request: GET http://localhost:9000/wp-json/wc/store/v1/products/1001 "HTTP/1.1 200 OK"
2026-09-25 22:37:06,925 INFO    HTTP Request: GET http://localhost:9000/wp-json/wc/store/v1/products/1001 "HTTP/1.1 200 OK"
2026-09-25 22:37:06,978 INFO    HTTP Request: GET http://localhost:9000/wp-json/wc/store/v1/products/1001 "HTTP/1.1 200 OK"
2026-09-25 22:37:06,981 INFO    HTTP Request: GET http://localhost:9000/wp-json/wc/store/v1/products/1001 "HTTP/1.1 200 OK"
2026-09-25 22:37:07,038 INFO    HTTP Request: GET http://localhost:9000/wp-json/wc/store/v1/products/1001 "HTTP/1.1 200 OK"
2026-09-25 22:37:07,041 INFO    HTTP Request: GET http://localhost:9000/wp-json/wc/store/v1/products/1001 "HTTP/1.1 200 OK"
2026-09-25 22:37:07,042 INFO    [1001] price 1,540,000 (my_last=1,535,000, bids=12, rem=29.9s)
2026-09-25 22:37:07,046 INFO    HTTP Request: POST http://localhost:9000/wp-admin/admin-ajax "HTTP/1.1 200 OK"
2026-09-25 22:37:07,050 INFO    [1001] fire 1,545,000 (contest) → success=True (0.005s)
2026-09-25 22:37:07,107 INFO    HTTP Request: GET http://localhost:9000/wp-json/wc/store/v1/products/1001 "HTTP/1.1 200 OK"
2026-09-25 22:37:07,112 INFO    HTTP Request: GET http://localhost:9000/wp-json/wc/store/v1/products/1001 "HTTP/1.1 200 OK"
2026-09-25 22:37:07,113 INFO    [1001] propagation 0.050s (bid=1,545,000 now_visible)
2026-09-25 22:37:07,113 INFO    [1001] price 1,545,000 (my_last=1,545,000, bids=13, rem=29.8s)
2026-09-25 22:37:07,166 INFO    HTTP Request: GET http://localhost:9000/wp-json/wc/store/v1/products/1001 "HTTP/1.1 200 OK"
2026-09-25 22:37:07,171 INFO    HTTP Request: GET http://localhost:9000/wp-json/wc/store/v1/products/1001 "HTTP/1.1 200 OK"
2026-09-25 22:37:07,224 INFO    HTTP Request: GET http://localhost:9000/wp-json/wc/store/v1/products/1001 "HTTP/1.1 200 OK"
2026-09-25 22:37:07,227 INFO    HTTP Request: GET http://localhost:9000/wp-json/wc/store/v1/products/1001 "HTTP/1.1 200 OK"
2026-09-25 22:37:07,282 INFO    HTTP Request: GET http://localhost:9000/wp-json/wc/store/v1/products/1001 "HTTP/1.1 200 OK"
2026-09-25 22:37:07,289 INFO    HTTP Request: GET http://localhost:9000/wp-json/wc/store/v1/products/1001 "HTTP/1.1 200 OK"
2026-09-25 22:37:07,343 INFO    HTTP Request: GET http://localhost:9000/wp-json/wc/store/v1/products/1001 "HTTP/1.1 200 OK"
2026-09-25 22:37:07,346 INFO    HTTP Request: GET http://localhost:9000/wp-json/wc/store/v1/products/1001 "HTTP/1.1 200 OK"
2026-09-25 22:37:07,398 INFO    HTTP Request: GET http://localhost:9000/wp-json/wc/store/v1/products/1001 "HTTP/1.1 200 OK"
2026-09-25 22:37:07,404 INFO    HTTP Request: GET http://localhost:9000/wp-json/wc/store/v1/products/1001 "HTTP/1.1 200 OK"
2026-09-25 22:37:07,457 INFO    HTTP Request: GET http://localhost:9000/wp-json/wc/store/v1/products/1001 "HTTP/1.1 200 OK"
2026-09-25 22:37:07,459 INFO    HTTP Request: GET http://localhost:9000/wp-json/wc/store/v1/products/1001 "HTTP/1.1 200 OK"
2026-09-25 22:37:07,460 INFO    [1001] summary: mode=contest tail=300ms rem=29.5s reads=50 p50=3ms p95=8ms writes=13 p50=5ms p95=9ms prop=13 p50=50ms p95=51ms bids=13 last=1,545,000 current=1,545,000
2026-09-25 22:37:07,511 INFO    HTTP Request: GET http://localhost:9000/wp-json/wc/store/v1/products/1001 "HTTP/1.1 200 OK"
2026-09-25 22:37:07,513 INFO    HTTP Request: GET http://localhost:9000/wp-json/wc/store/v1/products/1001 "HTTP/1.1 200 OK"
2026-09-25 22:37:07,567 INFO    HTTP Request: GET http://localhost:9000/wp-json/wc/store/v1/products/1001 "HTTP/1.1 200 OK"
2026-09-25 22:37:07,572 INFO    HTTP Request: GET http://localhost:9000/wp-json/wc/store/v1/products/1001 "HTTP/1.1 200 OK"
2026-09-25 22:37:07,626 INFO    HTTP Request: GET http://localhost:9000/wp-json/wc/store/v1/products/1001 "HTTP/1.1 200 OK"
2026-09-25 22:37:07,630 INFO    HTTP Request: GET http://localhost:9000/wp-json/wc/store/v1/products/1001 "HTTP/1.1 200 OK"
2026-09-25 22:37:07,689 INFO    HTTP Request: GET http://localhost:9000/wp-json/wc/store/v1/products/1001 "HTTP/1.1 200 OK"
2026-09-25 22:37:07,695 INFO    HTTP Request: GET http://localhost:9000/wp-json/wc/store/v1/products/1001 "HTTP/1.1 200 OK"
2026-09-25 22:37:07,759 INFO    HTTP Request: GET http://localhost:9000/wp-json/wc/store/v1/products/1001 "HTTP/1.1 200 OK"
2026-09-25 22:37:07,771 INFO    HTTP Request: GET http://localhost:9000/wp-json/wc/store/v1/products/1001 "HTTP/1.1 200 OK"
2026-09-25 22:37:07,826 INFO    HTTP Request: GET http://localhost:9000/wp-json/wc/store/v1/products/1001 "HTTP/1.1 200 OK"
2026-09-25 22:37:07,829 INFO    HTTP Request: GET http://localhost:9000/wp-json/wc/store/v1/products/1001 "HTTP/1.1 200 OK"
2026-09-25 22:37:07,882 INFO    HTTP Request: GET http://localhost:9000/wp-json/wc/store/v1/products/1001 "HTTP/1.1 200 OK"
2026-09-25 22:37:07,885 INFO    HTTP Request: GET http://localhost:9000/wp-json/wc/store/v1/products/1001 "HTTP/1.1 200 OK"
2026-09-25 22:37:07,937 INFO    HTTP Request: GET http://localhost:9000/wp-json/wc/store/v1/products/1001 "HTTP/1.1 200 OK"
2026-09-25 22:37:07,940 INFO    HTTP Request: GET http://localhost:9000/wp-json/wc/store/v1/products/1001 "HTTP/1.1 200 OK"
2026-09-25 22:37:07,996 INFO    HTTP Request: GET http://localhost:9000/wp-json/wc/store/v1/products/1001 "HTTP/1.1 200 OK"
2026-09-25 22:37:08,003 INFO    HTTP Request: GET http://localhost:9000/wp-json/wc/store/v1/products/1001 "HTTP/1.1 200 OK"
2026-09-25 22:37:08,063 INFO    HTTP Request: GET http://localhost:9000/wp-json/wc/store/v1/products/1001 "HTTP/1.1 200 OK"
2026-09-25 22:37:08,080 INFO    HTTP Request: GET http://localhost:9000/wp-json/wc/store/v1/products/1001 "HTTP/1.1 200 OK"
2026-09-25 22:37:08,137 INFO    HTTP Request: GET http://localhost:9000/wp-json/wc/store/v1/products/1001 "HTTP/1.1 200 OK"
2026-09-25 22:37:08,140 INFO    HTTP Request: GET http://localhost:9000/wp-json/wc/store/v1/products/1001 "HTTP/1.1 200 OK"
2026-09-25 22:37:08,192 INFO    HTTP Request: GET http://localhost:9000/wp-json/wc/store/v1/products/1001 "HTTP/1.1 200 OK"
2026-09-25 22:37:08,195 INFO    HTTP Request: GET http://localhost:9000/wp-json/wc/store/v1/products/1001 "HTTP/1.1 200 OK"
2026-09-25 22:37:08,247 INFO    HTTP Request: GET http://localhost:9000/wp-json/wc/store/v1/products/1001 "HTTP/1.1 200 OK"
2026-09-25 22:37:08,251 INFO    HTTP Request: GET http://localhost:9000/wp-json/wc/store/v1/products/1001 "HTTP/1.1 200 OK"
2026-09-25 22:37:08,305 INFO    HTTP Request: GET http://localhost:9000/wp-json/wc/store/v1/products/1001 "HTTP/1.1 200 OK"
2026-09-25 22:37:08,309 INFO    HTTP Request: GET http://localhost:9000/wp-json/wc/store/v1/products/1001 "HTTP/1.1 200 OK"
2026-09-25 22:37:08,364 INFO    HTTP Request: GET http://localhost:9000/wp-json/wc/store/v1/products/1001 "HTTP/1.1 200 OK"
2026-09-25 22:37:08,370 INFO    HTTP Request: GET http://localhost:9000/wp-json/wc/store/v1/products/1001 "HTTP/1.1 200 OK"
2026-09-25 22:37:08,424 INFO    HTTP Request: GET http://localhost:9000/wp-json/wc/store/v1/products/1001 "HTTP/1.1 200 OK"
2026-09-25 22:37:08,428 INFO    HTTP Request: GET http://localhost:9000/wp-json/wc/store/v1/products/1001 "HTTP/1.1 200 OK"
2026-09-25 22:37:08,485 INFO    HTTP Request: GET http://localhost:9000/wp-json/wc/store/v1/products/1001 "HTTP/1.1 200 OK"
2026-09-25 22:37:08,489 INFO    HTTP Request: GET http://localhost:9000/wp-json/wc/store/v1/products/1001 "HTTP/1.1 200 OK"
2026-09-25 22:37:08,544 INFO    HTTP Request: GET http://localhost:9000/wp-json/wc/store/v1/products/1001 "HTTP/1.1 200 OK"
2026-09-25 22:37:08,548 INFO    HTTP Request: GET http://localhost:9000/wp-json/wc/store/v1/products/1001 "HTTP/1.1 200 OK"
2026-09-25 22:37:08,606 INFO    HTTP Request: GET http://localhost:9000/wp-json/wc/store/v1/products/1001 "HTTP/1.1 200 OK"
2026-09-25 22:37:08,609 INFO    HTTP Request: GET http://localhost:9000/wp-json/wc/store/v1/products/1001 "HTTP/1.1 200 OK"
2026-09-25 22:37:08,664 INFO    HTTP Request: GET http://localhost:9000/wp-json/wc/store/v1/products/1001 "HTTP/1.1 200 OK"
2026-09-25 22:37:08,671 INFO    HTTP Request: GET http://localhost:9000/wp-json/wc/store/v1/products/1001 "HTTP/1.1 200 OK"
2026-09-25 22:37:08,726 INFO    HTTP Request: GET http://localhost:9000/wp-json/wc/store/v1/products/1001 "HTTP/1.1 200 OK"
2026-09-25 22:37:08,730 INFO    HTTP Request: GET http://localhost:9000/wp-json/wc/store/v1/products/1001 "HTTP/1.1 200 OK"
2026-09-25 22:37:08,786 INFO    HTTP Request: GET http://localhost:9000/wp-json/wc/store/v1/products/1001 "HTTP/1.1 200 OK"
2026-09-25 22:37:08,791 INFO    HTTP Request: GET http://localhost:9000/wp-json/wc/store/v1/products/1001 "HTTP/1.1 200 OK"
2026-09-25 22:37:08,845 INFO    HTTP Request: GET http://localhost:9000/wp-json/wc/store/v1/products/1001 "HTTP/1.1 200 OK"
2026-09-25 22:37:08,850 INFO    HTTP Request: GET http://localhost:9000/wp-json/wc/store/v1/products/1001 "HTTP/1.1 200 OK"
2026-09-25 22:37:08,906 INFO    HTTP Request: GET http://localhost:9000/wp-json/wc/store/v1/products/1001 "HTTP/1.1 200 OK"
2026-09-25 22:37:08,910 INFO    HTTP Request: GET http://localhost:9000/wp-json/wc/store/v1/products/1001 "HTTP/1.1 200 OK"
2026-09-25 22:37:08,963 INFO    HTTP Request: GET http://localhost:9000/wp-json/wc/store/v1/products/1001 "HTTP/1.1 200 OK"
2026-09-25 22:37:08,968 INFO    HTTP Request: GET http://localhost:9000/wp-json/wc/store/v1/products/1001 "HTTP/1.1 200 OK"
2026-09-25 22:37:09,021 INFO    HTTP Request: GET http://localhost:9000/wp-json/wc/store/v1/products/1001 "HTTP/1.1 200 OK"
2026-09-25 22:37:09,024 INFO    HTTP Request: GET http://localhost:9000/wp-json/wc/store/v1/products/1001 "HTTP/1.1 200 OK"
2026-09-25 22:37:09,076 INFO    HTTP Request: GET http://localhost:9000/wp-json/wc/store/v1/products/1001 "HTTP/1.1 200 OK"
2026-09-25 22:37:09,078 INFO    HTTP Request: GET http://localhost:9000/wp-json/wc/store/v1/products/1001 "HTTP/1.1 200 OK"
2026-09-25 22:37:09,131 INFO    HTTP Request: GET http://localhost:9000/wp-json/wc/store/v1/products/1001 "HTTP/1.1 200 OK"
2026-09-25 22:37:09,134 INFO    HTTP Request: GET http://localhost:9000/wp-json/wc/store/v1/products/1001 "HTTP/1.1 200 OK"
2026-09-25 22:37:09,187 INFO    HTTP Request: GET http://localhost:9000/wp-json/wc/store/v1/products/1001 "HTTP/1.1 200 OK"
2026-09-25 22:37:09,190 INFO    HTTP Request: GET http://localhost:9000/wp-json/wc/store/v1/products/1001 "HTTP/1.1 200 OK"
2026-09-25 22:37:09,243 INFO    HTTP Request: GET http://localhost:9000/wp-json/wc/store/v1/products/1001 "HTTP/1.1 200 OK"
2026-09-25 22:37:09,244 INFO    HTTP Request: GET http://localhost:9000/wp-json/wc/store/v1/products/1001 "HTTP/1.1 200 OK"
2026-09-25 22:37:09,297 INFO    HTTP Request: GET http://localhost:9000/wp-json/wc/store/v1/products/1001 "HTTP/1.1 200 OK"
2026-09-25 22:37:09,299 INFO    HTTP Request: GET http://localhost:9000/wp-json/wc/store/v1/products/1001 "HTTP/1.1 200 OK"
2026-09-25 22:37:09,354 INFO    HTTP Request: GET http://localhost:9000/wp-json/wc/store/v1/products/1001 "HTTP/1.1 200 OK"
2026-09-25 22:37:09,357 INFO    HTTP Request: GET http://localhost:9000/wp-json/wc/store/v1/products/1001 "HTTP/1.1 200 OK"
2026-09-25 22:37:09,410 INFO    HTTP Request: GET http://localhost:9000/wp-json/wc/store/v1/products/1001 "HTTP/1.1 200 OK"
2026-09-25 22:37:09,413 INFO    HTTP Request: GET http://localhost:9000/wp-json/wc/store/v1/products/1001 "HTTP/1.1 200 OK"
2026-09-25 22:37:09,468 INFO    HTTP Request: GET http://localhost:9000/wp-json/wc/store/v1/products/1001 "HTTP/1.1 200 OK"
2026-09-25 22:37:09,471 INFO    HTTP Request: GET http://localhost:9000/wp-json/wc/store/v1/products/1001 "HTTP/1.1 200 OK"
2026-09-25 22:37:09,524 INFO    HTTP Request: GET http://localhost:9000/wp-json/wc/store/v1/products/1001 "HTTP/1.1 200 OK"
2026-09-25 22:37:09,527 INFO    HTTP Request: GET http://localhost:9000/wp-json/wc/store/v1/products/1001 "HTTP/1.1 200 OK"
2026-09-25 22:37:09,587 INFO    HTTP Request: GET http://localhost:9000/wp-json/wc/store/v1/products/1001 "HTTP/1.1 200 OK"
2026-09-25 22:37:09,606 INFO    HTTP Request: GET http://localhost:9000/wp-json/wc/store/v1/products/1001 "HTTP/1.1 200 OK"
2026-09-25 22:37:09,669 INFO    HTTP Request: GET http://localhost:9000/wp-json/wc/store/v1/products/1001 "HTTP/1.1 200 OK"
2026-09-25 22:37:09,687 INFO    HTTP Request: GET http://localhost:9000/wp-json/wc/store/v1/products/1001 "HTTP/1.1 200 OK"
2026-09-25 22:37:09,750 INFO    HTTP Request: GET http://localhost:9000/wp-json/wc/store/v1/products/1001 "HTTP/1.1 200 OK"
2026-09-25 22:37:09,774 INFO    HTTP Request: GET http://localhost:9000/wp-json/wc/store/v1/products/1001 "HTTP/1.1 200 OK"
2026-09-25 22:37:09,827 INFO    HTTP Request: GET http://localhost:9000/wp-json/wc/store/v1/products/1001 "HTTP/1.1 200 OK"
2026-09-25 22:37:09,829 INFO    HTTP Request: GET http://localhost:9000/wp-json/wc/store/v1/products/1001 "HTTP/1.1 200 OK"
2026-09-25 22:37:09,881 INFO    HTTP Request: GET http://localhost:9000/wp-json/wc/store/v1/products/1001 "HTTP/1.1 200 OK"
2026-09-25 22:37:09,887 INFO    HTTP Request: GET http://localhost:9000/wp-json/wc/store/v1/products/1001 "HTTP/1.1 200 OK"
2026-09-25 22:37:09,940 INFO    HTTP Request: GET http://localhost:9000/wp-json/wc/store/v1/products/1001 "HTTP/1.1 200 OK"
2026-09-25 22:37:09,942 INFO    HTTP Request: GET http://localhost:9000/wp-json/wc/store/v1/products/1001 "HTTP/1.1 200 OK"
2026-09-25 22:37:09,994 INFO    HTTP Request: GET http://localhost:9000/wp-json/wc/store/v1/products/1001 "HTTP/1.1 200 OK"
2026-09-25 22:37:09,996 INFO    HTTP Request: GET http://localhost:9000/wp-json/wc/store/v1/products/1001 "HTTP/1.1 200 OK"
2026-09-25 22:37:10,048 INFO    HTTP Request: GET http://localhost:9000/wp-json/wc/store/v1/products/1001 "HTTP/1.1 200 OK"
2026-09-25 22:37:10,054 INFO    HTTP Request: GET http://localhost:9000/wp-json/wc/store/v1/products/1001 "HTTP/1.1 200 OK"
2026-09-25 22:37:10,107 INFO    HTTP Request: GET http://localhost:9000/wp-json/wc/store/v1/products/1001 "HTTP/1.1 200 OK"
2026-09-25 22:37:10,110 INFO    HTTP Request: GET http://localhost:9000/wp-json/wc/store/v1/products/1001 "HTTP/1.1 200 OK"
2026-09-25 22:37:10,163 INFO    HTTP Request: GET http://localhost:9000/wp-json/wc/store/v1/products/1001 "HTTP/1.1 200 OK"
2026-09-25 22:37:10,168 INFO    HTTP Request: GET http://localhost:9000/wp-json/wc/store/v1/products/1001 "HTTP/1.1 200 OK"
2026-09-25 22:37:10,222 INFO    HTTP Request: GET http://localhost:9000/wp-json/wc/store/v1/products/1001 "HTTP/1.1 200 OK"
2026-09-25 22:37:10,225 INFO    HTTP Request: GET http://localhost:9000/wp-json/wc/store/v1/products/1001 "HTTP/1.1 200 OK"
2026-09-25 22:37:10,278 INFO    HTTP Request: GET http://localhost:9000/wp-json/wc/store/v1/products/1001 "HTTP/1.1 200 OK"
2026-09-25 22:37:10,282 INFO    HTTP Request: GET http://localhost:9000/wp-json/wc/store/v1/products/1001 "HTTP/1.1 200 OK"
2026-09-25 22:37:10,338 INFO    HTTP Request: GET http://localhost:9000/wp-json/wc/store/v1/products/1001 "HTTP/1.1 200 OK"
2026-09-25 22:37:10,341 INFO    HTTP Request: GET http://localhost:9000/wp-json/wc/store/v1/products/1001 "HTTP/1.1 200 OK"
2026-09-25 22:37:10,394 INFO    HTTP Request: GET http://localhost:9000/wp-json/wc/store/v1/products/1001 "HTTP/1.1 200 OK"
2026-09-25 22:37:10,397 INFO    HTTP Request: GET http://localhost:9000/wp-json/wc/store/v1/products/1001 "HTTP/1.1 200 OK"
2026-09-25 22:37:10,454 INFO    HTTP Request: GET http://localhost:9000/wp-json/wc/store/v1/products/1001 "HTTP/1.1 200 OK"
2026-09-25 22:37:10,458 INFO    HTTP Request: GET http://localhost:9000/wp-json/wc/store/v1/products/1001 "HTTP/1.1 200 OK"
2026-09-25 22:37:10,511 INFO    HTTP Request: GET http://localhost:9000/wp-json/wc/store/v1/products/1001 "HTTP/1.1 200 OK"
2026-09-25 22:37:10,514 INFO    HTTP Request: GET http://localhost:9000/wp-json/wc/store/v1/products/1001 "HTTP/1.1 200 OK"
2026-09-25 22:37:10,571 INFO    HTTP Request: GET http://localhost:9000/wp-json/wc/store/v1/products/1001 "HTTP/1.1 200 OK"
2026-09-25 22:37:10,575 INFO    HTTP Request: GET http://localhost:9000/wp-json/wc/store/v1/products/1001 "HTTP/1.1 200 OK"
2026-09-25 22:37:10,628 INFO    HTTP Request: GET http://localhost:9000/wp-json/wc/store/v1/products/1001 "HTTP/1.1 200 OK"
2026-09-25 22:37:10,632 INFO    HTTP Request: GET http://localhost:9000/wp-json/wc/store/v1/products/1001 "HTTP/1.1 200 OK"
2026-09-25 22:37:10,688 INFO    HTTP Request: GET http://localhost:9000/wp-json/wc/store/v1/products/1001 "HTTP/1.1 200 OK"
2026-09-25 22:37:10,691 INFO    HTTP Request: GET http://localhost:9000/wp-json/wc/store/v1/products/1001 "HTTP/1.1 200 OK"
2026-09-25 22:37:10,744 INFO    HTTP Request: GET http://localhost:9000/wp-json/wc/store/v1/products/1001 "HTTP/1.1 200 OK"
2026-09-25 22:37:10,748 INFO    HTTP Request: GET http://localhost:9000/wp-json/wc/store/v1/products/1001 "HTTP/1.1 200 OK"
2026-09-25 22:37:10,807 INFO    HTTP Request: GET http://localhost:9000/wp-json/wc/store/v1/products/1001 "HTTP/1.1 200 OK"
2026-09-25 22:37:10,813 INFO    HTTP Request: GET http://localhost:9000/wp-json/wc/store/v1/products/1001 "HTTP/1.1 200 OK"
2026-09-25 22:37:10,875 INFO    HTTP Request: GET http://localhost:9000/wp-json/wc/store/v1/products/1001 "HTTP/1.1 200 OK"
2026-09-25 22:37:10,885 INFO    HTTP Request: GET http://localhost:9000/wp-json/wc/store/v1/products/1001 "HTTP/1.1 200 OK"
2026-09-25 22:37:10,945 INFO    HTTP Request: GET http://localhost:9000/wp-json/wc/store/v1/products/1001 "HTTP/1.1 200 OK"
2026-09-25 22:37:10,958 INFO    HTTP Request: GET http://localhost:9000/wp-json/wc/store/v1/products/1001 "HTTP/1.1 200 OK"
2026-09-25 22:37:11,011 INFO    HTTP Request: GET http://localhost:9000/wp-json/wc/store/v1/products/1001 "HTTP/1.1 200 OK"
2026-09-25 22:37:11,013 INFO    HTTP Request: GET http://localhost:9000/wp-json/wc/store/v1/products/1001 "HTTP/1.1 200 OK"
2026-09-25 22:37:11,067 INFO    HTTP Request: GET http://localhost:9000/wp-json/wc/store/v1/products/1001 "HTTP/1.1 200 OK"
2026-09-25 22:37:11,072 INFO    HTTP Request: GET http://localhost:9000/wp-json/wc/store/v1/products/1001 "HTTP/1.1 200 OK"
2026-09-25 22:37:11,124 INFO    HTTP Request: GET http://localhost:9000/wp-json/wc/store/v1/products/1001 "HTTP/1.1 200 OK"
2026-09-25 22:37:11,127 INFO    HTTP Request: GET http://localhost:9000/wp-json/wc/store/v1/products/1001 "HTTP/1.1 200 OK"
2026-09-25 22:37:11,182 INFO    HTTP Request: GET http://localhost:9000/wp-json/wc/store/v1/products/1001 "HTTP/1.1 200 OK"
2026-09-25 22:37:11,192 INFO    HTTP Request: GET http://localhost:9000/wp-json/wc/store/v1/products/1001 "HTTP/1.1 200 OK"
2026-09-25 22:37:11,254 INFO    HTTP Request: GET http://localhost:9000/wp-json/wc/store/v1/products/1001 "HTTP/1.1 200 OK"
2026-09-25 22:37:11,260 INFO    HTTP Request: GET http://localhost:9000/wp-json/wc/store/v1/products/1001 "HTTP/1.1 200 OK"
2026-09-25 22:37:11,318 INFO    HTTP Request: GET http://localhost:9000/wp-json/wc/store/v1/products/1001 "HTTP/1.1 200 OK"
2026-09-25 22:37:11,325 INFO    HTTP Request: GET http://localhost:9000/wp-json/wc/store/v1/products/1001 "HTTP/1.1 200 OK"
2026-09-25 22:37:11,381 INFO    HTTP Request: GET http://localhost:9000/wp-json/wc/store/v1/products/1001 "HTTP/1.1 200 OK"
2026-09-25 22:37:11,391 INFO    HTTP Request: GET http://localhost:9000/wp-json/wc/store/v1/products/1001 "HTTP/1.1 200 OK"
2026-09-25 22:37:11,447 INFO    HTTP Request: GET http://localhost:9000/wp-json/wc/store/v1/products/1001 "HTTP/1.1 200 OK"
2026-09-25 22:37:11,458 INFO    HTTP Request: GET http://localhost:9000/wp-json/wc/store/v1/products/1001 "HTTP/1.1 200 OK"
2026-09-25 22:37:11,519 INFO    HTTP Request: GET http://localhost:9000/wp-json/wc/store/v1/products/1001 "HTTP/1.1 200 OK"
2026-09-25 22:37:11,527 INFO    HTTP Request: GET http://localhost:9000/wp-json/wc/store/v1/products/1001 "HTTP/1.1 200 OK"
2026-09-25 22:37:11,581 INFO    HTTP Request: GET http://localhost:9000/wp-json/wc/store/v1/products/1001 "HTTP/1.1 200 OK"
2026-09-25 22:37:11,590 INFO    HTTP Request: GET http://localhost:9000/wp-json/wc/store/v1/products/1001 "HTTP/1.1 200 OK"
2026-09-25 22:37:11,643 INFO    HTTP Request: GET http://localhost:9000/wp-json/wc/store/v1/products/1001 "HTTP/1.1 200 OK"
2026-09-25 22:37:11,647 INFO    HTTP Request: GET http://localhost:9000/wp-json/wc/store/v1/products/1001 "HTTP/1.1 200 OK"
2026-09-25 22:37:11,702 INFO    HTTP Request: GET http://localhost:9000/wp-json/wc/store/v1/products/1001 "HTTP/1.1 200 OK"
2026-09-25 22:37:11,706 INFO    HTTP Request: GET http://localhost:9000/wp-json/wc/store/v1/products/1001 "HTTP/1.1 200 OK"
2026-09-25 22:37:11,759 INFO    HTTP Request: GET http://localhost:9000/wp-json/wc/store/v1/products/1001 "HTTP/1.1 200 OK"
2026-09-25 22:37:11,763 INFO    HTTP Request: GET http://localhost:9000/wp-json/wc/store/v1/products/1001 "HTTP/1.1 200 OK"
2026-09-25 22:37:11,820 INFO    HTTP Request: GET http://localhost:9000/wp-json/wc/store/v1/products/1001 "HTTP/1.1 200 OK"
2026-09-25 22:37:11,824 INFO    HTTP Request: GET http://localhost:9000/wp-json/wc/store/v1/products/1001 "HTTP/1.1 200 OK"
2026-09-25 22:37:11,877 INFO    HTTP Request: GET http://localhost:9000/wp-json/wc/store/v1/products/1001 "HTTP/1.1 200 OK"
2026-09-25 22:37:11,881 INFO    HTTP Request: GET http://localhost:9000/wp-json/wc/store/v1/products/1001 "HTTP/1.1 200 OK"
2026-09-25 22:37:11,938 INFO    HTTP Request: GET http://localhost:9000/wp-json/wc/store/v1/products/1001 "HTTP/1.1 200 OK"
2026-09-25 22:37:11,942 INFO    HTTP Request: GET http://localhost:9000/wp-json/wc/store/v1/products/1001 "HTTP/1.1 200 OK"
2026-09-25 22:37:11,995 INFO    HTTP Request: GET http://localhost:9000/wp-json/wc/store/v1/products/1001 "HTTP/1.1 200 OK"
2026-09-25 22:37:12,000 INFO    HTTP Request: GET http://localhost:9000/wp-json/wc/store/v1/products/1001 "HTTP/1.1 200 OK"
2026-09-25 22:37:12,058 INFO    HTTP Request: GET http://localhost:9000/wp-json/wc/store/v1/products/1001 "HTTP/1.1 200 OK"
2026-09-25 22:37:12,065 INFO    HTTP Request: GET http://localhost:9000/wp-json/wc/store/v1/products/1001 "HTTP/1.1 200 OK"
2026-09-25 22:37:12,128 INFO    HTTP Request: GET http://localhost:9000/wp-json/wc/store/v1/products/1001 "HTTP/1.1 200 OK"
2026-09-25 22:37:12,137 INFO    HTTP Request: GET http://localhost:9000/wp-json/wc/store/v1/products/1001 "HTTP/1.1 200 OK"
2026-09-25 22:37:12,191 INFO    HTTP Request: GET http://localhost:9000/wp-json/wc/store/v1/products/1001 "HTTP/1.1 200 OK"
2026-09-25 22:37:12,194 INFO    HTTP Request: GET http://localhost:9000/wp-json/wc/store/v1/products/1001 "HTTP/1.1 200 OK"
2026-09-25 22:37:12,246 INFO    HTTP Request: GET http://localhost:9000/wp-json/wc/store/v1/products/1001 "HTTP/1.1 200 OK"
2026-09-25 22:37:12,250 INFO    HTTP Request: GET http://localhost:9000/wp-json/wc/store/v1/products/1001 "HTTP/1.1 200 OK"
2026-09-25 22:37:12,304 INFO    HTTP Request: GET http://localhost:9000/wp-json/wc/store/v1/products/1001 "HTTP/1.1 200 OK"
2026-09-25 22:37:12,307 INFO    HTTP Request: GET http://localhost:9000/wp-json/wc/store/v1/products/1001 "HTTP/1.1 200 OK"
2026-09-25 22:37:12,360 INFO    HTTP Request: GET http://localhost:9000/wp-json/wc/store/v1/products/1001 "HTTP/1.1 200 OK"
2026-09-25 22:37:12,363 INFO    HTTP Request: GET http://localhost:9000/wp-json/wc/store/v1/products/1001 "HTTP/1.1 200 OK"
2026-09-25 22:37:12,416 INFO    HTTP Request: GET http://localhost:9000/wp-json/wc/store/v1/products/1001 "HTTP/1.1 200 OK"
2026-09-25 22:37:12,421 INFO    HTTP Request: GET http://localhost:9000/wp-json/wc/store/v1/products/1001 "HTTP/1.1 200 OK"
2026-09-25 22:37:12,474 INFO    HTTP Request: GET http://localhost:9000/wp-json/wc/store/v1/products/1001 "HTTP/1.1 200 OK"
2026-09-25 22:37:12,478 INFO    HTTP Request: GET http://localhost:9000/wp-json/wc/store/v1/products/1001 "HTTP/1.1 200 OK"
2026-09-25 22:37:12,478 INFO    [1001] summary: mode=contest tail=300ms rem=24.5s reads=50 p50=4ms p95=11ms writes=13 p50=5ms p95=9ms prop=13 p50=50ms p95=51ms bids=13 last=1,545,000 current=1,545,000
2026-09-25 22:37:12,531 INFO    HTTP Request: GET http://localhost:9000/wp-json/wc/store/v1/products/1001 "HTTP/1.1 200 OK"
2026-09-25 22:37:12,536 INFO    HTTP Request: GET http://localhost:9000/wp-json/wc/store/v1/products/1001 "HTTP/1.1 200 OK"
2026-09-25 22:37:12,589 INFO    HTTP Request: GET http://localhost:9000/wp-json/wc/store/v1/products/1001 "HTTP/1.1 200 OK"
2026-09-25 22:37:12,593 INFO    HTTP Request: GET http://localhost:9000/wp-json/wc/store/v1/products/1001 "HTTP/1.1 200 OK"
2026-09-25 22:37:12,645 INFO    HTTP Request: GET http://localhost:9000/wp-json/wc/store/v1/products/1001 "HTTP/1.1 200 OK"
2026-09-25 22:37:12,648 INFO    HTTP Request: GET http://localhost:9000/wp-json/wc/store/v1/products/1001 "HTTP/1.1 200 OK"
2026-09-25 22:37:12,705 INFO    HTTP Request: GET http://localhost:9000/wp-json/wc/store/v1/products/1001 "HTTP/1.1 200 OK"
2026-09-25 22:37:12,709 INFO    HTTP Request: GET http://localhost:9000/wp-json/wc/store/v1/products/1001 "HTTP/1.1 200 OK"
2026-09-25 22:37:12,763 INFO    HTTP Request: GET http://localhost:9000/wp-json/wc/store/v1/products/1001 "HTTP/1.1 200 OK"
2026-09-25 22:37:12,770 INFO    HTTP Request: GET http://localhost:9000/wp-json/wc/store/v1/products/1001 "HTTP/1.1 200 OK"
2026-09-25 22:37:12,825 INFO    HTTP Request: GET http://localhost:9000/wp-json/wc/store/v1/products/1001 "HTTP/1.1 200 OK"
2026-09-25 22:37:12,827 INFO    HTTP Request: GET http://localhost:9000/wp-json/wc/store/v1/products/1001 "HTTP/1.1 200 OK"
2026-09-25 22:37:12,880 INFO    HTTP Request: GET http://localhost:9000/wp-json/wc/store/v1/products/1001 "HTTP/1.1 200 OK"
2026-09-25 22:37:12,885 INFO    HTTP Request: GET http://localhost:9000/wp-json/wc/store/v1/products/1001 "HTTP/1.1 200 OK"
2026-09-25 22:37:12,938 INFO    HTTP Request: GET http://localhost:9000/wp-json/wc/store/v1/products/1001 "HTTP/1.1 200 OK"
2026-09-25 22:37:12,942 INFO    HTTP Request: GET http://localhost:9000/wp-json/wc/store/v1/products/1001 "HTTP/1.1 200 OK"
2026-09-25 22:37:12,998 INFO    HTTP Request: GET http://localhost:9000/wp-json/wc/store/v1/products/1001 "HTTP/1.1 200 OK"
2026-09-25 22:37:13,006 INFO    HTTP Request: GET http://localhost:9000/wp-json/wc/store/v1/products/1001 "HTTP/1.1 200 OK"
2026-09-25 22:37:13,064 INFO    HTTP Request: GET http://localhost:9000/wp-json/wc/store/v1/products/1001 "HTTP/1.1 200 OK"
2026-09-25 22:37:13,074 INFO    HTTP Request: GET http://localhost:9000/wp-json/wc/store/v1/products/1001 "HTTP/1.1 200 OK"
2026-09-25 22:37:13,076 INFO    [1001] price 1,580,000 (my_last=1,545,000, bids=13, rem=23.9s)
2026-09-25 22:37:13,085 INFO    HTTP Request: POST http://localhost:9000/wp-admin/admin-ajax "HTTP/1.1 200 OK"
2026-09-25 22:37:13,095 INFO    [1001] fire 1,585,000 (contest) → success=True (0.010s)
2026-09-25 22:37:13,148 INFO    HTTP Request: GET http://localhost:9000/wp-json/wc/store/v1/products/1001 "HTTP/1.1 200 OK"
2026-09-25 22:37:13,155 INFO    HTTP Request: GET http://localhost:9000/wp-json/wc/store/v1/products/1001 "HTTP/1.1 200 OK"
2026-09-25 22:37:13,157 INFO    [1001] propagation 0.050s (bid=1,585,000 now_visible)
2026-09-25 22:37:13,158 INFO    [1001] price 1,585,000 (my_last=1,585,000, bids=14, rem=23.8s)
2026-09-25 22:37:13,211 INFO    HTTP Request: GET http://localhost:9000/wp-json/wc/store/v1/products/1001 "HTTP/1.1 200 OK"
2026-09-25 22:37:13,214 INFO    HTTP Request: GET http://localhost:9000/wp-json/wc/store/v1/products/1001 "HTTP/1.1 200 OK"
2026-09-25 22:37:13,270 INFO    HTTP Request: GET http://localhost:9000/wp-json/wc/store/v1/products/1001 "HTTP/1.1 200 OK"
2026-09-25 22:37:13,273 INFO    HTTP Request: GET http://localhost:9000/wp-json/wc/store/v1/products/1001 "HTTP/1.1 200 OK"
2026-09-25 22:37:13,326 INFO    HTTP Request: GET http://localhost:9000/wp-json/wc/store/v1/products/1001 "HTTP/1.1 200 OK"
2026-09-25 22:37:13,330 INFO    HTTP Request: GET http://localhost:9000/wp-json/wc/store/v1/products/1001 "HTTP/1.1 200 OK"
2026-09-25 22:37:13,387 INFO    HTTP Request: GET http://localhost:9000/wp-json/wc/store/v1/products/1001 "HTTP/1.1 200 OK"
2026-09-25 22:37:13,390 INFO    HTTP Request: GET http://localhost:9000/wp-json/wc/store/v1/products/1001 "HTTP/1.1 200 OK"
2026-09-25 22:37:13,443 INFO    HTTP Request: GET http://localhost:9000/wp-json/wc/store/v1/products/1001 "HTTP/1.1 200 OK"
2026-09-25 22:37:13,445 INFO    HTTP Request: GET http://localhost:9000/wp-json/wc/store/v1/products/1001 "HTTP/1.1 200 OK"
2026-09-25 22:37:13,498 INFO    HTTP Request: GET http://localhost:9000/wp-json/wc/store/v1/products/1001 "HTTP/1.1 200 OK"
2026-09-25 22:37:13,503 INFO    HTTP Request: GET http://localhost:9000/wp-json/wc/store/v1/products/1001 "HTTP/1.1 200 OK"
2026-09-25 22:37:13,556 INFO    HTTP Request: GET http://localhost:9000/wp-json/wc/store/v1/products/1001 "HTTP/1.1 200 OK"
2026-09-25 22:37:13,560 INFO    HTTP Request: GET http://localhost:9000/wp-json/wc/store/v1/products/1001 "HTTP/1.1 200 OK"
2026-09-25 22:37:13,613 INFO    HTTP Request: GET http://localhost:9000/wp-json/wc/store/v1/products/1001 "HTTP/1.1 200 OK"
2026-09-25 22:37:13,619 INFO    HTTP Request: GET http://localhost:9000/wp-json/wc/store/v1/products/1001 "HTTP/1.1 200 OK"
2026-09-25 22:37:13,673 INFO    HTTP Request: GET http://localhost:9000/wp-json/wc/store/v1/products/1001 "HTTP/1.1 200 OK"
2026-09-25 22:37:13,677 INFO    HTTP Request: GET http://localhost:9000/wp-json/wc/store/v1/products/1001 "HTTP/1.1 200 OK"
2026-09-25 22:37:13,731 INFO    HTTP Request: GET http://localhost:9000/wp-json/wc/store/v1/products/1001 "HTTP/1.1 200 OK"
2026-09-25 22:37:13,736 INFO    HTTP Request: GET http://localhost:9000/wp-json/wc/store/v1/products/1001 "HTTP/1.1 200 OK"
2026-09-25 22:37:13,790 INFO    HTTP Request: GET http://localhost:9000/wp-json/wc/store/v1/products/1001 "HTTP/1.1 200 OK"
2026-09-25 22:37:13,794 INFO    HTTP Request: GET http://localhost:9000/wp-json/wc/store/v1/products/1001 "HTTP/1.1 200 OK"
2026-09-25 22:37:13,847 INFO    HTTP Request: GET http://localhost:9000/wp-json/wc/store/v1/products/1001 "HTTP/1.1 200 OK"
2026-09-25 22:37:13,853 INFO    HTTP Request: GET http://localhost:9000/wp-json/wc/store/v1/products/1001 "HTTP/1.1 200 OK"
2026-09-25 22:37:13,907 INFO    HTTP Request: GET http://localhost:9000/wp-json/wc/store/v1/products/1001 "HTTP/1.1 200 OK"
2026-09-25 22:37:13,911 INFO    HTTP Request: GET http://localhost:9000/wp-json/wc/store/v1/products/1001 "HTTP/1.1 200 OK"
2026-09-25 22:37:13,965 INFO    HTTP Request: GET http://localhost:9000/wp-json/wc/store/v1/products/1001 "HTTP/1.1 200 OK"
2026-09-25 22:37:13,970 INFO    HTTP Request: GET http://localhost:9000/wp-json/wc/store/v1/products/1001 "HTTP/1.1 200 OK"
2026-09-25 22:37:14,024 INFO    HTTP Request: GET http://localhost:9000/wp-json/wc/store/v1/products/1001 "HTTP/1.1 200 OK"
2026-09-25 22:37:14,027 INFO    HTTP Request: GET http://localhost:9000/wp-json/wc/store/v1/products/1001 "HTTP/1.1 200 OK"
2026-09-25 22:37:14,081 INFO    HTTP Request: GET http://localhost:9000/wp-json/wc/store/v1/products/1001 "HTTP/1.1 200 OK"
2026-09-25 22:37:14,086 INFO    HTTP Request: GET http://localhost:9000/wp-json/wc/store/v1/products/1001 "HTTP/1.1 200 OK"
2026-09-25 22:37:14,140 INFO    HTTP Request: GET http://localhost:9000/wp-json/wc/store/v1/products/1001 "HTTP/1.1 200 OK"
2026-09-25 22:37:14,144 INFO    HTTP Request: GET http://localhost:9000/wp-json/wc/store/v1/products/1001 "HTTP/1.1 200 OK"
2026-09-25 22:37:14,198 INFO    HTTP Request: GET http://localhost:9000/wp-json/wc/store/v1/products/1001 "HTTP/1.1 200 OK"
2026-09-25 22:37:14,203 INFO    HTTP Request: GET http://localhost:9000/wp-json/wc/store/v1/products/1001 "HTTP/1.1 200 OK"
2026-09-25 22:37:14,257 INFO    HTTP Request: GET http://localhost:9000/wp-json/wc/store/v1/products/1001 "HTTP/1.1 200 OK"
2026-09-25 22:37:14,261 INFO    HTTP Request: GET http://localhost:9000/wp-json/wc/store/v1/products/1001 "HTTP/1.1 200 OK"
2026-09-25 22:37:14,316 INFO    HTTP Request: GET http://localhost:9000/wp-json/wc/store/v1/products/1001 "HTTP/1.1 200 OK"
2026-09-25 22:37:14,321 INFO    HTTP Request: GET http://localhost:9000/wp-json/wc/store/v1/products/1001 "HTTP/1.1 200 OK"
2026-09-25 22:37:14,375 INFO    HTTP Request: GET http://localhost:9000/wp-json/wc/store/v1/products/1001 "HTTP/1.1 200 OK"
2026-09-25 22:37:14,379 INFO    HTTP Request: GET http://localhost:9000/wp-json/wc/store/v1/products/1001 "HTTP/1.1 200 OK"
2026-09-25 22:37:14,436 INFO    HTTP Request: GET http://localhost:9000/wp-json/wc/store/v1/products/1001 "HTTP/1.1 200 OK"
2026-09-25 22:37:14,441 INFO    HTTP Request: GET http://localhost:9000/wp-json/wc/store/v1/products/1001 "HTTP/1.1 200 OK"
2026-09-25 22:37:14,495 INFO    HTTP Request: GET http://localhost:9000/wp-json/wc/store/v1/products/1001 "HTTP/1.1 200 OK"
2026-09-25 22:37:14,499 INFO    HTTP Request: GET http://localhost:9000/wp-json/wc/store/v1/products/1001 "HTTP/1.1 200 OK"
2026-09-25 22:37:14,555 INFO    HTTP Request: GET http://localhost:9000/wp-json/wc/store/v1/products/1001 "HTTP/1.1 200 OK"
2026-09-25 22:37:14,559 INFO    HTTP Request: GET http://localhost:9000/wp-json/wc/store/v1/products/1001 "HTTP/1.1 200 OK"
2026-09-25 22:37:14,612 INFO    HTTP Request: GET http://localhost:9000/wp-json/wc/store/v1/products/1001 "HTTP/1.1 200 OK"
2026-09-25 22:37:14,617 INFO    HTTP Request: GET http://localhost:9000/wp-json/wc/store/v1/products/1001 "HTTP/1.1 200 OK"
2026-09-25 22:37:14,672 INFO    HTTP Request: GET http://localhost:9000/wp-json/wc/store/v1/products/1001 "HTTP/1.1 200 OK"
2026-09-25 22:37:14,677 INFO    HTTP Request: GET http://localhost:9000/wp-json/wc/store/v1/products/1001 "HTTP/1.1 200 OK"
2026-09-25 22:37:14,731 INFO    HTTP Request: GET http://localhost:9000/wp-json/wc/store/v1/products/1001 "HTTP/1.1 200 OK"
2026-09-25 22:37:14,736 INFO    HTTP Request: GET http://localhost:9000/wp-json/wc/store/v1/products/1001 "HTTP/1.1 200 OK"
2026-09-25 22:37:14,790 INFO    HTTP Request: GET http://localhost:9000/wp-json/wc/store/v1/products/1001 "HTTP/1.1 200 OK"
2026-09-25 22:37:14,794 INFO    HTTP Request: GET http://localhost:9000/wp-json/wc/store/v1/products/1001 "HTTP/1.1 200 OK"
2026-09-25 22:37:14,848 INFO    HTTP Request: GET http://localhost:9000/wp-json/wc/store/v1/products/1001 "HTTP/1.1 200 OK"
2026-09-25 22:37:14,853 INFO    HTTP Request: GET http://localhost:9000/wp-json/wc/store/v1/products/1001 "HTTP/1.1 200 OK"
2026-09-25 22:37:14,907 INFO    HTTP Request: GET http://localhost:9000/wp-json/wc/store/v1/products/1001 "HTTP/1.1 200 OK"
2026-09-25 22:37:14,911 INFO    HTTP Request: GET http://localhost:9000/wp-json/wc/store/v1/products/1001 "HTTP/1.1 200 OK"
2026-09-25 22:37:14,965 INFO    HTTP Request: GET http://localhost:9000/wp-json/wc/store/v1/products/1001 "HTTP/1.1 200 OK"
2026-09-25 22:37:14,970 INFO    HTTP Request: GET http://localhost:9000/wp-json/wc/store/v1/products/1001 "HTTP/1.1 200 OK"
2026-09-25 22:37:15,025 INFO    HTTP Request: GET http://localhost:9000/wp-json/wc/store/v1/products/1001 "HTTP/1.1 200 OK"
2026-09-25 22:37:15,028 INFO    HTTP Request: GET http://localhost:9000/wp-json/wc/store/v1/products/1001 "HTTP/1.1 200 OK"
2026-09-25 22:37:15,082 INFO    HTTP Request: GET http://localhost:9000/wp-json/wc/store/v1/products/1001 "HTTP/1.1 200 OK"
2026-09-25 22:37:15,090 INFO    HTTP Request: GET http://localhost:9000/wp-json/wc/store/v1/products/1001 "HTTP/1.1 200 OK"
2026-09-25 22:37:15,143 INFO    HTTP Request: GET http://localhost:9000/wp-json/wc/store/v1/products/1001 "HTTP/1.1 200 OK"
2026-09-25 22:37:15,145 INFO    HTTP Request: GET http://localhost:9000/wp-json/wc/store/v1/products/1001 "HTTP/1.1 200 OK"
2026-09-25 22:37:15,198 INFO    HTTP Request: GET http://localhost:9000/wp-json/wc/store/v1/products/1001 "HTTP/1.1 200 OK"
2026-09-25 22:37:15,205 INFO    HTTP Request: GET http://localhost:9000/wp-json/wc/store/v1/products/1001 "HTTP/1.1 200 OK"
2026-09-25 22:37:15,257 INFO    HTTP Request: GET http://localhost:9000/wp-json/wc/store/v1/products/1001 "HTTP/1.1 200 OK"
2026-09-25 22:37:15,260 INFO    HTTP Request: GET http://localhost:9000/wp-json/wc/store/v1/products/1001 "HTTP/1.1 200 OK"
2026-09-25 22:37:15,312 INFO    HTTP Request: GET http://localhost:9000/wp-json/wc/store/v1/products/1001 "HTTP/1.1 200 OK"
2026-09-25 22:37:15,315 INFO    HTTP Request: GET http://localhost:9000/wp-json/wc/store/v1/products/1001 "HTTP/1.1 200 OK"
2026-09-25 22:37:15,371 INFO    HTTP Request: GET http://localhost:9000/wp-json/wc/store/v1/products/1001 "HTTP/1.1 200 OK"
2026-09-25 22:37:15,373 INFO    HTTP Request: GET http://localhost:9000/wp-json/wc/store/v1/products/1001 "HTTP/1.1 200 OK"
2026-09-25 22:37:15,425 INFO    HTTP Request: GET http://localhost:9000/wp-json/wc/store/v1/products/1001 "HTTP/1.1 200 OK"
2026-09-25 22:37:15,427 INFO    HTTP Request: GET http://localhost:9000/wp-json/wc/store/v1/products/1001 "HTTP/1.1 200 OK"
2026-09-25 22:37:15,479 INFO    HTTP Request: GET http://localhost:9000/wp-json/wc/store/v1/products/1001 "HTTP/1.1 200 OK"
2026-09-25 22:37:15,481 INFO    HTTP Request: GET http://localhost:9000/wp-json/wc/store/v1/products/1001 "HTTP/1.1 200 OK"
2026-09-25 22:37:15,535 INFO    HTTP Request: GET http://localhost:9000/wp-json/wc/store/v1/products/1001 "HTTP/1.1 200 OK"
2026-09-25 22:37:15,538 INFO    HTTP Request: GET http://localhost:9000/wp-json/wc/store/v1/products/1001 "HTTP/1.1 200 OK"
2026-09-25 22:37:15,590 INFO    HTTP Request: GET http://localhost:9000/wp-json/wc/store/v1/products/1001 "HTTP/1.1 200 OK"
2026-09-25 22:37:15,593 INFO    HTTP Request: GET http://localhost:9000/wp-json/wc/store/v1/products/1001 "HTTP/1.1 200 OK"
2026-09-25 22:37:15,646 INFO    HTTP Request: GET http://localhost:9000/wp-json/wc/store/v1/products/1001 "HTTP/1.1 200 OK"
2026-09-25 22:37:15,652 INFO    HTTP Request: GET http://localhost:9000/wp-json/wc/store/v1/products/1001 "HTTP/1.1 200 OK"
2026-09-25 22:37:15,711 INFO    HTTP Request: GET http://localhost:9000/wp-json/wc/store/v1/products/1001 "HTTP/1.1 200 OK"
2026-09-25 22:37:15,729 INFO    HTTP Request: GET http://localhost:9000/wp-json/wc/store/v1/products/1001 "HTTP/1.1 200 OK"
2026-09-25 22:37:15,789 INFO    HTTP Request: GET http://localhost:9000/wp-json/wc/store/v1/products/1001 "HTTP/1.1 200 OK"
2026-09-25 22:37:15,801 INFO    HTTP Request: GET http://localhost:9000/wp-json/wc/store/v1/products/1001 "HTTP/1.1 200 OK"
2026-09-25 22:37:15,861 INFO    HTTP Request: GET http://localhost:9000/wp-json/wc/store/v1/products/1001 "HTTP/1.1 200 OK"
2026-09-25 22:37:15,863 INFO    HTTP Request: GET http://localhost:9000/wp-json/wc/store/v1/products/1001 "HTTP/1.1 200 OK"
2026-09-25 22:37:15,916 INFO    HTTP Request: GET http://localhost:9000/wp-json/wc/store/v1/products/1001 "HTTP/1.1 200 OK"
2026-09-25 22:37:15,921 INFO    HTTP Request: GET http://localhost:9000/wp-json/wc/store/v1/products/1001 "HTTP/1.1 200 OK"
2026-09-25 22:37:15,973 INFO    HTTP Request: GET http://localhost:9000/wp-json/wc/store/v1/products/1001 "HTTP/1.1 200 OK"
2026-09-25 22:37:15,976 INFO    HTTP Request: GET http://localhost:9000/wp-json/wc/store/v1/products/1001 "HTTP/1.1 200 OK"
2026-09-25 22:37:16,029 INFO    HTTP Request: GET http://localhost:9000/wp-json/wc/store/v1/products/1001 "HTTP/1.1 200 OK"
2026-09-25 22:37:16,032 INFO    HTTP Request: GET http://localhost:9000/wp-json/wc/store/v1/products/1001 "HTTP/1.1 200 OK"
2026-09-25 22:37:16,087 INFO    HTTP Request: GET http://localhost:9000/wp-json/wc/store/v1/products/1001 "HTTP/1.1 200 OK"
2026-09-25 22:37:16,090 INFO    HTTP Request: GET http://localhost:9000/wp-json/wc/store/v1/products/1001 "HTTP/1.1 200 OK"
2026-09-25 22:37:16,143 INFO    HTTP Request: GET http://localhost:9000/wp-json/wc/store/v1/products/1001 "HTTP/1.1 200 OK"
2026-09-25 22:37:16,146 INFO    HTTP Request: GET http://localhost:9000/wp-json/wc/store/v1/products/1001 "HTTP/1.1 200 OK"
2026-09-25 22:37:16,200 INFO    HTTP Request: GET http://localhost:9000/wp-json/wc/store/v1/products/1001 "HTTP/1.1 200 OK"
2026-09-25 22:37:16,205 INFO    HTTP Request: GET http://localhost:9000/wp-json/wc/store/v1/products/1001 "HTTP/1.1 200 OK"
2026-09-25 22:37:16,259 INFO    HTTP Request: GET http://localhost:9000/wp-json/wc/store/v1/products/1001 "HTTP/1.1 200 OK"
2026-09-25 22:37:16,262 INFO    HTTP Request: GET http://localhost:9000/wp-json/wc/store/v1/products/1001 "HTTP/1.1 200 OK"
2026-09-25 22:37:16,316 INFO    HTTP Request: GET http://localhost:9000/wp-json/wc/store/v1/products/1001 "HTTP/1.1 200 OK"
2026-09-25 22:37:16,324 INFO    HTTP Request: GET http://localhost:9000/wp-json/wc/store/v1/products/1001 "HTTP/1.1 200 OK"
2026-09-25 22:37:16,377 INFO    HTTP Request: GET http://localhost:9000/wp-json/wc/store/v1/products/1001 "HTTP/1.1 200 OK"
2026-09-25 22:37:16,380 INFO    HTTP Request: GET http://localhost:9000/wp-json/wc/store/v1/products/1001 "HTTP/1.1 200 OK"
2026-09-25 22:37:16,437 INFO    HTTP Request: GET http://localhost:9000/wp-json/wc/store/v1/products/1001 "HTTP/1.1 200 OK"
2026-09-25 22:37:16,440 INFO    HTTP Request: GET http://localhost:9000/wp-json/wc/store/v1/products/1001 "HTTP/1.1 200 OK"
2026-09-25 22:37:16,493 INFO    HTTP Request: GET http://localhost:9000/wp-json/wc/store/v1/products/1001 "HTTP/1.1 200 OK"
2026-09-25 22:37:16,497 INFO    HTTP Request: GET http://localhost:9000/wp-json/wc/store/v1/products/1001 "HTTP/1.1 200 OK"
2026-09-25 22:37:16,554 INFO    HTTP Request: GET http://localhost:9000/wp-json/wc/store/v1/products/1001 "HTTP/1.1 200 OK"
2026-09-25 22:37:16,557 INFO    HTTP Request: GET http://localhost:9000/wp-json/wc/store/v1/products/1001 "HTTP/1.1 200 OK"
2026-09-25 22:37:16,610 INFO    HTTP Request: GET http://localhost:9000/wp-json/wc/store/v1/products/1001 "HTTP/1.1 200 OK"
2026-09-25 22:37:16,613 INFO    HTTP Request: GET http://localhost:9000/wp-json/wc/store/v1/products/1001 "HTTP/1.1 200 OK"
2026-09-25 22:37:16,670 INFO    HTTP Request: GET http://localhost:9000/wp-json/wc/store/v1/products/1001 "HTTP/1.1 200 OK"
2026-09-25 22:37:16,674 INFO    HTTP Request: GET http://localhost:9000/wp-json/wc/store/v1/products/1001 "HTTP/1.1 200 OK"
2026-09-25 22:37:16,727 INFO    HTTP Request: GET http://localhost:9000/wp-json/wc/store/v1/products/1001 "HTTP/1.1 200 OK"
2026-09-25 22:37:16,730 INFO    HTTP Request: GET http://localhost:9000/wp-json/wc/store/v1/products/1001 "HTTP/1.1 200 OK"
2026-09-25 22:37:16,787 INFO    HTTP Request: GET http://localhost:9000/wp-json/wc/store/v1/products/1001 "HTTP/1.1 200 OK"
2026-09-25 22:37:16,790 INFO    HTTP Request: GET http://localhost:9000/wp-json/wc/store/v1/products/1001 "HTTP/1.1 200 OK"
2026-09-25 22:37:16,843 INFO    HTTP Request: GET http://localhost:9000/wp-json/wc/store/v1/products/1001 "HTTP/1.1 200 OK"
2026-09-25 22:37:16,846 INFO    HTTP Request: GET http://localhost:9000/wp-json/wc/store/v1/products/1001 "HTTP/1.1 200 OK"
2026-09-25 22:37:16,903 INFO    HTTP Request: GET http://localhost:9000/wp-json/wc/store/v1/products/1001 "HTTP/1.1 200 OK"
2026-09-25 22:37:16,907 INFO    HTTP Request: GET http://localhost:9000/wp-json/wc/store/v1/products/1001 "HTTP/1.1 200 OK"
2026-09-25 22:37:16,960 INFO    HTTP Request: GET http://localhost:9000/wp-json/wc/store/v1/products/1001 "HTTP/1.1 200 OK"
2026-09-25 22:37:16,963 INFO    HTTP Request: GET http://localhost:9000/wp-json/wc/store/v1/products/1001 "HTTP/1.1 200 OK"
2026-09-25 22:37:17,017 INFO    HTTP Request: GET http://localhost:9000/wp-json/wc/store/v1/products/1001 "HTTP/1.1 200 OK"
2026-09-25 22:37:17,021 INFO    HTTP Request: GET http://localhost:9000/wp-json/wc/store/v1/products/1001 "HTTP/1.1 200 OK"
2026-09-25 22:37:17,075 INFO    HTTP Request: GET http://localhost:9000/wp-json/wc/store/v1/products/1001 "HTTP/1.1 200 OK"
2026-09-25 22:37:17,078 INFO    HTTP Request: GET http://localhost:9000/wp-json/wc/store/v1/products/1001 "HTTP/1.1 200 OK"
2026-09-25 22:37:17,131 INFO    HTTP Request: GET http://localhost:9000/wp-json/wc/store/v1/products/1001 "HTTP/1.1 200 OK"
2026-09-25 22:37:17,136 INFO    HTTP Request: GET http://localhost:9000/wp-json/wc/store/v1/products/1001 "HTTP/1.1 200 OK"
2026-09-25 22:37:17,189 INFO    HTTP Request: GET http://localhost:9000/wp-json/wc/store/v1/products/1001 "HTTP/1.1 200 OK"
2026-09-25 22:37:17,192 INFO    HTTP Request: GET http://localhost:9000/wp-json/wc/store/v1/products/1001 "HTTP/1.1 200 OK"
2026-09-25 22:37:17,246 INFO    HTTP Request: GET http://localhost:9000/wp-json/wc/store/v1/products/1001 "HTTP/1.1 200 OK"
2026-09-25 22:37:17,249 INFO    HTTP Request: GET http://localhost:9000/wp-json/wc/store/v1/products/1001 "HTTP/1.1 200 OK"
2026-09-25 22:37:17,305 INFO    HTTP Request: GET http://localhost:9000/wp-json/wc/store/v1/products/1001 "HTTP/1.1 200 OK"
2026-09-25 22:37:17,308 INFO    HTTP Request: GET http://localhost:9000/wp-json/wc/store/v1/products/1001 "HTTP/1.1 200 OK"
2026-09-25 22:37:17,362 INFO    HTTP Request: GET http://localhost:9000/wp-json/wc/store/v1/products/1001 "HTTP/1.1 200 OK"
2026-09-25 22:37:17,366 INFO    HTTP Request: GET http://localhost:9000/wp-json/wc/store/v1/products/1001 "HTTP/1.1 200 OK"
2026-09-25 22:37:17,421 INFO    HTTP Request: GET http://localhost:9000/wp-json/wc/store/v1/products/1001 "HTTP/1.1 200 OK"
2026-09-25 22:37:17,424 INFO    HTTP Request: GET http://localhost:9000/wp-json/wc/store/v1/products/1001 "HTTP/1.1 200 OK"
2026-09-25 22:37:17,477 INFO    HTTP Request: GET http://localhost:9000/wp-json/wc/store/v1/products/1001 "HTTP/1.1 200 OK"
2026-09-25 22:37:17,480 INFO    HTTP Request: GET http://localhost:9000/wp-json/wc/store/v1/products/1001 "HTTP/1.1 200 OK"
2026-09-25 22:37:17,481 INFO    [1001] summary: mode=contest tail=300ms rem=19.5s reads=50 p50=3ms p95=7ms writes=14 p50=6ms p95=10ms prop=14 p50=50ms p95=51ms bids=14 last=1,585,000 current=1,585,000
2026-09-25 22:37:17,537 INFO    HTTP Request: GET http://localhost:9000/wp-json/wc/store/v1/products/1001 "HTTP/1.1 200 OK"
2026-09-25 22:37:17,540 INFO    HTTP Request: GET http://localhost:9000/wp-json/wc/store/v1/products/1001 "HTTP/1.1 200 OK"
2026-09-25 22:37:17,593 INFO    HTTP Request: GET http://localhost:9000/wp-json/wc/store/v1/products/1001 "HTTP/1.1 200 OK"
2026-09-25 22:37:17,597 INFO    HTTP Request: GET http://localhost:9000/wp-json/wc/store/v1/products/1001 "HTTP/1.1 200 OK"
2026-09-25 22:37:17,653 INFO    HTTP Request: GET http://localhost:9000/wp-json/wc/store/v1/products/1001 "HTTP/1.1 200 OK"
2026-09-25 22:37:17,657 INFO    HTTP Request: GET http://localhost:9000/wp-json/wc/store/v1/products/1001 "HTTP/1.1 200 OK"
2026-09-25 22:37:17,710 INFO    HTTP Request: GET http://localhost:9000/wp-json/wc/store/v1/products/1001 "HTTP/1.1 200 OK"
2026-09-25 22:37:17,713 INFO    HTTP Request: GET http://localhost:9000/wp-json/wc/store/v1/products/1001 "HTTP/1.1 200 OK"
2026-09-25 22:37:17,771 INFO    HTTP Request: GET http://localhost:9000/wp-json/wc/store/v1/products/1001 "HTTP/1.1 200 OK"
2026-09-25 22:37:17,774 INFO    HTTP Request: GET http://localhost:9000/wp-json/wc/store/v1/products/1001 "HTTP/1.1 200 OK"
2026-09-25 22:37:17,828 INFO    HTTP Request: GET http://localhost:9000/wp-json/wc/store/v1/products/1001 "HTTP/1.1 200 OK"
2026-09-25 22:37:17,831 INFO    HTTP Request: GET http://localhost:9000/wp-json/wc/store/v1/products/1001 "HTTP/1.1 200 OK"
2026-09-25 22:37:17,885 INFO    HTTP Request: GET http://localhost:9000/wp-json/wc/store/v1/products/1001 "HTTP/1.1 200 OK"
2026-09-25 22:37:17,888 INFO    HTTP Request: GET http://localhost:9000/wp-json/wc/store/v1/products/1001 "HTTP/1.1 200 OK"
2026-09-25 22:37:17,942 INFO    HTTP Request: GET http://localhost:9000/wp-json/wc/store/v1/products/1001 "HTTP/1.1 200 OK"
2026-09-25 22:37:17,945 INFO    HTTP Request: GET http://localhost:9000/wp-json/wc/store/v1/products/1001 "HTTP/1.1 200 OK"
2026-09-25 22:37:17,998 INFO    HTTP Request: GET http://localhost:9000/wp-json/wc/store/v1/products/1001 "HTTP/1.1 200 OK"
2026-09-25 22:37:18,003 INFO    HTTP Request: GET http://localhost:9000/wp-json/wc/store/v1/products/1001 "HTTP/1.1 200 OK"
2026-09-25 22:37:18,056 INFO    HTTP Request: GET http://localhost:9000/wp-json/wc/store/v1/products/1001 "HTTP/1.1 200 OK"
2026-09-25 22:37:18,060 INFO    HTTP Request: GET http://localhost:9000/wp-json/wc/store/v1/products/1001 "HTTP/1.1 200 OK"
2026-09-25 22:37:18,113 INFO    HTTP Request: GET http://localhost:9000/wp-json/wc/store/v1/products/1001 "HTTP/1.1 200 OK"
2026-09-25 22:37:18,118 INFO    HTTP Request: GET http://localhost:9000/wp-json/wc/store/v1/products/1001 "HTTP/1.1 200 OK"
2026-09-25 22:37:18,173 INFO    HTTP Request: GET http://localhost:9000/wp-json/wc/store/v1/products/1001 "HTTP/1.1 200 OK"
2026-09-25 22:37:18,176 INFO    HTTP Request: GET http://localhost:9000/wp-json/wc/store/v1/products/1001 "HTTP/1.1 200 OK"
2026-09-25 22:37:18,229 INFO    HTTP Request: GET http://localhost:9000/wp-json/wc/store/v1/products/1001 "HTTP/1.1 200 OK"
2026-09-25 22:37:18,234 INFO    HTTP Request: GET http://localhost:9000/wp-json/wc/store/v1/products/1001 "HTTP/1.1 200 OK"
2026-09-25 22:37:18,288 INFO    HTTP Request: GET http://localhost:9000/wp-json/wc/store/v1/products/1001 "HTTP/1.1 200 OK"
2026-09-25 22:37:18,292 INFO    HTTP Request: GET http://localhost:9000/wp-json/wc/store/v1/products/1001 "HTTP/1.1 200 OK"
2026-09-25 22:37:18,345 INFO    HTTP Request: GET http://localhost:9000/wp-json/wc/store/v1/products/1001 "HTTP/1.1 200 OK"
2026-09-25 22:37:18,351 INFO    HTTP Request: GET http://localhost:9000/wp-json/wc/store/v1/products/1001 "HTTP/1.1 200 OK"
2026-09-25 22:37:18,405 INFO    HTTP Request: GET http://localhost:9000/wp-json/wc/store/v1/products/1001 "HTTP/1.1 200 OK"
2026-09-25 22:37:18,408 INFO    HTTP Request: GET http://localhost:9000/wp-json/wc/store/v1/products/1001 "HTTP/1.1 200 OK"
2026-09-25 22:37:18,462 INFO    HTTP Request: GET http://localhost:9000/wp-json/wc/store/v1/products/1001 "HTTP/1.1 200 OK"
2026-09-25 22:37:18,466 INFO    HTTP Request: GET http://localhost:9000/wp-json/wc/store/v1/products/1001 "HTTP/1.1 200 OK"
2026-09-25 22:37:18,521 INFO    HTTP Request: GET http://localhost:9000/wp-json/wc/store/v1/products/1001 "HTTP/1.1 200 OK"
2026-09-25 22:37:18,525 INFO    HTTP Request: GET http://localhost:9000/wp-json/wc/store/v1/products/1001 "HTTP/1.1 200 OK"
2026-09-25 22:37:18,579 INFO    HTTP Request: GET http://localhost:9000/wp-json/wc/store/v1/products/1001 "HTTP/1.1 200 OK"
2026-09-25 22:37:18,584 INFO    HTTP Request: GET http://localhost:9000/wp-json/wc/store/v1/products/1001 "HTTP/1.1 200 OK"
2026-09-25 22:37:18,639 INFO    HTTP Request: GET http://localhost:9000/wp-json/wc/store/v1/products/1001 "HTTP/1.1 200 OK"
2026-09-25 22:37:18,644 INFO    HTTP Request: GET http://localhost:9000/wp-json/wc/store/v1/products/1001 "HTTP/1.1 200 OK"
2026-09-25 22:37:18,698 INFO    HTTP Request: GET http://localhost:9000/wp-json/wc/store/v1/products/1001 "HTTP/1.1 200 OK"
2026-09-25 22:37:18,704 INFO    HTTP Request: GET http://localhost:9000/wp-json/wc/store/v1/products/1001 "HTTP/1.1 200 OK"
2026-09-25 22:37:18,757 INFO    HTTP Request: GET http://localhost:9000/wp-json/wc/store/v1/products/1001 "HTTP/1.1 200 OK"
2026-09-25 22:37:18,761 INFO    HTTP Request: GET http://localhost:9000/wp-json/wc/store/v1/products/1001 "HTTP/1.1 200 OK"
2026-09-25 22:37:18,815 INFO    HTTP Request: GET http://localhost:9000/wp-json/wc/store/v1/products/1001 "HTTP/1.1 200 OK"
2026-09-25 22:37:18,822 INFO    HTTP Request: GET http://localhost:9000/wp-json/wc/store/v1/products/1001 "HTTP/1.1 200 OK"
2026-09-25 22:37:18,877 INFO    HTTP Request: GET http://localhost:9000/wp-json/wc/store/v1/products/1001 "HTTP/1.1 200 OK"
2026-09-25 22:37:18,880 INFO    HTTP Request: GET http://localhost:9000/wp-json/wc/store/v1/products/1001 "HTTP/1.1 200 OK"
2026-09-25 22:37:18,938 INFO    HTTP Request: GET http://localhost:9000/wp-json/wc/store/v1/products/1001 "HTTP/1.1 200 OK"
2026-09-25 22:37:18,942 INFO    HTTP Request: GET http://localhost:9000/wp-json/wc/store/v1/products/1001 "HTTP/1.1 200 OK"
2026-09-25 22:37:19,000 INFO    HTTP Request: GET http://localhost:9000/wp-json/wc/store/v1/products/1001 "HTTP/1.1 200 OK"
2026-09-25 22:37:19,008 INFO    HTTP Request: GET http://localhost:9000/wp-json/wc/store/v1/products/1001 "HTTP/1.1 200 OK"
2026-09-25 22:37:19,071 INFO    HTTP Request: GET http://localhost:9000/wp-json/wc/store/v1/products/1001 "HTTP/1.1 200 OK"
2026-09-25 22:37:19,080 INFO    HTTP Request: GET http://localhost:9000/wp-json/wc/store/v1/products/1001 "HTTP/1.1 200 OK"
2026-09-25 22:37:19,085 INFO    [1001] price 1,600,000 (my_last=1,585,000, bids=14, rem=17.9s)
2026-09-25 22:37:19,097 INFO    HTTP Request: POST http://localhost:9000/wp-admin/admin-ajax "HTTP/1.1 200 OK"
2026-09-25 22:37:19,104 INFO    [1001] fire 1,605,000 (contest) → success=True (0.013s)
2026-09-25 22:37:19,162 INFO    HTTP Request: GET http://localhost:9000/wp-json/wc/store/v1/products/1001 "HTTP/1.1 200 OK"
2026-09-25 22:37:19,174 INFO    HTTP Request: GET http://localhost:9000/wp-json/wc/store/v1/products/1001 "HTTP/1.1 200 OK"
2026-09-25 22:37:19,176 INFO    [1001] propagation 0.051s (bid=1,605,000 now_visible)
2026-09-25 22:37:19,176 INFO    [1001] price 1,605,000 (my_last=1,605,000, bids=15, rem=17.8s)
2026-09-25 22:37:19,230 INFO    HTTP Request: GET http://localhost:9000/wp-json/wc/store/v1/products/1001 "HTTP/1.1 200 OK"
2026-09-25 22:37:19,242 INFO    HTTP Request: GET http://localhost:9000/wp-json/wc/store/v1/products/1001 "HTTP/1.1 200 OK"
2026-09-25 22:37:19,295 INFO    HTTP Request: GET http://localhost:9000/wp-json/wc/store/v1/products/1001 "HTTP/1.1 200 OK"
2026-09-25 22:37:19,297 INFO    HTTP Request: GET http://localhost:9000/wp-json/wc/store/v1/products/1001 "HTTP/1.1 200 OK"
2026-09-25 22:37:19,353 INFO    HTTP Request: GET http://localhost:9000/wp-json/wc/store/v1/products/1001 "HTTP/1.1 200 OK"
2026-09-25 22:37:19,355 INFO    HTTP Request: GET http://localhost:9000/wp-json/wc/store/v1/products/1001 "HTTP/1.1 200 OK"
2026-09-25 22:37:19,407 INFO    HTTP Request: GET http://localhost:9000/wp-json/wc/store/v1/products/1001 "HTTP/1.1 200 OK"
2026-09-25 22:37:19,409 INFO    HTTP Request: GET http://localhost:9000/wp-json/wc/store/v1/products/1001 "HTTP/1.1 200 OK"
2026-09-25 22:37:19,461 INFO    HTTP Request: GET http://localhost:9000/wp-json/wc/store/v1/products/1001 "HTTP/1.1 200 OK"
2026-09-25 22:37:19,465 INFO    HTTP Request: GET http://localhost:9000/wp-json/wc/store/v1/products/1001 "HTTP/1.1 200 OK"
2026-09-25 22:37:19,521 INFO    HTTP Request: GET http://localhost:9000/wp-json/wc/store/v1/products/1001 "HTTP/1.1 200 OK"
2026-09-25 22:37:19,524 INFO    HTTP Request: GET http://localhost:9000/wp-json/wc/store/v1/products/1001 "HTTP/1.1 200 OK"
2026-09-25 22:37:19,576 INFO    HTTP Request: GET http://localhost:9000/wp-json/wc/store/v1/products/1001 "HTTP/1.1 200 OK"
2026-09-25 22:37:19,579 INFO    HTTP Request: GET http://localhost:9000/wp-json/wc/store/v1/products/1001 "HTTP/1.1 200 OK"
2026-09-25 22:37:19,633 INFO    HTTP Request: GET http://localhost:9000/wp-json/wc/store/v1/products/1001 "HTTP/1.1 200 OK"
2026-09-25 22:37:19,638 INFO    HTTP Request: GET http://localhost:9000/wp-json/wc/store/v1/products/1001 "HTTP/1.1 200 OK"
2026-09-25 22:37:19,691 INFO    HTTP Request: GET http://localhost:9000/wp-json/wc/store/v1/products/1001 "HTTP/1.1 200 OK"
2026-09-25 22:37:19,693 INFO    HTTP Request: GET http://localhost:9000/wp-json/wc/store/v1/products/1001 "HTTP/1.1 200 OK"
2026-09-25 22:37:19,746 INFO    HTTP Request: GET http://localhost:9000/wp-json/wc/store/v1/products/1001 "HTTP/1.1 200 OK"
2026-09-25 22:37:19,751 INFO    HTTP Request: GET http://localhost:9000/wp-json/wc/store/v1/products/1001 "HTTP/1.1 200 OK"
2026-09-25 22:37:19,805 INFO    HTTP Request: GET http://localhost:9000/wp-json/wc/store/v1/products/1001 "HTTP/1.1 200 OK"
2026-09-25 22:37:19,808 INFO    HTTP Request: GET http://localhost:9000/wp-json/wc/store/v1/products/1001 "HTTP/1.1 200 OK"
2026-09-25 22:37:19,861 INFO    HTTP Request: GET http://localhost:9000/wp-json/wc/store/v1/products/1001 "HTTP/1.1 200 OK"
2026-09-25 22:37:19,864 INFO    HTTP Request: GET http://localhost:9000/wp-json/wc/store/v1/products/1001 "HTTP/1.1 200 OK"
2026-09-25 22:37:19,922 INFO    HTTP Request: GET http://localhost:9000/wp-json/wc/store/v1/products/1001 "HTTP/1.1 200 OK"
2026-09-25 22:37:19,929 INFO    HTTP Request: GET http://localhost:9000/wp-json/wc/store/v1/products/1001 "HTTP/1.1 200 OK"
2026-09-25 22:37:19,989 INFO    HTTP Request: GET http://localhost:9000/wp-json/wc/store/v1/products/1001 "HTTP/1.1 200 OK"
2026-09-25 22:37:19,994 INFO    HTTP Request: GET http://localhost:9000/wp-json/wc/store/v1/products/1001 "HTTP/1.1 200 OK"
2026-09-25 22:37:20,056 INFO    HTTP Request: GET http://localhost:9000/wp-json/wc/store/v1/products/1001 "HTTP/1.1 200 OK"
2026-09-25 22:37:20,064 INFO    HTTP Request: GET http://localhost:9000/wp-json/wc/store/v1/products/1001 "HTTP/1.1 200 OK"
2026-09-25 22:37:20,125 INFO    HTTP Request: GET http://localhost:9000/wp-json/wc/store/v1/products/1001 "HTTP/1.1 200 OK"
2026-09-25 22:37:20,128 INFO    HTTP Request: GET http://localhost:9000/wp-json/wc/store/v1/products/1001 "HTTP/1.1 200 OK"
2026-09-25 22:37:20,181 INFO    HTTP Request: GET http://localhost:9000/wp-json/wc/store/v1/products/1001 "HTTP/1.1 200 OK"
2026-09-25 22:37:20,185 INFO    HTTP Request: GET http://localhost:9000/wp-json/wc/store/v1/products/1001 "HTTP/1.1 200 OK"
2026-09-25 22:37:20,237 INFO    HTTP Request: GET http://localhost:9000/wp-json/wc/store/v1/products/1001 "HTTP/1.1 200 OK"
2026-09-25 22:37:20,240 INFO    HTTP Request: GET http://localhost:9000/wp-json/wc/store/v1/products/1001 "HTTP/1.1 200 OK"
2026-09-25 22:37:20,292 INFO    HTTP Request: GET http://localhost:9000/wp-json/wc/store/v1/products/1001 "HTTP/1.1 200 OK"
2026-09-25 22:37:20,295 INFO    HTTP Request: GET http://localhost:9000/wp-json/wc/store/v1/products/1001 "HTTP/1.1 200 OK"
2026-09-25 22:37:20,348 INFO    HTTP Request: GET http://localhost:9000/wp-json/wc/store/v1/products/1001 "HTTP/1.1 200 OK"
2026-09-25 22:37:20,352 INFO    HTTP Request: GET http://localhost:9000/wp-json/wc/store/v1/products/1001 "HTTP/1.1 200 OK"
2026-09-25 22:37:20,405 INFO    HTTP Request: GET http://localhost:9000/wp-json/wc/store/v1/products/1001 "HTTP/1.1 200 OK"
2026-09-25 22:37:20,408 INFO    HTTP Request: GET http://localhost:9000/wp-json/wc/store/v1/products/1001 "HTTP/1.1 200 OK"
2026-09-25 22:37:20,461 INFO    HTTP Request: GET http://localhost:9000/wp-json/wc/store/v1/products/1001 "HTTP/1.1 200 OK"
2026-09-25 22:37:20,464 INFO    HTTP Request: GET http://localhost:9000/wp-json/wc/store/v1/products/1001 "HTTP/1.1 200 OK"
2026-09-25 22:37:20,520 INFO    HTTP Request: GET http://localhost:9000/wp-json/wc/store/v1/products/1001 "HTTP/1.1 200 OK"
2026-09-25 22:37:20,524 INFO    HTTP Request: GET http://localhost:9000/wp-json/wc/store/v1/products/1001 "HTTP/1.1 200 OK"
2026-09-25 22:37:20,577 INFO    HTTP Request: GET http://localhost:9000/wp-json/wc/store/v1/products/1001 "HTTP/1.1 200 OK"
2026-09-25 22:37:20,581 INFO    HTTP Request: GET http://localhost:9000/wp-json/wc/store/v1/products/1001 "HTTP/1.1 200 OK"
2026-09-25 22:37:20,637 INFO    HTTP Request: GET http://localhost:9000/wp-json/wc/store/v1/products/1001 "HTTP/1.1 200 OK"
2026-09-25 22:37:20,641 INFO    HTTP Request: GET http://localhost:9000/wp-json/wc/store/v1/products/1001 "HTTP/1.1 200 OK"
2026-09-25 22:37:20,694 INFO    HTTP Request: GET http://localhost:9000/wp-json/wc/store/v1/products/1001 "HTTP/1.1 200 OK"
2026-09-25 22:37:20,698 INFO    HTTP Request: GET http://localhost:9000/wp-json/wc/store/v1/products/1001 "HTTP/1.1 200 OK"
2026-09-25 22:37:20,755 INFO    HTTP Request: GET http://localhost:9000/wp-json/wc/store/v1/products/1001 "HTTP/1.1 200 OK"
2026-09-25 22:37:20,758 INFO    HTTP Request: GET http://localhost:9000/wp-json/wc/store/v1/products/1001 "HTTP/1.1 200 OK"
2026-09-25 22:37:20,812 INFO    HTTP Request: GET http://localhost:9000/wp-json/wc/store/v1/products/1001 "HTTP/1.1 200 OK"
2026-09-25 22:37:20,816 INFO    HTTP Request: GET http://localhost:9000/wp-json/wc/store/v1/products/1001 "HTTP/1.1 200 OK"
2026-09-25 22:37:20,871 INFO    HTTP Request: GET http://localhost:9000/wp-json/wc/store/v1/products/1001 "HTTP/1.1 200 OK"
2026-09-25 22:37:20,875 INFO    HTTP Request: GET http://localhost:9000/wp-json/wc/store/v1/products/1001 "HTTP/1.1 200 OK"
2026-09-25 22:37:20,928 INFO    HTTP Request: GET http://localhost:9000/wp-json/wc/store/v1/products/1001 "HTTP/1.1 200 OK"
2026-09-25 22:37:20,932 INFO    HTTP Request: GET http://localhost:9000/wp-json/wc/store/v1/products/1001 "HTTP/1.1 200 OK"
2026-09-25 22:37:20,988 INFO    HTTP Request: GET http://localhost:9000/wp-json/wc/store/v1/products/1001 "HTTP/1.1 200 OK"
2026-09-25 22:37:20,991 INFO    HTTP Request: GET http://localhost:9000/wp-json/wc/store/v1/products/1001 "HTTP/1.1 200 OK"
2026-09-25 22:37:21,045 INFO    HTTP Request: GET http://localhost:9000/wp-json/wc/store/v1/products/1001 "HTTP/1.1 200 OK"
2026-09-25 22:37:21,048 INFO    HTTP Request: GET http://localhost:9000/wp-json/wc/store/v1/products/1001 "HTTP/1.1 200 OK"
2026-09-25 22:37:21,104 INFO    HTTP Request: GET http://localhost:9000/wp-json/wc/store/v1/products/1001 "HTTP/1.1 200 OK"
2026-09-25 22:37:21,108 INFO    HTTP Request: GET http://localhost:9000/wp-json/wc/store/v1/products/1001 "HTTP/1.1 200 OK"
2026-09-25 22:37:21,162 INFO    HTTP Request: GET http://localhost:9000/wp-json/wc/store/v1/products/1001 "HTTP/1.1 200 OK"
2026-09-25 22:37:21,166 INFO    HTTP Request: GET http://localhost:9000/wp-json/wc/store/v1/products/1001 "HTTP/1.1 200 OK"
2026-09-25 22:37:21,221 INFO    HTTP Request: GET http://localhost:9000/wp-json/wc/store/v1/products/1001 "HTTP/1.1 200 OK"
2026-09-25 22:37:21,225 INFO    HTTP Request: GET http://localhost:9000/wp-json/wc/store/v1/products/1001 "HTTP/1.1 200 OK"
2026-09-25 22:37:21,278 INFO    HTTP Request: GET http://localhost:9000/wp-json/wc/store/v1/products/1001 "HTTP/1.1 200 OK"
2026-09-25 22:37:21,282 INFO    HTTP Request: GET http://localhost:9000/wp-json/wc/store/v1/products/1001 "HTTP/1.1 200 OK"
2026-09-25 22:37:21,337 INFO    HTTP Request: GET http://localhost:9000/wp-json/wc/store/v1/products/1001 "HTTP/1.1 200 OK"
2026-09-25 22:37:21,342 INFO    HTTP Request: GET http://localhost:9000/wp-json/wc/store/v1/products/1001 "HTTP/1.1 200 OK"
2026-09-25 22:37:21,396 INFO    HTTP Request: GET http://localhost:9000/wp-json/wc/store/v1/products/1001 "HTTP/1.1 200 OK"
2026-09-25 22:37:21,401 INFO    HTTP Request: GET http://localhost:9000/wp-json/wc/store/v1/products/1001 "HTTP/1.1 200 OK"
2026-09-25 22:37:21,455 INFO    HTTP Request: GET http://localhost:9000/wp-json/wc/store/v1/products/1001 "HTTP/1.1 200 OK"
2026-09-25 22:37:21,459 INFO    HTTP Request: GET http://localhost:9000/wp-json/wc/store/v1/products/1001 "HTTP/1.1 200 OK"
2026-09-25 22:37:21,512 INFO    HTTP Request: GET http://localhost:9000/wp-json/wc/store/v1/products/1001 "HTTP/1.1 200 OK"
2026-09-25 22:37:21,517 INFO    HTTP Request: GET http://localhost:9000/wp-json/wc/store/v1/products/1001 "HTTP/1.1 200 OK"
2026-09-25 22:37:21,571 INFO    HTTP Request: GET http://localhost:9000/wp-json/wc/store/v1/products/1001 "HTTP/1.1 200 OK"
2026-09-25 22:37:21,575 INFO    HTTP Request: GET http://localhost:9000/wp-json/wc/store/v1/products/1001 "HTTP/1.1 200 OK"
2026-09-25 22:37:21,628 INFO    HTTP Request: GET http://localhost:9000/wp-json/wc/store/v1/products/1001 "HTTP/1.1 200 OK"
2026-09-25 22:37:21,632 INFO    HTTP Request: GET http://localhost:9000/wp-json/wc/store/v1/products/1001 "HTTP/1.1 200 OK"
2026-09-25 22:37:21,687 INFO    HTTP Request: GET http://localhost:9000/wp-json/wc/store/v1/products/1001 "HTTP/1.1 200 OK"
2026-09-25 22:37:21,690 INFO    HTTP Request: GET http://localhost:9000/wp-json/wc/store/v1/products/1001 "HTTP/1.1 200 OK"
2026-09-25 22:37:21,744 INFO    HTTP Request: GET http://localhost:9000/wp-json/wc/store/v1/products/1001 "HTTP/1.1 200 OK"
2026-09-25 22:37:21,748 INFO    HTTP Request: GET http://localhost:9000/wp-json/wc/store/v1/products/1001 "HTTP/1.1 200 OK"
2026-09-25 22:37:21,806 INFO    HTTP Request: GET http://localhost:9000/wp-json/wc/store/v1/products/1001 "HTTP/1.1 200 OK"
2026-09-25 22:37:21,809 INFO    HTTP Request: GET http://localhost:9000/wp-json/wc/store/v1/products/1001 "HTTP/1.1 200 OK"
2026-09-25 22:37:21,862 INFO    HTTP Request: GET http://localhost:9000/wp-json/wc/store/v1/products/1001 "HTTP/1.1 200 OK"
2026-09-25 22:37:21,867 INFO    HTTP Request: GET http://localhost:9000/wp-json/wc/store/v1/products/1001 "HTTP/1.1 200 OK"
2026-09-25 22:37:21,922 INFO    HTTP Request: GET http://localhost:9000/wp-json/wc/store/v1/products/1001 "HTTP/1.1 200 OK"
2026-09-25 22:37:21,925 INFO    HTTP Request: GET http://localhost:9000/wp-json/wc/store/v1/products/1001 "HTTP/1.1 200 OK"
2026-09-25 22:37:21,979 INFO    HTTP Request: GET http://localhost:9000/wp-json/wc/store/v1/products/1001 "HTTP/1.1 200 OK"
2026-09-25 22:37:21,984 INFO    HTTP Request: GET http://localhost:9000/wp-json/wc/store/v1/products/1001 "HTTP/1.1 200 OK"
2026-09-25 22:37:22,038 INFO    HTTP Request: GET http://localhost:9000/wp-json/wc/store/v1/products/1001 "HTTP/1.1 200 OK"
2026-09-25 22:37:22,042 INFO    HTTP Request: GET http://localhost:9000/wp-json/wc/store/v1/products/1001 "HTTP/1.1 200 OK"
2026-09-25 22:37:22,098 INFO    HTTP Request: GET http://localhost:9000/wp-json/wc/store/v1/products/1001 "HTTP/1.1 200 OK"
2026-09-25 22:37:22,108 INFO    HTTP Request: GET http://localhost:9000/wp-json/wc/store/v1/products/1001 "HTTP/1.1 200 OK"
2026-09-25 22:37:22,171 INFO    HTTP Request: GET http://localhost:9000/wp-json/wc/store/v1/products/1001 "HTTP/1.1 200 OK"
2026-09-25 22:37:22,180 INFO    HTTP Request: GET http://localhost:9000/wp-json/wc/store/v1/products/1001 "HTTP/1.1 200 OK"
2026-09-25 22:37:22,238 INFO    HTTP Request: GET http://localhost:9000/wp-json/wc/store/v1/products/1001 "HTTP/1.1 200 OK"
2026-09-25 22:37:22,241 INFO    HTTP Request: GET http://localhost:9000/wp-json/wc/store/v1/products/1001 "HTTP/1.1 200 OK"
2026-09-25 22:37:22,293 INFO    HTTP Request: GET http://localhost:9000/wp-json/wc/store/v1/products/1001 "HTTP/1.1 200 OK"
2026-09-25 22:37:22,295 INFO    HTTP Request: GET http://localhost:9000/wp-json/wc/store/v1/products/1001 "HTTP/1.1 200 OK"
2026-09-25 22:37:22,347 INFO    HTTP Request: GET http://localhost:9000/wp-json/wc/store/v1/products/1001 "HTTP/1.1 200 OK"
2026-09-25 22:37:22,354 INFO    HTTP Request: GET http://localhost:9000/wp-json/wc/store/v1/products/1001 "HTTP/1.1 200 OK"
2026-09-25 22:37:22,406 INFO    HTTP Request: GET http://localhost:9000/wp-json/wc/store/v1/products/1001 "HTTP/1.1 200 OK"
2026-09-25 22:37:22,409 INFO    HTTP Request: GET http://localhost:9000/wp-json/wc/store/v1/products/1001 "HTTP/1.1 200 OK"
2026-09-25 22:37:22,461 INFO    HTTP Request: GET http://localhost:9000/wp-json/wc/store/v1/products/1001 "HTTP/1.1 200 OK"
2026-09-25 22:37:22,463 INFO    HTTP Request: GET http://localhost:9000/wp-json/wc/store/v1/products/1001 "HTTP/1.1 200 OK"
2026-09-25 22:37:22,519 INFO    HTTP Request: GET http://localhost:9000/wp-json/wc/store/v1/products/1001 "HTTP/1.1 200 OK"
2026-09-25 22:37:22,523 INFO    HTTP Request: GET http://localhost:9000/wp-json/wc/store/v1/products/1001 "HTTP/1.1 200 OK"
2026-09-25 22:37:22,524 INFO    [1001] summary: mode=contest tail=300ms rem=14.4s reads=50 p50=4ms p95=9ms writes=15 p50=6ms p95=13ms prop=15 p50=50ms p95=51ms bids=15 last=1,605,000 current=1,605,000
2026-09-25 22:37:22,576 INFO    HTTP Request: GET http://localhost:9000/wp-json/wc/store/v1/products/1001 "HTTP/1.1 200 OK"
2026-09-25 22:37:22,579 INFO    HTTP Request: GET http://localhost:9000/wp-json/wc/store/v1/products/1001 "HTTP/1.1 200 OK"
2026-09-25 22:37:22,637 INFO    HTTP Request: GET http://localhost:9000/wp-json/wc/store/v1/products/1001 "HTTP/1.1 200 OK"
2026-09-25 22:37:22,640 INFO    HTTP Request: GET http://localhost:9000/wp-json/wc/store/v1/products/1001 "HTTP/1.1 200 OK"
2026-09-25 22:37:22,694 INFO    HTTP Request: GET http://localhost:9000/wp-json/wc/store/v1/products/1001 "HTTP/1.1 200 OK"
2026-09-25 22:37:22,704 INFO    HTTP Request: GET http://localhost:9000/wp-json/wc/store/v1/products/1001 "HTTP/1.1 200 OK"
2026-09-25 22:37:22,760 INFO    HTTP Request: GET http://localhost:9000/wp-json/wc/store/v1/products/1001 "HTTP/1.1 200 OK"
2026-09-25 22:37:22,764 INFO    HTTP Request: GET http://localhost:9000/wp-json/wc/store/v1/products/1001 "HTTP/1.1 200 OK"
2026-09-25 22:37:22,819 INFO    HTTP Request: GET http://localhost:9000/wp-json/wc/store/v1/products/1001 "HTTP/1.1 200 OK"
2026-09-25 22:37:22,822 INFO    HTTP Request: GET http://localhost:9000/wp-json/wc/store/v1/products/1001 "HTTP/1.1 200 OK"
2026-09-25 22:37:22,874 INFO    HTTP Request: GET http://localhost:9000/wp-json/wc/store/v1/products/1001 "HTTP/1.1 200 OK"
2026-09-25 22:37:22,876 INFO    HTTP Request: GET http://localhost:9000/wp-json/wc/store/v1/products/1001 "HTTP/1.1 200 OK"
2026-09-25 22:37:22,928 INFO    HTTP Request: GET http://localhost:9000/wp-json/wc/store/v1/products/1001 "HTTP/1.1 200 OK"
2026-09-25 22:37:22,930 INFO    HTTP Request: GET http://localhost:9000/wp-json/wc/store/v1/products/1001 "HTTP/1.1 200 OK"
2026-09-25 22:37:22,986 INFO    HTTP Request: GET http://localhost:9000/wp-json/wc/store/v1/products/1001 "HTTP/1.1 200 OK"
2026-09-25 22:37:22,989 INFO    HTTP Request: GET http://localhost:9000/wp-json/wc/store/v1/products/1001 "HTTP/1.1 200 OK"
2026-09-25 22:37:23,041 INFO    HTTP Request: GET http://localhost:9000/wp-json/wc/store/v1/products/1001 "HTTP/1.1 200 OK"
2026-09-25 22:37:23,043 INFO    HTTP Request: GET http://localhost:9000/wp-json/wc/store/v1/products/1001 "HTTP/1.1 200 OK"
2026-09-25 22:37:23,100 INFO    HTTP Request: GET http://localhost:9000/wp-json/wc/store/v1/products/1001 "HTTP/1.1 200 OK"
2026-09-25 22:37:23,114 INFO    HTTP Request: GET http://localhost:9000/wp-json/wc/store/v1/products/1001 "HTTP/1.1 200 OK"
2026-09-25 22:37:23,173 INFO    HTTP Request: GET http://localhost:9000/wp-json/wc/store/v1/products/1001 "HTTP/1.1 200 OK"
2026-09-25 22:37:23,176 INFO    HTTP Request: GET http://localhost:9000/wp-json/wc/store/v1/products/1001 "HTTP/1.1 200 OK"
2026-09-25 22:37:23,232 INFO    HTTP Request: GET http://localhost:9000/wp-json/wc/store/v1/products/1001 "HTTP/1.1 200 OK"
2026-09-25 22:37:23,248 INFO    HTTP Request: GET http://localhost:9000/wp-json/wc/store/v1/products/1001 "HTTP/1.1 200 OK"
2026-09-25 22:37:23,309 INFO    HTTP Request: GET http://localhost:9000/wp-json/wc/store/v1/products/1001 "HTTP/1.1 200 OK"
2026-09-25 22:37:23,311 INFO    HTTP Request: GET http://localhost:9000/wp-json/wc/store/v1/products/1001 "HTTP/1.1 200 OK"
2026-09-25 22:37:23,363 INFO    HTTP Request: GET http://localhost:9000/wp-json/wc/store/v1/products/1001 "HTTP/1.1 200 OK"
2026-09-25 22:37:23,369 INFO    HTTP Request: GET http://localhost:9000/wp-json/wc/store/v1/products/1001 "HTTP/1.1 200 OK"
2026-09-25 22:37:23,424 INFO    HTTP Request: GET http://localhost:9000/wp-json/wc/store/v1/products/1001 "HTTP/1.1 200 OK"
2026-09-25 22:37:23,426 INFO    HTTP Request: GET http://localhost:9000/wp-json/wc/store/v1/products/1001 "HTTP/1.1 200 OK"
2026-09-25 22:37:23,478 INFO    HTTP Request: GET http://localhost:9000/wp-json/wc/store/v1/products/1001 "HTTP/1.1 200 OK"
2026-09-25 22:37:23,488 INFO    HTTP Request: GET http://localhost:9000/wp-json/wc/store/v1/products/1001 "HTTP/1.1 200 OK"
2026-09-25 22:37:23,542 INFO    HTTP Request: GET http://localhost:9000/wp-json/wc/store/v1/products/1001 "HTTP/1.1 200 OK"
2026-09-25 22:37:23,544 INFO    HTTP Request: GET http://localhost:9000/wp-json/wc/store/v1/products/1001 "HTTP/1.1 200 OK"
2026-09-25 22:37:23,604 INFO    HTTP Request: GET http://localhost:9000/wp-json/wc/store/v1/products/1001 "HTTP/1.1 200 OK"
2026-09-25 22:37:23,613 INFO    HTTP Request: GET http://localhost:9000/wp-json/wc/store/v1/products/1001 "HTTP/1.1 200 OK"
2026-09-25 22:37:23,674 INFO    HTTP Request: GET http://localhost:9000/wp-json/wc/store/v1/products/1001 "HTTP/1.1 200 OK"
2026-09-25 22:37:23,677 INFO    HTTP Request: GET http://localhost:9000/wp-json/wc/store/v1/products/1001 "HTTP/1.1 200 OK"
2026-09-25 22:37:23,729 INFO    HTTP Request: GET http://localhost:9000/wp-json/wc/store/v1/products/1001 "HTTP/1.1 200 OK"
2026-09-25 22:37:23,736 INFO    HTTP Request: GET http://localhost:9000/wp-json/wc/store/v1/products/1001 "HTTP/1.1 200 OK"
2026-09-25 22:37:23,790 INFO    HTTP Request: GET http://localhost:9000/wp-json/wc/store/v1/products/1001 "HTTP/1.1 200 OK"
2026-09-25 22:37:23,792 INFO    HTTP Request: GET http://localhost:9000/wp-json/wc/store/v1/products/1001 "HTTP/1.1 200 OK"
2026-09-25 22:37:23,845 INFO    HTTP Request: GET http://localhost:9000/wp-json/wc/store/v1/products/1001 "HTTP/1.1 200 OK"
2026-09-25 22:37:23,851 INFO    HTTP Request: GET http://localhost:9000/wp-json/wc/store/v1/products/1001 "HTTP/1.1 200 OK"
2026-09-25 22:37:23,904 INFO    HTTP Request: GET http://localhost:9000/wp-json/wc/store/v1/products/1001 "HTTP/1.1 200 OK"
2026-09-25 22:37:23,906 INFO    HTTP Request: GET http://localhost:9000/wp-json/wc/store/v1/products/1001 "HTTP/1.1 200 OK"
2026-09-25 22:37:23,960 INFO    HTTP Request: GET http://localhost:9000/wp-json/wc/store/v1/products/1001 "HTTP/1.1 200 OK"
2026-09-25 22:37:23,962 INFO    HTTP Request: GET http://localhost:9000/wp-json/wc/store/v1/products/1001 "HTTP/1.1 200 OK"
2026-09-25 22:37:24,017 INFO    HTTP Request: GET http://localhost:9000/wp-json/wc/store/v1/products/1001 "HTTP/1.1 200 OK"
2026-09-25 22:37:24,022 INFO    HTTP Request: GET http://localhost:9000/wp-json/wc/store/v1/products/1001 "HTTP/1.1 200 OK"
2026-09-25 22:37:24,085 INFO    HTTP Request: GET http://localhost:9000/wp-json/wc/store/v1/products/1001 "HTTP/1.1 200 OK"
2026-09-25 22:37:24,093 INFO    HTTP Request: GET http://localhost:9000/wp-json/wc/store/v1/products/1001 "HTTP/1.1 200 OK"
2026-09-25 22:37:24,147 INFO    HTTP Request: GET http://localhost:9000/wp-json/wc/store/v1/products/1001 "HTTP/1.1 200 OK"
2026-09-25 22:37:24,153 INFO    HTTP Request: GET http://localhost:9000/wp-json/wc/store/v1/products/1001 "HTTP/1.1 200 OK"
2026-09-25 22:37:24,206 INFO    HTTP Request: GET http://localhost:9000/wp-json/wc/store/v1/products/1001 "HTTP/1.1 200 OK"
2026-09-25 22:37:24,209 INFO    HTTP Request: GET http://localhost:9000/wp-json/wc/store/v1/products/1001 "HTTP/1.1 200 OK"
2026-09-25 22:37:24,261 INFO    HTTP Request: GET http://localhost:9000/wp-json/wc/store/v1/products/1001 "HTTP/1.1 200 OK"
2026-09-25 22:37:24,263 INFO    HTTP Request: GET http://localhost:9000/wp-json/wc/store/v1/products/1001 "HTTP/1.1 200 OK"
2026-09-25 22:37:24,320 INFO    HTTP Request: GET http://localhost:9000/wp-json/wc/store/v1/products/1001 "HTTP/1.1 200 OK"
2026-09-25 22:37:24,322 INFO    HTTP Request: GET http://localhost:9000/wp-json/wc/store/v1/products/1001 "HTTP/1.1 200 OK"
2026-09-25 22:37:24,378 INFO    HTTP Request: GET http://localhost:9000/wp-json/wc/store/v1/products/1001 "HTTP/1.1 200 OK"
2026-09-25 22:37:24,387 INFO    HTTP Request: GET http://localhost:9000/wp-json/wc/store/v1/products/1001 "HTTP/1.1 200 OK"
2026-09-25 22:37:24,446 INFO    HTTP Request: GET http://localhost:9000/wp-json/wc/store/v1/products/1001 "HTTP/1.1 200 OK"
2026-09-25 22:37:24,458 INFO    HTTP Request: GET http://localhost:9000/wp-json/wc/store/v1/products/1001 "HTTP/1.1 200 OK"
2026-09-25 22:37:24,513 INFO    HTTP Request: GET http://localhost:9000/wp-json/wc/store/v1/products/1001 "HTTP/1.1 200 OK"
2026-09-25 22:37:24,520 INFO    HTTP Request: GET http://localhost:9000/wp-json/wc/store/v1/products/1001 "HTTP/1.1 200 OK"
2026-09-25 22:37:24,574 INFO    HTTP Request: GET http://localhost:9000/wp-json/wc/store/v1/products/1001 "HTTP/1.1 200 OK"
2026-09-25 22:37:24,577 INFO    HTTP Request: GET http://localhost:9000/wp-json/wc/store/v1/products/1001 "HTTP/1.1 200 OK"
2026-09-25 22:37:24,629 INFO    HTTP Request: GET http://localhost:9000/wp-json/wc/store/v1/products/1001 "HTTP/1.1 200 OK"
2026-09-25 22:37:24,633 INFO    HTTP Request: GET http://localhost:9000/wp-json/wc/store/v1/products/1001 "HTTP/1.1 200 OK"
2026-09-25 22:37:24,686 INFO    HTTP Request: GET http://localhost:9000/wp-json/wc/store/v1/products/1001 "HTTP/1.1 200 OK"
2026-09-25 22:37:24,688 INFO    HTTP Request: GET http://localhost:9000/wp-json/wc/store/v1/products/1001 "HTTP/1.1 200 OK"
2026-09-25 22:37:24,740 INFO    HTTP Request: GET http://localhost:9000/wp-json/wc/store/v1/products/1001 "HTTP/1.1 200 OK"
2026-09-25 22:37:24,743 INFO    HTTP Request: GET http://localhost:9000/wp-json/wc/store/v1/products/1001 "HTTP/1.1 200 OK"
2026-09-25 22:37:24,795 INFO    HTTP Request: GET http://localhost:9000/wp-json/wc/store/v1/products/1001 "HTTP/1.1 200 OK"
2026-09-25 22:37:24,798 INFO    HTTP Request: GET http://localhost:9000/wp-json/wc/store/v1/products/1001 "HTTP/1.1 200 OK"
2026-09-25 22:37:24,853 INFO    HTTP Request: GET http://localhost:9000/wp-json/wc/store/v1/products/1001 "HTTP/1.1 200 OK"
2026-09-25 22:37:24,856 INFO    HTTP Request: GET http://localhost:9000/wp-json/wc/store/v1/products/1001 "HTTP/1.1 200 OK"
2026-09-25 22:37:24,909 INFO    HTTP Request: GET http://localhost:9000/wp-json/wc/store/v1/products/1001 "HTTP/1.1 200 OK"
2026-09-25 22:37:24,911 INFO    HTTP Request: GET http://localhost:9000/wp-json/wc/store/v1/products/1001 "HTTP/1.1 200 OK"
2026-09-25 22:37:24,965 INFO    HTTP Request: GET http://localhost:9000/wp-json/wc/store/v1/products/1001 "HTTP/1.1 200 OK"
2026-09-25 22:37:24,971 INFO    HTTP Request: GET http://localhost:9000/wp-json/wc/store/v1/products/1001 "HTTP/1.1 200 OK"
2026-09-25 22:37:25,027 INFO    HTTP Request: GET http://localhost:9000/wp-json/wc/store/v1/products/1001 "HTTP/1.1 200 OK"
2026-09-25 22:37:25,035 INFO    HTTP Request: GET http://localhost:9000/wp-json/wc/store/v1/products/1001 "HTTP/1.1 200 OK"
2026-09-25 22:37:25,094 INFO    HTTP Request: GET http://localhost:9000/wp-json/wc/store/v1/products/1001 "HTTP/1.1 200 OK"
2026-09-25 22:37:25,105 INFO    HTTP Request: GET http://localhost:9000/wp-json/wc/store/v1/products/1001 "HTTP/1.1 200 OK"
2026-09-25 22:37:25,160 INFO    HTTP Request: GET http://localhost:9000/wp-json/wc/store/v1/products/1001 "HTTP/1.1 200 OK"
2026-09-25 22:37:25,162 INFO    HTTP Request: GET http://localhost:9000/wp-json/wc/store/v1/products/1001 "HTTP/1.1 200 OK"
2026-09-25 22:37:25,214 INFO    HTTP Request: GET http://localhost:9000/wp-json/wc/store/v1/products/1001 "HTTP/1.1 200 OK"
2026-09-25 22:37:25,220 INFO    HTTP Request: GET http://localhost:9000/wp-json/wc/store/v1/products/1001 "HTTP/1.1 200 OK"
2026-09-25 22:37:25,273 INFO    HTTP Request: GET http://localhost:9000/wp-json/wc/store/v1/products/1001 "HTTP/1.1 200 OK"
2026-09-25 22:37:25,275 INFO    HTTP Request: GET http://localhost:9000/wp-json/wc/store/v1/products/1001 "HTTP/1.1 200 OK"
2026-09-25 22:37:25,327 INFO    HTTP Request: GET http://localhost:9000/wp-json/wc/store/v1/products/1001 "HTTP/1.1 200 OK"
2026-09-25 22:37:25,329 INFO    HTTP Request: GET http://localhost:9000/wp-json/wc/store/v1/products/1001 "HTTP/1.1 200 OK"
2026-09-25 22:37:25,386 INFO    HTTP Request: GET http://localhost:9000/wp-json/wc/store/v1/products/1001 "HTTP/1.1 200 OK"
2026-09-25 22:37:25,388 INFO    HTTP Request: GET http://localhost:9000/wp-json/wc/store/v1/products/1001 "HTTP/1.1 200 OK"
2026-09-25 22:37:25,442 INFO    HTTP Request: GET http://localhost:9000/wp-json/wc/store/v1/products/1001 "HTTP/1.1 200 OK"
2026-09-25 22:37:25,444 INFO    HTTP Request: GET http://localhost:9000/wp-json/wc/store/v1/products/1001 "HTTP/1.1 200 OK"
2026-09-25 22:37:25,497 INFO    HTTP Request: GET http://localhost:9000/wp-json/wc/store/v1/products/1001 "HTTP/1.1 200 OK"
2026-09-25 22:37:25,501 INFO    HTTP Request: GET http://localhost:9000/wp-json/wc/store/v1/products/1001 "HTTP/1.1 200 OK"
2026-09-25 22:37:25,554 INFO    HTTP Request: GET http://localhost:9000/wp-json/wc/store/v1/products/1001 "HTTP/1.1 200 OK"
2026-09-25 22:37:25,557 INFO    HTTP Request: GET http://localhost:9000/wp-json/wc/store/v1/products/1001 "HTTP/1.1 200 OK"
2026-09-25 22:37:25,609 INFO    HTTP Request: GET http://localhost:9000/wp-json/wc/store/v1/products/1001 "HTTP/1.1 200 OK"
2026-09-25 22:37:25,612 INFO    HTTP Request: GET http://localhost:9000/wp-json/wc/store/v1/products/1001 "HTTP/1.1 200 OK"
2026-09-25 22:37:25,667 INFO    HTTP Request: GET http://localhost:9000/wp-json/wc/store/v1/products/1001 "HTTP/1.1 200 OK"
2026-09-25 22:37:25,671 INFO    HTTP Request: GET http://localhost:9000/wp-json/wc/store/v1/products/1001 "HTTP/1.1 200 OK"
2026-09-25 22:37:25,724 INFO    HTTP Request: GET http://localhost:9000/wp-json/wc/store/v1/products/1001 "HTTP/1.1 200 OK"
2026-09-25 22:37:25,727 INFO    HTTP Request: GET http://localhost:9000/wp-json/wc/store/v1/products/1001 "HTTP/1.1 200 OK"
2026-09-25 22:37:25,780 INFO    HTTP Request: GET http://localhost:9000/wp-json/wc/store/v1/products/1001 "HTTP/1.1 200 OK"
2026-09-25 22:37:25,784 INFO    HTTP Request: GET http://localhost:9000/wp-json/wc/store/v1/products/1001 "HTTP/1.1 200 OK"
2026-09-25 22:37:25,837 INFO    HTTP Request: GET http://localhost:9000/wp-json/wc/store/v1/products/1001 "HTTP/1.1 200 OK"
2026-09-25 22:37:25,840 INFO    HTTP Request: GET http://localhost:9000/wp-json/wc/store/v1/products/1001 "HTTP/1.1 200 OK"
2026-09-25 22:37:25,893 INFO    HTTP Request: GET http://localhost:9000/wp-json/wc/store/v1/products/1001 "HTTP/1.1 200 OK"
2026-09-25 22:37:25,896 INFO    HTTP Request: GET http://localhost:9000/wp-json/wc/store/v1/products/1001 "HTTP/1.1 200 OK"
2026-09-25 22:37:25,953 INFO    HTTP Request: GET http://localhost:9000/wp-json/wc/store/v1/products/1001 "HTTP/1.1 200 OK"
2026-09-25 22:37:25,956 INFO    HTTP Request: GET http://localhost:9000/wp-json/wc/store/v1/products/1001 "HTTP/1.1 200 OK"
2026-09-25 22:37:26,009 INFO    HTTP Request: GET http://localhost:9000/wp-json/wc/store/v1/products/1001 "HTTP/1.1 200 OK"
2026-09-25 22:37:26,012 INFO    HTTP Request: GET http://localhost:9000/wp-json/wc/store/v1/products/1001 "HTTP/1.1 200 OK"
2026-09-25 22:37:26,068 INFO    HTTP Request: GET http://localhost:9000/wp-json/wc/store/v1/products/1001 "HTTP/1.1 200 OK"
2026-09-25 22:37:26,072 INFO    HTTP Request: GET http://localhost:9000/wp-json/wc/store/v1/products/1001 "HTTP/1.1 200 OK"
2026-09-25 22:37:26,125 INFO    HTTP Request: GET http://localhost:9000/wp-json/wc/store/v1/products/1001 "HTTP/1.1 200 OK"
2026-09-25 22:37:26,128 INFO    HTTP Request: GET http://localhost:9000/wp-json/wc/store/v1/products/1001 "HTTP/1.1 200 OK"
2026-09-25 22:37:26,189 INFO    HTTP Request: GET http://localhost:9000/wp-json/wc/store/v1/products/1001 "HTTP/1.1 200 OK"
2026-09-25 22:37:26,195 INFO    HTTP Request: GET http://localhost:9000/wp-json/wc/store/v1/products/1001 "HTTP/1.1 200 OK"
2026-09-25 22:37:26,258 INFO    HTTP Request: GET http://localhost:9000/wp-json/wc/store/v1/products/1001 "HTTP/1.1 200 OK"
2026-09-25 22:37:26,262 INFO    HTTP Request: GET http://localhost:9000/wp-json/wc/store/v1/products/1001 "HTTP/1.1 200 OK"
2026-09-25 22:37:26,319 INFO    HTTP Request: GET http://localhost:9000/wp-json/wc/store/v1/products/1001 "HTTP/1.1 200 OK"
2026-09-25 22:37:26,322 INFO    HTTP Request: GET http://localhost:9000/wp-json/wc/store/v1/products/1001 "HTTP/1.1 200 OK"
2026-09-25 22:37:26,375 INFO    HTTP Request: GET http://localhost:9000/wp-json/wc/store/v1/products/1001 "HTTP/1.1 200 OK"
2026-09-25 22:37:26,379 INFO    HTTP Request: GET http://localhost:9000/wp-json/wc/store/v1/products/1001 "HTTP/1.1 200 OK"
2026-09-25 22:37:26,435 INFO    HTTP Request: GET http://localhost:9000/wp-json/wc/store/v1/products/1001 "HTTP/1.1 200 OK"
2026-09-25 22:37:26,438 INFO    HTTP Request: GET http://localhost:9000/wp-json/wc/store/v1/products/1001 "HTTP/1.1 200 OK"
2026-09-25 22:37:26,490 INFO    HTTP Request: GET http://localhost:9000/wp-json/wc/store/v1/products/1001 "HTTP/1.1 200 OK"
2026-09-25 22:37:26,493 INFO    HTTP Request: GET http://localhost:9000/wp-json/wc/store/v1/products/1001 "HTTP/1.1 200 OK"
2026-09-25 22:37:26,545 INFO    HTTP Request: GET http://localhost:9000/wp-json/wc/store/v1/products/1001 "HTTP/1.1 200 OK"
2026-09-25 22:37:26,549 INFO    HTTP Request: GET http://localhost:9000/wp-json/wc/store/v1/products/1001 "HTTP/1.1 200 OK"
2026-09-25 22:37:26,603 INFO    HTTP Request: GET http://localhost:9000/wp-json/wc/store/v1/products/1001 "HTTP/1.1 200 OK"
2026-09-25 22:37:26,606 INFO    HTTP Request: GET http://localhost:9000/wp-json/wc/store/v1/products/1001 "HTTP/1.1 200 OK"
2026-09-25 22:37:26,662 INFO    HTTP Request: GET http://localhost:9000/wp-json/wc/store/v1/products/1001 "HTTP/1.1 200 OK"
2026-09-25 22:37:26,667 INFO    HTTP Request: GET http://localhost:9000/wp-json/wc/store/v1/products/1001 "HTTP/1.1 200 OK"
2026-09-25 22:37:26,723 INFO    HTTP Request: GET http://localhost:9000/wp-json/wc/store/v1/products/1001 "HTTP/1.1 200 OK"
2026-09-25 22:37:26,730 INFO    HTTP Request: GET http://localhost:9000/wp-json/wc/store/v1/products/1001 "HTTP/1.1 200 OK"
2026-09-25 22:37:26,792 INFO    HTTP Request: GET http://localhost:9000/wp-json/wc/store/v1/products/1001 "HTTP/1.1 200 OK"
2026-09-25 22:37:26,813 INFO    HTTP Request: GET http://localhost:9000/wp-json/wc/store/v1/products/1001 "HTTP/1.1 200 OK"
2026-09-25 22:37:26,879 INFO    HTTP Request: GET http://localhost:9000/wp-json/wc/store/v1/products/1001 "HTTP/1.1 200 OK"
2026-09-25 22:37:26,886 INFO    HTTP Request: GET http://localhost:9000/wp-json/wc/store/v1/products/1001 "HTTP/1.1 200 OK"
2026-09-25 22:37:26,939 INFO    HTTP Request: GET http://localhost:9000/wp-json/wc/store/v1/products/1001 "HTTP/1.1 200 OK"
2026-09-25 22:37:26,941 INFO    HTTP Request: GET http://localhost:9000/wp-json/wc/store/v1/products/1001 "HTTP/1.1 200 OK"
2026-09-25 22:37:26,994 INFO    HTTP Request: GET http://localhost:9000/wp-json/wc/store/v1/products/1001 "HTTP/1.1 200 OK"
2026-09-25 22:37:26,996 INFO    HTTP Request: GET http://localhost:9000/wp-json/wc/store/v1/products/1001 "HTTP/1.1 200 OK"
2026-09-25 22:37:27,048 INFO    HTTP Request: GET http://localhost:9000/wp-json/wc/store/v1/products/1001 "HTTP/1.1 200 OK"
2026-09-25 22:37:27,051 INFO    HTTP Request: GET http://localhost:9000/wp-json/wc/store/v1/products/1001 "HTTP/1.1 200 OK"
2026-09-25 22:37:27,104 INFO    HTTP Request: GET http://localhost:9000/wp-json/wc/store/v1/products/1001 "HTTP/1.1 200 OK"
2026-09-25 22:37:27,106 INFO    HTTP Request: GET http://localhost:9000/wp-json/wc/store/v1/products/1001 "HTTP/1.1 200 OK"
2026-09-25 22:37:27,159 INFO    HTTP Request: GET http://localhost:9000/wp-json/wc/store/v1/products/1001 "HTTP/1.1 200 OK"
2026-09-25 22:37:27,161 INFO    HTTP Request: GET http://localhost:9000/wp-json/wc/store/v1/products/1001 "HTTP/1.1 200 OK"
2026-09-25 22:37:27,218 INFO    HTTP Request: GET http://localhost:9000/wp-json/wc/store/v1/products/1001 "HTTP/1.1 200 OK"
2026-09-25 22:37:27,221 INFO    HTTP Request: GET http://localhost:9000/wp-json/wc/store/v1/products/1001 "HTTP/1.1 200 OK"
2026-09-25 22:37:27,275 INFO    HTTP Request: GET http://localhost:9000/wp-json/wc/store/v1/products/1001 "HTTP/1.1 200 OK"
2026-09-25 22:37:27,278 INFO    HTTP Request: GET http://localhost:9000/wp-json/wc/store/v1/products/1001 "HTTP/1.1 200 OK"
2026-09-25 22:37:27,334 INFO    HTTP Request: GET http://localhost:9000/wp-json/wc/store/v1/products/1001 "HTTP/1.1 200 OK"
2026-09-25 22:37:27,338 INFO    HTTP Request: GET http://localhost:9000/wp-json/wc/store/v1/products/1001 "HTTP/1.1 200 OK"
2026-09-25 22:37:27,392 INFO    HTTP Request: GET http://localhost:9000/wp-json/wc/store/v1/products/1001 "HTTP/1.1 200 OK"
2026-09-25 22:37:27,395 INFO    HTTP Request: GET http://localhost:9000/wp-json/wc/store/v1/products/1001 "HTTP/1.1 200 OK"
2026-09-25 22:37:27,456 INFO    HTTP Request: GET http://localhost:9000/wp-json/wc/store/v1/products/1001 "HTTP/1.1 200 OK"
2026-09-25 22:37:27,462 INFO    HTTP Request: GET http://localhost:9000/wp-json/wc/store/v1/products/1001 "HTTP/1.1 200 OK"
2026-09-25 22:37:27,521 INFO    HTTP Request: GET http://localhost:9000/wp-json/wc/store/v1/products/1001 "HTTP/1.1 200 OK"
2026-09-25 22:37:27,526 INFO    HTTP Request: GET http://localhost:9000/wp-json/wc/store/v1/products/1001 "HTTP/1.1 200 OK"
2026-09-25 22:37:27,527 INFO    [1001] summary: mode=contest tail=300ms rem=9.4s reads=50 p50=4ms p95=11ms writes=15 p50=6ms p95=13ms prop=15 p50=50ms p95=51ms bids=15 last=1,605,000 current=1,605,000
2026-09-25 22:37:27,579 INFO    HTTP Request: GET http://localhost:9000/wp-json/wc/store/v1/products/1001 "HTTP/1.1 200 OK"
2026-09-25 22:37:27,587 INFO    HTTP Request: GET http://localhost:9000/wp-json/wc/store/v1/products/1001 "HTTP/1.1 200 OK"
2026-09-25 22:37:27,640 INFO    HTTP Request: GET http://localhost:9000/wp-json/wc/store/v1/products/1001 "HTTP/1.1 200 OK"
2026-09-25 22:37:27,642 INFO    HTTP Request: GET http://localhost:9000/wp-json/wc/store/v1/products/1001 "HTTP/1.1 200 OK"
2026-09-25 22:37:27,695 INFO    HTTP Request: GET http://localhost:9000/wp-json/wc/store/v1/products/1001 "HTTP/1.1 200 OK"
2026-09-25 22:37:27,697 INFO    HTTP Request: GET http://localhost:9000/wp-json/wc/store/v1/products/1001 "HTTP/1.1 200 OK"
2026-09-25 22:37:27,753 INFO    HTTP Request: GET http://localhost:9000/wp-json/wc/store/v1/products/1001 "HTTP/1.1 200 OK"
2026-09-25 22:37:27,757 INFO    HTTP Request: GET http://localhost:9000/wp-json/wc/store/v1/products/1001 "HTTP/1.1 200 OK"
2026-09-25 22:37:27,809 INFO    HTTP Request: GET http://localhost:9000/wp-json/wc/store/v1/products/1001 "HTTP/1.1 200 OK"
2026-09-25 22:37:27,812 INFO    HTTP Request: GET http://localhost:9000/wp-json/wc/store/v1/products/1001 "HTTP/1.1 200 OK"
2026-09-25 22:37:27,872 INFO    HTTP Request: GET http://localhost:9000/wp-json/wc/store/v1/products/1001 "HTTP/1.1 200 OK"
2026-09-25 22:37:27,879 INFO    HTTP Request: GET http://localhost:9000/wp-json/wc/store/v1/products/1001 "HTTP/1.1 200 OK"
2026-09-25 22:37:27,942 INFO    HTTP Request: GET http://localhost:9000/wp-json/wc/store/v1/products/1001 "HTTP/1.1 200 OK"
2026-09-25 22:37:27,960 INFO    HTTP Request: GET http://localhost:9000/wp-json/wc/store/v1/products/1001 "HTTP/1.1 200 OK"
2026-09-25 22:37:28,014 INFO    HTTP Request: GET http://localhost:9000/wp-json/wc/store/v1/products/1001 "HTTP/1.1 200 OK"
2026-09-25 22:37:28,021 INFO    HTTP Request: GET http://localhost:9000/wp-json/wc/store/v1/products/1001 "HTTP/1.1 200 OK"
2026-09-25 22:37:28,075 INFO    HTTP Request: GET http://localhost:9000/wp-json/wc/store/v1/products/1001 "HTTP/1.1 200 OK"
2026-09-25 22:37:28,078 INFO    HTTP Request: GET http://localhost:9000/wp-json/wc/store/v1/products/1001 "HTTP/1.1 200 OK"
2026-09-25 22:37:28,133 INFO    HTTP Request: GET http://localhost:9000/wp-json/wc/store/v1/products/1001 "HTTP/1.1 200 OK"
2026-09-25 22:37:28,140 INFO    HTTP Request: GET http://localhost:9000/wp-json/wc/store/v1/products/1001 "HTTP/1.1 200 OK"
2026-09-25 22:37:28,194 INFO    HTTP Request: GET http://localhost:9000/wp-json/wc/store/v1/products/1001 "HTTP/1.1 200 OK"
2026-09-25 22:37:28,197 INFO    HTTP Request: GET http://localhost:9000/wp-json/wc/store/v1/products/1001 "HTTP/1.1 200 OK"
2026-09-25 22:37:28,251 INFO    HTTP Request: GET http://localhost:9000/wp-json/wc/store/v1/products/1001 "HTTP/1.1 200 OK"
2026-09-25 22:37:28,255 INFO    HTTP Request: GET http://localhost:9000/wp-json/wc/store/v1/products/1001 "HTTP/1.1 200 OK"
2026-09-25 22:37:28,311 INFO    HTTP Request: GET http://localhost:9000/wp-json/wc/store/v1/products/1001 "HTTP/1.1 200 OK"
2026-09-25 22:37:28,318 INFO    HTTP Request: GET http://localhost:9000/wp-json/wc/store/v1/products/1001 "HTTP/1.1 200 OK"
2026-09-25 22:37:28,376 INFO    HTTP Request: GET http://localhost:9000/wp-json/wc/store/v1/products/1001 "HTTP/1.1 200 OK"
2026-09-25 22:37:28,389 INFO    HTTP Request: GET http://localhost:9000/wp-json/wc/store/v1/products/1001 "HTTP/1.1 200 OK"
2026-09-25 22:37:28,443 INFO    HTTP Request: GET http://localhost:9000/wp-json/wc/store/v1/products/1001 "HTTP/1.1 200 OK"
2026-09-25 22:37:28,445 INFO    HTTP Request: GET http://localhost:9000/wp-json/wc/store/v1/products/1001 "HTTP/1.1 200 OK"
2026-09-25 22:37:28,502 INFO    HTTP Request: GET http://localhost:9000/wp-json/wc/store/v1/products/1001 "HTTP/1.1 200 OK"
2026-09-25 22:37:28,505 INFO    HTTP Request: GET http://localhost:9000/wp-json/wc/store/v1/products/1001 "HTTP/1.1 200 OK"
2026-09-25 22:37:28,558 INFO    HTTP Request: GET http://localhost:9000/wp-json/wc/store/v1/products/1001 "HTTP/1.1 200 OK"
2026-09-25 22:37:28,561 INFO    HTTP Request: GET http://localhost:9000/wp-json/wc/store/v1/products/1001 "HTTP/1.1 200 OK"
2026-09-25 22:37:28,615 INFO    HTTP Request: GET http://localhost:9000/wp-json/wc/store/v1/products/1001 "HTTP/1.1 200 OK"
2026-09-25 22:37:28,621 INFO    HTTP Request: GET http://localhost:9000/wp-json/wc/store/v1/products/1001 "HTTP/1.1 200 OK"
2026-09-25 22:37:28,675 INFO    HTTP Request: GET http://localhost:9000/wp-json/wc/store/v1/products/1001 "HTTP/1.1 200 OK"
2026-09-25 22:37:28,678 INFO    HTTP Request: GET http://localhost:9000/wp-json/wc/store/v1/products/1001 "HTTP/1.1 200 OK"
2026-09-25 22:37:28,731 INFO    HTTP Request: GET http://localhost:9000/wp-json/wc/store/v1/products/1001 "HTTP/1.1 200 OK"
2026-09-25 22:37:28,736 INFO    HTTP Request: GET http://localhost:9000/wp-json/wc/store/v1/products/1001 "HTTP/1.1 200 OK"
2026-09-25 22:37:28,790 INFO    HTTP Request: GET http://localhost:9000/wp-json/wc/store/v1/products/1001 "HTTP/1.1 200 OK"
2026-09-25 22:37:28,793 INFO    HTTP Request: GET http://localhost:9000/wp-json/wc/store/v1/products/1001 "HTTP/1.1 200 OK"
2026-09-25 22:37:28,857 INFO    HTTP Request: GET http://localhost:9000/wp-json/wc/store/v1/products/1001 "HTTP/1.1 200 OK"
2026-09-25 22:37:28,867 INFO    HTTP Request: GET http://localhost:9000/wp-json/wc/store/v1/products/1001 "HTTP/1.1 200 OK"
2026-09-25 22:37:28,925 INFO    HTTP Request: GET http://localhost:9000/wp-json/wc/store/v1/products/1001 "HTTP/1.1 200 OK"
2026-09-25 22:37:28,931 INFO    HTTP Request: GET http://localhost:9000/wp-json/wc/store/v1/products/1001 "HTTP/1.1 200 OK"
2026-09-25 22:37:28,985 INFO    HTTP Request: GET http://localhost:9000/wp-json/wc/store/v1/products/1001 "HTTP/1.1 200 OK"
2026-09-25 22:37:28,988 INFO    HTTP Request: GET http://localhost:9000/wp-json/wc/store/v1/products/1001 "HTTP/1.1 200 OK"
2026-09-25 22:37:29,040 INFO    HTTP Request: GET http://localhost:9000/wp-json/wc/store/v1/products/1001 "HTTP/1.1 200 OK"
2026-09-25 22:37:29,042 INFO    HTTP Request: GET http://localhost:9000/wp-json/wc/store/v1/products/1001 "HTTP/1.1 200 OK"
2026-09-25 22:37:29,095 INFO    HTTP Request: GET http://localhost:9000/wp-json/wc/store/v1/products/1001 "HTTP/1.1 200 OK"
2026-09-25 22:37:29,097 INFO    HTTP Request: GET http://localhost:9000/wp-json/wc/store/v1/products/1001 "HTTP/1.1 200 OK"
2026-09-25 22:37:29,152 INFO    HTTP Request: GET http://localhost:9000/wp-json/wc/store/v1/products/1001 "HTTP/1.1 200 OK"
2026-09-25 22:37:29,155 INFO    HTTP Request: GET http://localhost:9000/wp-json/wc/store/v1/products/1001 "HTTP/1.1 200 OK"
2026-09-25 22:37:29,207 INFO    HTTP Request: GET http://localhost:9000/wp-json/wc/store/v1/products/1001 "HTTP/1.1 200 OK"
2026-09-25 22:37:29,209 INFO    HTTP Request: GET http://localhost:9000/wp-json/wc/store/v1/products/1001 "HTTP/1.1 200 OK"
2026-09-25 22:37:29,262 INFO    HTTP Request: GET http://localhost:9000/wp-json/wc/store/v1/products/1001 "HTTP/1.1 200 OK"
2026-09-25 22:37:29,266 INFO    HTTP Request: GET http://localhost:9000/wp-json/wc/store/v1/products/1001 "HTTP/1.1 200 OK"
2026-09-25 22:37:29,320 INFO    HTTP Request: GET http://localhost:9000/wp-json/wc/store/v1/products/1001 "HTTP/1.1 200 OK"
2026-09-25 22:37:29,323 INFO    HTTP Request: GET http://localhost:9000/wp-json/wc/store/v1/products/1001 "HTTP/1.1 200 OK"
2026-09-25 22:37:29,377 INFO    HTTP Request: GET http://localhost:9000/wp-json/wc/store/v1/products/1001 "HTTP/1.1 200 OK"
2026-09-25 22:37:29,380 INFO    HTTP Request: GET http://localhost:9000/wp-json/wc/store/v1/products/1001 "HTTP/1.1 200 OK"
2026-09-25 22:37:29,439 INFO    HTTP Request: GET http://localhost:9000/wp-json/wc/store/v1/products/1001 "HTTP/1.1 200 OK"
2026-09-25 22:37:29,446 INFO    HTTP Request: GET http://localhost:9000/wp-json/wc/store/v1/products/1001 "HTTP/1.1 200 OK"
2026-09-25 22:37:29,512 INFO    HTTP Request: GET http://localhost:9000/wp-json/wc/store/v1/products/1001 "HTTP/1.1 200 OK"
2026-09-25 22:37:29,526 INFO    HTTP Request: GET http://localhost:9000/wp-json/wc/store/v1/products/1001 "HTTP/1.1 200 OK"
2026-09-25 22:37:29,579 INFO    HTTP Request: GET http://localhost:9000/wp-json/wc/store/v1/products/1001 "HTTP/1.1 200 OK"
2026-09-25 22:37:29,587 INFO    HTTP Request: GET http://localhost:9000/wp-json/wc/store/v1/products/1001 "HTTP/1.1 200 OK"
2026-09-25 22:37:29,640 INFO    HTTP Request: GET http://localhost:9000/wp-json/wc/store/v1/products/1001 "HTTP/1.1 200 OK"
2026-09-25 22:37:29,643 INFO    HTTP Request: GET http://localhost:9000/wp-json/wc/store/v1/products/1001 "HTTP/1.1 200 OK"
2026-09-25 22:37:29,696 INFO    HTTP Request: GET http://localhost:9000/wp-json/wc/store/v1/products/1001 "HTTP/1.1 200 OK"
2026-09-25 22:37:29,701 INFO    HTTP Request: GET http://localhost:9000/wp-json/wc/store/v1/products/1001 "HTTP/1.1 200 OK"
2026-09-25 22:37:29,754 INFO    HTTP Request: GET http://localhost:9000/wp-json/wc/store/v1/products/1001 "HTTP/1.1 200 OK"
2026-09-25 22:37:29,756 INFO    HTTP Request: GET http://localhost:9000/wp-json/wc/store/v1/products/1001 "HTTP/1.1 200 OK"
2026-09-25 22:37:29,808 INFO    HTTP Request: GET http://localhost:9000/wp-json/wc/store/v1/products/1001 "HTTP/1.1 200 OK"
2026-09-25 22:37:29,810 INFO    HTTP Request: GET http://localhost:9000/wp-json/wc/store/v1/products/1001 "HTTP/1.1 200 OK"
2026-09-25 22:37:29,862 INFO    HTTP Request: GET http://localhost:9000/wp-json/wc/store/v1/products/1001 "HTTP/1.1 200 OK"
2026-09-25 22:37:29,867 INFO    HTTP Request: GET http://localhost:9000/wp-json/wc/store/v1/products/1001 "HTTP/1.1 200 OK"
2026-09-25 22:37:29,921 INFO    HTTP Request: GET http://localhost:9000/wp-json/wc/store/v1/products/1001 "HTTP/1.1 200 OK"
2026-09-25 22:37:29,923 INFO    HTTP Request: GET http://localhost:9000/wp-json/wc/store/v1/products/1001 "HTTP/1.1 200 OK"
2026-09-25 22:37:29,976 INFO    HTTP Request: GET http://localhost:9000/wp-json/wc/store/v1/products/1001 "HTTP/1.1 200 OK"
2026-09-25 22:37:29,978 INFO    HTTP Request: GET http://localhost:9000/wp-json/wc/store/v1/products/1001 "HTTP/1.1 200 OK"
2026-09-25 22:37:30,032 INFO    HTTP Request: GET http://localhost:9000/wp-json/wc/store/v1/products/1001 "HTTP/1.1 200 OK"
2026-09-25 22:37:30,037 INFO    HTTP Request: GET http://localhost:9000/wp-json/wc/store/v1/products/1001 "HTTP/1.1 200 OK"
2026-09-25 22:37:30,094 INFO    HTTP Request: GET http://localhost:9000/wp-json/wc/store/v1/products/1001 "HTTP/1.1 200 OK"
2026-09-25 22:37:30,098 INFO    HTTP Request: GET http://localhost:9000/wp-json/wc/store/v1/products/1001 "HTTP/1.1 200 OK"
2026-09-25 22:37:30,155 INFO    HTTP Request: GET http://localhost:9000/wp-json/wc/store/v1/products/1001 "HTTP/1.1 200 OK"
2026-09-25 22:37:30,159 INFO    HTTP Request: GET http://localhost:9000/wp-json/wc/store/v1/products/1001 "HTTP/1.1 200 OK"
2026-09-25 22:37:30,211 INFO    HTTP Request: GET http://localhost:9000/wp-json/wc/store/v1/products/1001 "HTTP/1.1 200 OK"
2026-09-25 22:37:30,215 INFO    HTTP Request: GET http://localhost:9000/wp-json/wc/store/v1/products/1001 "HTTP/1.1 200 OK"
2026-09-25 22:37:30,269 INFO    HTTP Request: GET http://localhost:9000/wp-json/wc/store/v1/products/1001 "HTTP/1.1 200 OK"
2026-09-25 22:37:30,272 INFO    HTTP Request: GET http://localhost:9000/wp-json/wc/store/v1/products/1001 "HTTP/1.1 200 OK"
2026-09-25 22:37:30,325 INFO    HTTP Request: GET http://localhost:9000/wp-json/wc/store/v1/products/1001 "HTTP/1.1 200 OK"
2026-09-25 22:37:30,328 INFO    HTTP Request: GET http://localhost:9000/wp-json/wc/store/v1/products/1001 "HTTP/1.1 200 OK"
2026-09-25 22:37:30,380 INFO    HTTP Request: GET http://localhost:9000/wp-json/wc/store/v1/products/1001 "HTTP/1.1 200 OK"
2026-09-25 22:37:30,388 INFO    HTTP Request: GET http://localhost:9000/wp-json/wc/store/v1/products/1001 "HTTP/1.1 200 OK"
2026-09-25 22:37:30,442 INFO    HTTP Request: GET http://localhost:9000/wp-json/wc/store/v1/products/1001 "HTTP/1.1 200 OK"
2026-09-25 22:37:30,445 INFO    HTTP Request: GET http://localhost:9000/wp-json/wc/store/v1/products/1001 "HTTP/1.1 200 OK"
2026-09-25 22:37:30,497 INFO    HTTP Request: GET http://localhost:9000/wp-json/wc/store/v1/products/1001 "HTTP/1.1 200 OK"
2026-09-25 22:37:30,504 INFO    HTTP Request: GET http://localhost:9000/wp-json/wc/store/v1/products/1001 "HTTP/1.1 200 OK"
2026-09-25 22:37:30,557 INFO    HTTP Request: GET http://localhost:9000/wp-json/wc/store/v1/products/1001 "HTTP/1.1 200 OK"
2026-09-25 22:37:30,559 INFO    HTTP Request: GET http://localhost:9000/wp-json/wc/store/v1/products/1001 "HTTP/1.1 200 OK"
2026-09-25 22:37:30,611 INFO    HTTP Request: GET http://localhost:9000/wp-json/wc/store/v1/products/1001 "HTTP/1.1 200 OK"
2026-09-25 22:37:30,613 INFO    HTTP Request: GET http://localhost:9000/wp-json/wc/store/v1/products/1001 "HTTP/1.1 200 OK"
2026-09-25 22:37:30,673 INFO    HTTP Request: GET http://localhost:9000/wp-json/wc/store/v1/products/1001 "HTTP/1.1 200 OK"
2026-09-25 22:37:30,677 INFO    HTTP Request: GET http://localhost:9000/wp-json/wc/store/v1/products/1001 "HTTP/1.1 200 OK"
2026-09-25 22:37:30,729 INFO    HTTP Request: GET http://localhost:9000/wp-json/wc/store/v1/products/1001 "HTTP/1.1 200 OK"
2026-09-25 22:37:30,736 INFO    HTTP Request: GET http://localhost:9000/wp-json/wc/store/v1/products/1001 "HTTP/1.1 200 OK"
2026-09-25 22:37:30,791 INFO    HTTP Request: GET http://localhost:9000/wp-json/wc/store/v1/products/1001 "HTTP/1.1 200 OK"
2026-09-25 22:37:30,793 INFO    HTTP Request: GET http://localhost:9000/wp-json/wc/store/v1/products/1001 "HTTP/1.1 200 OK"
2026-09-25 22:37:30,847 INFO    HTTP Request: GET http://localhost:9000/wp-json/wc/store/v1/products/1001 "HTTP/1.1 200 OK"
2026-09-25 22:37:30,853 INFO    HTTP Request: GET http://localhost:9000/wp-json/wc/store/v1/products/1001 "HTTP/1.1 200 OK"
2026-09-25 22:37:30,909 INFO    HTTP Request: GET http://localhost:9000/wp-json/wc/store/v1/products/1001 "HTTP/1.1 200 OK"
2026-09-25 22:37:30,913 INFO    HTTP Request: GET http://localhost:9000/wp-json/wc/store/v1/products/1001 "HTTP/1.1 200 OK"
2026-09-25 22:37:30,971 INFO    HTTP Request: GET http://localhost:9000/wp-json/wc/store/v1/products/1001 "HTTP/1.1 200 OK"
2026-09-25 22:37:30,977 INFO    HTTP Request: GET http://localhost:9000/wp-json/wc/store/v1/products/1001 "HTTP/1.1 200 OK"
2026-09-25 22:37:31,037 INFO    HTTP Request: GET http://localhost:9000/wp-json/wc/store/v1/products/1001 "HTTP/1.1 200 OK"
2026-09-25 22:37:31,048 INFO    HTTP Request: GET http://localhost:9000/wp-json/wc/store/v1/products/1001 "HTTP/1.1 200 OK"
2026-09-25 22:37:31,051 INFO    [1001] price 1,200,000 (my_last=1,605,000, bids=15, rem=5.9s)
2026-09-25 22:37:31,109 INFO    HTTP Request: GET http://localhost:9000/wp-json/wc/store/v1/products/1001 "HTTP/1.1 200 OK"
2026-09-25 22:37:31,112 INFO    HTTP Request: GET http://localhost:9000/wp-json/wc/store/v1/products/1001 "HTTP/1.1 200 OK"
2026-09-25 22:37:31,169 INFO    HTTP Request: GET http://localhost:9000/wp-json/wc/store/v1/products/1001 "HTTP/1.1 200 OK"
2026-09-25 22:37:31,175 INFO    HTTP Request: GET http://localhost:9000/wp-json/wc/store/v1/products/1001 "HTTP/1.1 200 OK"
2026-09-25 22:37:31,227 INFO    HTTP Request: GET http://localhost:9000/wp-json/wc/store/v1/products/1001 "HTTP/1.1 200 OK"
2026-09-25 22:37:31,229 INFO    HTTP Request: GET http://localhost:9000/wp-json/wc/store/v1/products/1001 "HTTP/1.1 200 OK"
2026-09-25 22:37:31,285 INFO    HTTP Request: GET http://localhost:9000/wp-json/wc/store/v1/products/1001 "HTTP/1.1 200 OK"
2026-09-25 22:37:31,289 INFO    HTTP Request: GET http://localhost:9000/wp-json/wc/store/v1/products/1001 "HTTP/1.1 200 OK"
2026-09-25 22:37:31,342 INFO    HTTP Request: GET http://localhost:9000/wp-json/wc/store/v1/products/1001 "HTTP/1.1 200 OK"
2026-09-25 22:37:31,344 INFO    HTTP Request: GET http://localhost:9000/wp-json/wc/store/v1/products/1001 "HTTP/1.1 200 OK"
2026-09-25 22:37:31,398 INFO    HTTP Request: GET http://localhost:9000/wp-json/wc/store/v1/products/1001 "HTTP/1.1 200 OK"
2026-09-25 22:37:31,405 INFO    HTTP Request: GET http://localhost:9000/wp-json/wc/store/v1/products/1001 "HTTP/1.1 200 OK"
2026-09-25 22:37:31,458 INFO    HTTP Request: GET http://localhost:9000/wp-json/wc/store/v1/products/1001 "HTTP/1.1 200 OK"
2026-09-25 22:37:31,460 INFO    HTTP Request: GET http://localhost:9000/wp-json/wc/store/v1/products/1001 "HTTP/1.1 200 OK"
2026-09-25 22:37:31,513 INFO    HTTP Request: GET http://localhost:9000/wp-json/wc/store/v1/products/1001 "HTTP/1.1 200 OK"
2026-09-25 22:37:31,518 INFO    HTTP Request: GET http://localhost:9000/wp-json/wc/store/v1/products/1001 "HTTP/1.1 200 OK"
2026-09-25 22:37:31,574 INFO    HTTP Request: GET http://localhost:9000/wp-json/wc/store/v1/products/1001 "HTTP/1.1 200 OK"
2026-09-25 22:37:31,576 INFO    HTTP Request: GET http://localhost:9000/wp-json/wc/store/v1/products/1001 "HTTP/1.1 200 OK"
2026-09-25 22:37:31,628 INFO    HTTP Request: GET http://localhost:9000/wp-json/wc/store/v1/products/1001 "HTTP/1.1 200 OK"
2026-09-25 22:37:31,633 INFO    HTTP Request: GET http://localhost:9000/wp-json/wc/store/v1/products/1001 "HTTP/1.1 200 OK"
2026-09-25 22:37:31,687 INFO    HTTP Request: GET http://localhost:9000/wp-json/wc/store/v1/products/1001 "HTTP/1.1 200 OK"
2026-09-25 22:37:31,690 INFO    HTTP Request: GET http://localhost:9000/wp-json/wc/store/v1/products/1001 "HTTP/1.1 200 OK"
2026-09-25 22:37:31,742 INFO    HTTP Request: GET http://localhost:9000/wp-json/wc/store/v1/products/1001 "HTTP/1.1 200 OK"
2026-09-25 22:37:31,745 INFO    HTTP Request: GET http://localhost:9000/wp-json/wc/store/v1/products/1001 "HTTP/1.1 200 OK"
2026-09-25 22:37:31,798 INFO    HTTP Request: GET http://localhost:9000/wp-json/wc/store/v1/products/1001 "HTTP/1.1 200 OK"
2026-09-25 22:37:31,805 INFO    HTTP Request: GET http://localhost:9000/wp-json/wc/store/v1/products/1001 "HTTP/1.1 200 OK"
2026-09-25 22:37:31,859 INFO    HTTP Request: GET http://localhost:9000/wp-json/wc/store/v1/products/1001 "HTTP/1.1 200 OK"
2026-09-25 22:37:31,861 INFO    HTTP Request: GET http://localhost:9000/wp-json/wc/store/v1/products/1001 "HTTP/1.1 200 OK"
2026-09-25 22:37:31,913 INFO    HTTP Request: GET http://localhost:9000/wp-json/wc/store/v1/products/1001 "HTTP/1.1 200 OK"
2026-09-25 22:37:31,921 INFO    HTTP Request: GET http://localhost:9000/wp-json/wc/store/v1/products/1001 "HTTP/1.1 200 OK"
2026-09-25 22:37:31,973 INFO    HTTP Request: GET http://localhost:9000/wp-json/wc/store/v1/products/1001 "HTTP/1.1 200 OK"
2026-09-25 22:37:31,975 INFO    HTTP Request: GET http://localhost:9000/wp-json/wc/store/v1/products/1001 "HTTP/1.1 200 OK"
2026-09-25 22:37:32,027 INFO    HTTP Request: GET http://localhost:9000/wp-json/wc/store/v1/products/1001 "HTTP/1.1 200 OK"
2026-09-25 22:37:32,029 INFO    HTTP Request: GET http://localhost:9000/wp-json/wc/store/v1/products/1001 "HTTP/1.1 200 OK"
2026-09-25 22:37:32,086 INFO    HTTP Request: GET http://localhost:9000/wp-json/wc/store/v1/products/1001 "HTTP/1.1 200 OK"
2026-09-25 22:37:32,088 INFO    HTTP Request: GET http://localhost:9000/wp-json/wc/store/v1/products/1001 "HTTP/1.1 200 OK"
2026-09-25 22:37:32,140 INFO    HTTP Request: GET http://localhost:9000/wp-json/wc/store/v1/products/1001 "HTTP/1.1 200 OK"
2026-09-25 22:37:32,143 INFO    HTTP Request: GET http://localhost:9000/wp-json/wc/store/v1/products/1001 "HTTP/1.1 200 OK"
2026-09-25 22:37:32,195 INFO    HTTP Request: GET http://localhost:9000/wp-json/wc/store/v1/products/1001 "HTTP/1.1 200 OK"
2026-09-25 22:37:32,197 INFO    HTTP Request: GET http://localhost:9000/wp-json/wc/store/v1/products/1001 "HTTP/1.1 200 OK"
2026-09-25 22:37:32,253 INFO    HTTP Request: GET http://localhost:9000/wp-json/wc/store/v1/products/1001 "HTTP/1.1 200 OK"
2026-09-25 22:37:32,255 INFO    HTTP Request: GET http://localhost:9000/wp-json/wc/store/v1/products/1001 "HTTP/1.1 200 OK"
2026-09-25 22:37:32,308 INFO    HTTP Request: GET http://localhost:9000/wp-json/wc/store/v1/products/1001 "HTTP/1.1 200 OK"
2026-09-25 22:37:32,311 INFO    HTTP Request: GET http://localhost:9000/wp-json/wc/store/v1/products/1001 "HTTP/1.1 200 OK"
2026-09-25 22:37:32,363 INFO    HTTP Request: GET http://localhost:9000/wp-json/wc/store/v1/products/1001 "HTTP/1.1 200 OK"
2026-09-25 22:37:32,367 INFO    HTTP Request: GET http://localhost:9000/wp-json/wc/store/v1/products/1001 "HTTP/1.1 200 OK"
2026-09-25 22:37:32,420 INFO    HTTP Request: GET http://localhost:9000/wp-json/wc/store/v1/products/1001 "HTTP/1.1 200 OK"
2026-09-25 22:37:32,423 INFO    HTTP Request: GET http://localhost:9000/wp-json/wc/store/v1/products/1001 "HTTP/1.1 200 OK"
2026-09-25 22:37:32,476 INFO    HTTP Request: GET http://localhost:9000/wp-json/wc/store/v1/products/1001 "HTTP/1.1 200 OK"
2026-09-25 22:37:32,479 INFO    HTTP Request: GET http://localhost:9000/wp-json/wc/store/v1/products/1001 "HTTP/1.1 200 OK"
2026-09-25 22:37:32,536 INFO    HTTP Request: GET http://localhost:9000/wp-json/wc/store/v1/products/1001 "HTTP/1.1 200 OK"
2026-09-25 22:37:32,539 INFO    HTTP Request: GET http://localhost:9000/wp-json/wc/store/v1/products/1001 "HTTP/1.1 200 OK"
2026-09-25 22:37:32,539 INFO    [1001] summary: mode=contest tail=300ms rem=4.4s reads=50 p50=3ms p95=6ms writes=15 p50=6ms p95=13ms prop=15 p50=50ms p95=51ms bids=15 last=1,605,000 current=1,200,000
2026-09-25 22:37:32,591 INFO    HTTP Request: GET http://localhost:9000/wp-json/wc/store/v1/products/1001 "HTTP/1.1 200 OK"
2026-09-25 22:37:32,594 INFO    HTTP Request: GET http://localhost:9000/wp-json/wc/store/v1/products/1001 "HTTP/1.1 200 OK"
2026-09-25 22:37:32,646 INFO    HTTP Request: GET http://localhost:9000/wp-json/wc/store/v1/products/1001 "HTTP/1.1 200 OK"
2026-09-25 22:37:32,651 INFO    HTTP Request: GET http://localhost:9000/wp-json/wc/store/v1/products/1001 "HTTP/1.1 200 OK"
2026-09-25 22:37:32,704 INFO    HTTP Request: GET http://localhost:9000/wp-json/wc/store/v1/products/1001 "HTTP/1.1 200 OK"
2026-09-25 22:37:32,707 INFO    HTTP Request: GET http://localhost:9000/wp-json/wc/store/v1/products/1001 "HTTP/1.1 200 OK"
2026-09-25 22:37:32,761 INFO    HTTP Request: GET http://localhost:9000/wp-json/wc/store/v1/products/1001 "HTTP/1.1 200 OK"
2026-09-25 22:37:32,766 INFO    HTTP Request: GET http://localhost:9000/wp-json/wc/store/v1/products/1001 "HTTP/1.1 200 OK"
2026-09-25 22:37:32,820 INFO    HTTP Request: GET http://localhost:9000/wp-json/wc/store/v1/products/1001 "HTTP/1.1 200 OK"
2026-09-25 22:37:32,823 INFO    HTTP Request: GET http://localhost:9000/wp-json/wc/store/v1/products/1001 "HTTP/1.1 200 OK"
2026-09-25 22:37:32,876 INFO    HTTP Request: GET http://localhost:9000/wp-json/wc/store/v1/products/1001 "HTTP/1.1 200 OK"
2026-09-25 22:37:32,879 INFO    HTTP Request: GET http://localhost:9000/wp-json/wc/store/v1/products/1001 "HTTP/1.1 200 OK"
2026-09-25 22:37:32,935 INFO    HTTP Request: GET http://localhost:9000/wp-json/wc/store/v1/products/1001 "HTTP/1.1 200 OK"
2026-09-25 22:37:32,938 INFO    HTTP Request: GET http://localhost:9000/wp-json/wc/store/v1/products/1001 "HTTP/1.1 200 OK"
2026-09-25 22:37:32,991 INFO    HTTP Request: GET http://localhost:9000/wp-json/wc/store/v1/products/1001 "HTTP/1.1 200 OK"
2026-09-25 22:37:32,993 INFO    HTTP Request: GET http://localhost:9000/wp-json/wc/store/v1/products/1001 "HTTP/1.1 200 OK"
2026-09-25 22:37:33,046 INFO    HTTP Request: GET http://localhost:9000/wp-json/wc/store/v1/products/1001 "HTTP/1.1 200 OK"
2026-09-25 22:37:33,052 INFO    HTTP Request: GET http://localhost:9000/wp-json/wc/store/v1/products/1001 "HTTP/1.1 200 OK"
2026-09-25 22:37:33,106 INFO    HTTP Request: GET http://localhost:9000/wp-json/wc/store/v1/products/1001 "HTTP/1.1 200 OK"
2026-09-25 22:37:33,109 INFO    HTTP Request: GET http://localhost:9000/wp-json/wc/store/v1/products/1001 "HTTP/1.1 200 OK"
2026-09-25 22:37:33,162 INFO    HTTP Request: GET http://localhost:9000/wp-json/wc/store/v1/products/1001 "HTTP/1.1 200 OK"
2026-09-25 22:37:33,166 INFO    HTTP Request: GET http://localhost:9000/wp-json/wc/store/v1/products/1001 "HTTP/1.1 200 OK"
2026-09-25 22:37:33,220 INFO    HTTP Request: GET http://localhost:9000/wp-json/wc/store/v1/products/1001 "HTTP/1.1 200 OK"
2026-09-25 22:37:33,222 INFO    HTTP Request: GET http://localhost:9000/wp-json/wc/store/v1/products/1001 "HTTP/1.1 200 OK"
2026-09-25 22:37:33,275 INFO    HTTP Request: GET http://localhost:9000/wp-json/wc/store/v1/products/1001 "HTTP/1.1 200 OK"
2026-09-25 22:37:33,278 INFO    HTTP Request: GET http://localhost:9000/wp-json/wc/store/v1/products/1001 "HTTP/1.1 200 OK"
2026-09-25 22:37:33,335 INFO    HTTP Request: GET http://localhost:9000/wp-json/wc/store/v1/products/1001 "HTTP/1.1 200 OK"
2026-09-25 22:37:33,338 INFO    HTTP Request: GET http://localhost:9000/wp-json/wc/store/v1/products/1001 "HTTP/1.1 200 OK"
2026-09-25 22:37:33,392 INFO    HTTP Request: GET http://localhost:9000/wp-json/wc/store/v1/products/1001 "HTTP/1.1 200 OK"
2026-09-25 22:37:33,394 INFO    HTTP Request: GET http://localhost:9000/wp-json/wc/store/v1/products/1001 "HTTP/1.1 200 OK"
2026-09-25 22:37:33,448 INFO    HTTP Request: GET http://localhost:9000/wp-json/wc/store/v1/products/1001 "HTTP/1.1 200 OK"
2026-09-25 22:37:33,455 INFO    HTTP Request: GET http://localhost:9000/wp-json/wc/store/v1/products/1001 "HTTP/1.1 200 OK"
2026-09-25 22:37:33,509 INFO    HTTP Request: GET http://localhost:9000/wp-json/wc/store/v1/products/1001 "HTTP/1.1 200 OK"
2026-09-25 22:37:33,511 INFO    HTTP Request: GET http://localhost:9000/wp-json/wc/store/v1/products/1001 "HTTP/1.1 200 OK"
2026-09-25 22:37:33,564 INFO    HTTP Request: GET http://localhost:9000/wp-json/wc/store/v1/products/1001 "HTTP/1.1 200 OK"
2026-09-25 22:37:33,573 INFO    HTTP Request: GET http://localhost:9000/wp-json/wc/store/v1/products/1001 "HTTP/1.1 200 OK"
2026-09-25 22:37:33,626 INFO    HTTP Request: GET http://localhost:9000/wp-json/wc/store/v1/products/1001 "HTTP/1.1 200 OK"
2026-09-25 22:37:33,631 INFO    HTTP Request: GET http://localhost:9000/wp-json/wc/store/v1/products/1001 "HTTP/1.1 200 OK"
2026-09-25 22:37:33,690 INFO    HTTP Request: GET http://localhost:9000/wp-json/wc/store/v1/products/1001 "HTTP/1.1 200 OK"
2026-09-25 22:37:33,692 INFO    HTTP Request: GET http://localhost:9000/wp-json/wc/store/v1/products/1001 "HTTP/1.1 200 OK"
2026-09-25 22:37:33,744 INFO    HTTP Request: GET http://localhost:9000/wp-json/wc/store/v1/products/1001 "HTTP/1.1 200 OK"
2026-09-25 22:37:33,746 INFO    HTTP Request: GET http://localhost:9000/wp-json/wc/store/v1/products/1001 "HTTP/1.1 200 OK"
2026-09-25 22:37:33,803 INFO    HTTP Request: GET http://localhost:9000/wp-json/wc/store/v1/products/1001 "HTTP/1.1 200 OK"
2026-09-25 22:37:33,806 INFO    HTTP Request: GET http://localhost:9000/wp-json/wc/store/v1/products/1001 "HTTP/1.1 200 OK"
2026-09-25 22:37:33,860 INFO    HTTP Request: GET http://localhost:9000/wp-json/wc/store/v1/products/1001 "HTTP/1.1 200 OK"
2026-09-25 22:37:33,862 INFO    HTTP Request: GET http://localhost:9000/wp-json/wc/store/v1/products/1001 "HTTP/1.1 200 OK"
2026-09-25 22:37:33,917 INFO    HTTP Request: GET http://localhost:9000/wp-json/wc/store/v1/products/1001 "HTTP/1.1 200 OK"
2026-09-25 22:37:33,921 INFO    HTTP Request: GET http://localhost:9000/wp-json/wc/store/v1/products/1001 "HTTP/1.1 200 OK"
2026-09-25 22:37:33,973 INFO    HTTP Request: GET http://localhost:9000/wp-json/wc/store/v1/products/1001 "HTTP/1.1 200 OK"
2026-09-25 22:37:33,975 INFO    HTTP Request: GET http://localhost:9000/wp-json/wc/store/v1/products/1001 "HTTP/1.1 200 OK"
2026-09-25 22:37:34,027 INFO    HTTP Request: GET http://localhost:9000/wp-json/wc/store/v1/products/1001 "HTTP/1.1 200 OK"
2026-09-25 22:37:34,030 INFO    HTTP Request: GET http://localhost:9000/wp-json/wc/store/v1/products/1001 "HTTP/1.1 200 OK"
2026-09-25 22:37:34,086 INFO    HTTP Request: GET http://localhost:9000/wp-json/wc/store/v1/products/1001 "HTTP/1.1 200 OK"
2026-09-25 22:37:34,088 INFO    HTTP Request: GET http://localhost:9000/wp-json/wc/store/v1/products/1001 "HTTP/1.1 200 OK"
2026-09-25 22:37:34,140 INFO    HTTP Request: GET http://localhost:9000/wp-json/wc/store/v1/products/1001 "HTTP/1.1 200 OK"
2026-09-25 22:37:34,142 INFO    HTTP Request: GET http://localhost:9000/wp-json/wc/store/v1/products/1001 "HTTP/1.1 200 OK"
2026-09-25 22:37:34,194 INFO    HTTP Request: GET http://localhost:9000/wp-json/wc/store/v1/products/1001 "HTTP/1.1 200 OK"
2026-09-25 22:37:34,196 INFO    HTTP Request: GET http://localhost:9000/wp-json/wc/store/v1/products/1001 "HTTP/1.1 200 OK"
2026-09-25 22:37:34,252 INFO    HTTP Request: GET http://localhost:9000/wp-json/wc/store/v1/products/1001 "HTTP/1.1 200 OK"
2026-09-25 22:37:34,255 INFO    HTTP Request: GET http://localhost:9000/wp-json/wc/store/v1/products/1001 "HTTP/1.1 200 OK"
2026-09-25 22:37:34,307 INFO    HTTP Request: GET http://localhost:9000/wp-json/wc/store/v1/products/1001 "HTTP/1.1 200 OK"
2026-09-25 22:37:34,309 INFO    HTTP Request: GET http://localhost:9000/wp-json/wc/store/v1/products/1001 "HTTP/1.1 200 OK"
2026-09-25 22:37:34,362 INFO    HTTP Request: GET http://localhost:9000/wp-json/wc/store/v1/products/1001 "HTTP/1.1 200 OK"
2026-09-25 22:37:34,364 INFO    HTTP Request: GET http://localhost:9000/wp-json/wc/store/v1/products/1001 "HTTP/1.1 200 OK"
2026-09-25 22:37:34,419 INFO    HTTP Request: GET http://localhost:9000/wp-json/wc/store/v1/products/1001 "HTTP/1.1 200 OK"
2026-09-25 22:37:34,422 INFO    HTTP Request: GET http://localhost:9000/wp-json/wc/store/v1/products/1001 "HTTP/1.1 200 OK"
2026-09-25 22:37:34,474 INFO    HTTP Request: GET http://localhost:9000/wp-json/wc/store/v1/products/1001 "HTTP/1.1 200 OK"
2026-09-25 22:37:34,476 INFO    HTTP Request: GET http://localhost:9000/wp-json/wc/store/v1/products/1001 "HTTP/1.1 200 OK"
2026-09-25 22:37:34,528 INFO    HTTP Request: GET http://localhost:9000/wp-json/wc/store/v1/products/1001 "HTTP/1.1 200 OK"
2026-09-25 22:37:34,531 INFO    HTTP Request: GET http://localhost:9000/wp-json/wc/store/v1/products/1001 "HTTP/1.1 200 OK"
2026-09-25 22:37:34,586 INFO    HTTP Request: GET http://localhost:9000/wp-json/wc/store/v1/products/1001 "HTTP/1.1 200 OK"
2026-09-25 22:37:34,588 INFO    HTTP Request: GET http://localhost:9000/wp-json/wc/store/v1/products/1001 "HTTP/1.1 200 OK"
2026-09-25 22:37:34,641 INFO    HTTP Request: GET http://localhost:9000/wp-json/wc/store/v1/products/1001 "HTTP/1.1 200 OK"
2026-09-25 22:37:34,643 INFO    HTTP Request: GET http://localhost:9000/wp-json/wc/store/v1/products/1001 "HTTP/1.1 200 OK"
2026-09-25 22:37:34,696 INFO    HTTP Request: GET http://localhost:9000/wp-json/wc/store/v1/products/1001 "HTTP/1.1 200 OK"
2026-09-25 22:37:34,704 INFO    HTTP Request: GET http://localhost:9000/wp-json/wc/store/v1/products/1001 "HTTP/1.1 200 OK"
2026-09-25 22:37:34,758 INFO    HTTP Request: GET http://localhost:9000/wp-json/wc/store/v1/products/1001 "HTTP/1.1 200 OK"
2026-09-25 22:37:34,760 INFO    HTTP Request: GET http://localhost:9000/wp-json/wc/store/v1/products/1001 "HTTP/1.1 200 OK"
2026-09-25 22:37:34,813 INFO    HTTP Request: GET http://localhost:9000/wp-json/wc/store/v1/products/1001 "HTTP/1.1 200 OK"
2026-09-25 22:37:34,820 INFO    HTTP Request: GET http://localhost:9000/wp-json/wc/store/v1/products/1001 "HTTP/1.1 200 OK"
2026-09-25 22:37:34,873 INFO    HTTP Request: GET http://localhost:9000/wp-json/wc/store/v1/products/1001 "HTTP/1.1 200 OK"
2026-09-25 22:37:34,876 INFO    HTTP Request: GET http://localhost:9000/wp-json/wc/store/v1/products/1001 "HTTP/1.1 200 OK"
2026-09-25 22:37:34,928 INFO    HTTP Request: GET http://localhost:9000/wp-json/wc/store/v1/products/1001 "HTTP/1.1 200 OK"
2026-09-25 22:37:34,932 INFO    HTTP Request: GET http://localhost:9000/wp-json/wc/store/v1/products/1001 "HTTP/1.1 200 OK"
2026-09-25 22:37:34,984 INFO    HTTP Request: GET http://localhost:9000/wp-json/wc/store/v1/products/1001 "HTTP/1.1 200 OK"
2026-09-25 22:37:34,987 INFO    HTTP Request: GET http://localhost:9000/wp-json/wc/store/v1/products/1001 "HTTP/1.1 200 OK"
2026-09-25 22:37:35,039 INFO    HTTP Request: GET http://localhost:9000/wp-json/wc/store/v1/products/1001 "HTTP/1.1 200 OK"
2026-09-25 22:37:35,041 INFO    HTTP Request: GET http://localhost:9000/wp-json/wc/store/v1/products/1001 "HTTP/1.1 200 OK"
2026-09-25 22:37:35,093 INFO    HTTP Request: GET http://localhost:9000/wp-json/wc/store/v1/products/1001 "HTTP/1.1 200 OK"
2026-09-25 22:37:35,095 INFO    HTTP Request: GET http://localhost:9000/wp-json/wc/store/v1/products/1001 "HTTP/1.1 200 OK"
2026-09-25 22:37:35,151 INFO    HTTP Request: GET http://localhost:9000/wp-json/wc/store/v1/products/1001 "HTTP/1.1 200 OK"
2026-09-25 22:37:35,154 INFO    HTTP Request: GET http://localhost:9000/wp-json/wc/store/v1/products/1001 "HTTP/1.1 200 OK"
2026-09-25 22:37:35,206 INFO    HTTP Request: GET http://localhost:9000/wp-json/wc/store/v1/products/1001 "HTTP/1.1 200 OK"
2026-09-25 22:37:35,208 INFO    HTTP Request: GET http://localhost:9000/wp-json/wc/store/v1/products/1001 "HTTP/1.1 200 OK"
2026-09-25 22:37:35,261 INFO    HTTP Request: GET http://localhost:9000/wp-json/wc/store/v1/products/1001 "HTTP/1.1 200 OK"
2026-09-25 22:37:35,263 INFO    HTTP Request: GET http://localhost:9000/wp-json/wc/store/v1/products/1001 "HTTP/1.1 200 OK"
2026-09-25 22:37:35,319 INFO    HTTP Request: GET http://localhost:9000/wp-json/wc/store/v1/products/1001 "HTTP/1.1 200 OK"
2026-09-25 22:37:35,321 INFO    HTTP Request: GET http://localhost:9000/wp-json/wc/store/v1/products/1001 "HTTP/1.1 200 OK"
2026-09-25 22:37:35,374 INFO    HTTP Request: GET http://localhost:9000/wp-json/wc/store/v1/products/1001 "HTTP/1.1 200 OK"
2026-09-25 22:37:35,377 INFO    HTTP Request: GET http://localhost:9000/wp-json/wc/store/v1/products/1001 "HTTP/1.1 200 OK"
2026-09-25 22:37:35,430 INFO    HTTP Request: GET http://localhost:9000/wp-json/wc/store/v1/products/1001 "HTTP/1.1 200 OK"
2026-09-25 22:37:35,435 INFO    HTTP Request: GET http://localhost:9000/wp-json/wc/store/v1/products/1001 "HTTP/1.1 200 OK"
2026-09-25 22:37:35,488 INFO    HTTP Request: GET http://localhost:9000/wp-json/wc/store/v1/products/1001 "HTTP/1.1 200 OK"
2026-09-25 22:37:35,491 INFO    HTTP Request: GET http://localhost:9000/wp-json/wc/store/v1/products/1001 "HTTP/1.1 200 OK"
2026-09-25 22:37:35,544 INFO    HTTP Request: GET http://localhost:9000/wp-json/wc/store/v1/products/1001 "HTTP/1.1 200 OK"
2026-09-25 22:37:35,547 INFO    HTTP Request: GET http://localhost:9000/wp-json/wc/store/v1/products/1001 "HTTP/1.1 200 OK"
2026-09-25 22:37:35,603 INFO    HTTP Request: GET http://localhost:9000/wp-json/wc/store/v1/products/1001 "HTTP/1.1 200 OK"
2026-09-25 22:37:35,605 INFO    HTTP Request: GET http://localhost:9000/wp-json/wc/store/v1/products/1001 "HTTP/1.1 200 OK"
2026-09-25 22:37:35,658 INFO    HTTP Request: GET http://localhost:9000/wp-json/wc/store/v1/products/1001 "HTTP/1.1 200 OK"
2026-09-25 22:37:35,660 INFO    HTTP Request: GET http://localhost:9000/wp-json/wc/store/v1/products/1001 "HTTP/1.1 200 OK"
2026-09-25 22:37:35,712 INFO    HTTP Request: GET http://localhost:9000/wp-json/wc/store/v1/products/1001 "HTTP/1.1 200 OK"
2026-09-25 22:37:35,716 INFO    HTTP Request: GET http://localhost:9000/wp-json/wc/store/v1/products/1001 "HTTP/1.1 200 OK"
2026-09-25 22:37:35,776 INFO    HTTP Request: GET http://localhost:9000/wp-json/wc/store/v1/products/1001 "HTTP/1.1 200 OK"
2026-09-25 22:37:35,787 INFO    HTTP Request: GET http://localhost:9000/wp-json/wc/store/v1/products/1001 "HTTP/1.1 200 OK"
2026-09-25 22:37:35,843 INFO    HTTP Request: GET http://localhost:9000/wp-json/wc/store/v1/products/1001 "HTTP/1.1 200 OK"
2026-09-25 22:37:35,846 INFO    HTTP Request: GET http://localhost:9000/wp-json/wc/store/v1/products/1001 "HTTP/1.1 200 OK"
2026-09-25 22:37:35,902 INFO    HTTP Request: GET http://localhost:9000/wp-json/wc/store/v1/products/1001 "HTTP/1.1 200 OK"
2026-09-25 22:37:35,904 INFO    HTTP Request: GET http://localhost:9000/wp-json/wc/store/v1/products/1001 "HTTP/1.1 200 OK"
2026-09-25 22:37:35,956 INFO    HTTP Request: GET http://localhost:9000/wp-json/wc/store/v1/products/1001 "HTTP/1.1 200 OK"
2026-09-25 22:37:35,958 INFO    HTTP Request: GET http://localhost:9000/wp-json/wc/store/v1/products/1001 "HTTP/1.1 200 OK"
2026-09-25 22:37:36,010 INFO    HTTP Request: GET http://localhost:9000/wp-json/wc/store/v1/products/1001 "HTTP/1.1 200 OK"
2026-09-25 22:37:36,013 INFO    HTTP Request: GET http://localhost:9000/wp-json/wc/store/v1/products/1001 "HTTP/1.1 200 OK"
2026-09-25 22:37:36,067 INFO    HTTP Request: GET http://localhost:9000/wp-json/wc/store/v1/products/1001 "HTTP/1.1 200 OK"
2026-09-25 22:37:36,069 INFO    HTTP Request: GET http://localhost:9000/wp-json/wc/store/v1/products/1001 "HTTP/1.1 200 OK"
2026-09-25 22:37:36,121 INFO    HTTP Request: GET http://localhost:9000/wp-json/wc/store/v1/products/1001 "HTTP/1.1 200 OK"
2026-09-25 22:37:36,124 INFO    HTTP Request: GET http://localhost:9000/wp-json/wc/store/v1/products/1001 "HTTP/1.1 200 OK"
2026-09-25 22:37:36,176 INFO    HTTP Request: GET http://localhost:9000/wp-json/wc/store/v1/products/1001 "HTTP/1.1 200 OK"
2026-09-25 22:37:36,178 INFO    HTTP Request: GET http://localhost:9000/wp-json/wc/store/v1/products/1001 "HTTP/1.1 200 OK"
2026-09-25 22:37:36,234 INFO    HTTP Request: GET http://localhost:9000/wp-json/wc/store/v1/products/1001 "HTTP/1.1 200 OK"
2026-09-25 22:37:36,237 INFO    HTTP Request: GET http://localhost:9000/wp-json/wc/store/v1/products/1001 "HTTP/1.1 200 OK"
2026-09-25 22:37:36,293 INFO    HTTP Request: GET http://localhost:9000/wp-json/wc/store/v1/products/1001 "HTTP/1.1 200 OK"
2026-09-25 22:37:36,301 INFO    HTTP Request: GET http://localhost:9000/wp-json/wc/store/v1/products/1001 "HTTP/1.1 200 OK"
2026-09-25 22:37:36,359 INFO    HTTP Request: GET http://localhost:9000/wp-json/wc/store/v1/products/1001 "HTTP/1.1 200 OK"
2026-09-25 22:37:36,369 INFO    HTTP Request: GET http://localhost:9000/wp-json/wc/store/v1/products/1001 "HTTP/1.1 200 OK"
2026-09-25 22:37:36,424 INFO    HTTP Request: GET http://localhost:9000/wp-json/wc/store/v1/products/1001 "HTTP/1.1 200 OK"
2026-09-25 22:37:36,426 INFO    HTTP Request: GET http://localhost:9000/wp-json/wc/store/v1/products/1001 "HTTP/1.1 200 OK"
2026-09-25 22:37:36,479 INFO    HTTP Request: GET http://localhost:9000/wp-json/wc/store/v1/products/1001 "HTTP/1.1 200 OK"
2026-09-25 22:37:36,486 INFO    HTTP Request: GET http://localhost:9000/wp-json/wc/store/v1/products/1001 "HTTP/1.1 200 OK"
2026-09-25 22:37:36,539 INFO    HTTP Request: GET http://localhost:9000/wp-json/wc/store/v1/products/1001 "HTTP/1.1 200 OK"
2026-09-25 22:37:36,541 INFO    HTTP Request: GET http://localhost:9000/wp-json/wc/store/v1/products/1001 "HTTP/1.1 200 OK"
2026-09-25 22:37:36,595 INFO    HTTP Request: GET http://localhost:9000/wp-json/wc/store/v1/products/1001 "HTTP/1.1 200 OK"
2026-09-25 22:37:36,599 INFO    HTTP Request: GET http://localhost:9000/wp-json/wc/store/v1/products/1001 "HTTP/1.1 200 OK"
2026-09-25 22:37:36,652 INFO    HTTP Request: GET http://localhost:9000/wp-json/wc/store/v1/products/1001 "HTTP/1.1 200 OK"
2026-09-25 22:37:36,654 INFO    HTTP Request: GET http://localhost:9000/wp-json/wc/store/v1/products/1001 "HTTP/1.1 200 OK"
2026-09-25 22:37:36,707 INFO    HTTP Request: GET http://localhost:9000/wp-json/wc/store/v1/products/1001 "HTTP/1.1 200 OK"
2026-09-25 22:37:36,709 INFO    HTTP Request: GET http://localhost:9000/wp-json/wc/store/v1/products/1001 "HTTP/1.1 200 OK"
2026-09-25 22:37:36,767 INFO    HTTP Request: GET http://localhost:9000/wp-json/wc/store/v1/products/1001 "HTTP/1.1 200 OK"
2026-09-25 22:37:36,774 INFO    HTTP Request: GET http://localhost:9000/wp-json/wc/store/v1/products/1001 "HTTP/1.1 200 OK"
2026-09-25 22:37:36,835 INFO    HTTP Request: GET http://localhost:9000/wp-json/wc/store/v1/products/1001 "HTTP/1.1 200 OK"
2026-09-25 22:37:36,844 INFO    HTTP Request: GET http://localhost:9000/wp-json/wc/store/v1/products/1001 "HTTP/1.1 200 OK"
2026-09-25 22:37:36,910 INFO    HTTP Request: GET http://localhost:9000/wp-json/wc/store/v1/products/1001 "HTTP/1.1 200 OK"
2026-09-25 22:37:36,918 INFO    HTTP Request: GET http://localhost:9000/wp-json/wc/store/v1/products/1001 "HTTP/1.1 200 OK"
2026-09-25 22:37:36,972 INFO    [1001] endgame done: bids=15 last_bid=1,605,000
2026-09-25 22:37:37,028 INFO    done
